ISO-10303-21;
HEADER;
FILE_DESCRIPTION(('Open CASCADE Model'),'2;1');
FILE_NAME('Open CASCADE Shape Model','2026-01-18T21:42:14',('Author'),(
'Open CASCADE'),'Open CASCADE STEP processor 7.8','Open CASCADE 7.8'
,'Unknown');
FILE_SCHEMA(('AUTOMOTIVE_DESIGN { 1 0 10303 214 1 1 1 1 }'));
ENDSEC;
DATA;
#1=APPLICATION_PROTOCOL_DEFINITION('international standard','automotive_design',2000,#2);
#2=APPLICATION_CONTEXT('core data for automotive mechanical design processes');
#3=SHAPE_DEFINITION_REPRESENTATION(#4,#10);
#4=PRODUCT_DEFINITION_SHAPE('','',#5);
#5=PRODUCT_DEFINITION('design','',#6,#9);
#6=PRODUCT_DEFINITION_FORMATION('','',#7);
#7=PRODUCT('Pico (SMD)','Pico (SMD)','',(#8));
#8=PRODUCT_CONTEXT('',#2,'mechanical');
#9=PRODUCT_DEFINITION_CONTEXT('part definition',#2,'design');
#10=SHAPE_REPRESENTATION('',(#11,#15,#17,#19,#22,#24,#26,#28,#30,#32,#34,#36,#38,#40,#42,#44,#46,#48,#50,#52,#54,#56,#58,#60,#62,#64,#66,#68,#70,#72,#74,#76,#78,#80,#82,#84,#86,#88,#90,#92,#94,#96,#98,#101,#103,#105),#107);
#11=AXIS2_PLACEMENT_3D('',#12,#13,#14);
#12=CARTESIAN_POINT('',(0.,0.,0.));
#13=DIRECTION('',(0.,0.,1.));
#14=DIRECTION('',(1.,0.,0.));
#15=AXIS2_PLACEMENT_3D('',#16,#13,#14);
#16=CARTESIAN_POINT('',(0.,0.,5.E-02));
#17=AXIS2_PLACEMENT_3D('',#18,#13,#14);
#18=CARTESIAN_POINT('',(-10.5,24.13,5.E-02));
#19=AXIS2_PLACEMENT_3D('',#20,#13,#21);
#20=CARTESIAN_POINT('',(10.5,24.13,5.E-02));
#21=DIRECTION('',(-1.,1.224646799147E-16,0.));
#22=AXIS2_PLACEMENT_3D('',#23,#13,#14);
#23=CARTESIAN_POINT('',(-10.5,21.59,5.E-02));
#24=AXIS2_PLACEMENT_3D('',#25,#13,#21);
#25=CARTESIAN_POINT('',(10.5,21.59,5.E-02));
#26=AXIS2_PLACEMENT_3D('',#27,#13,#14);
#27=CARTESIAN_POINT('',(-10.5,19.05,5.E-02));
#28=AXIS2_PLACEMENT_3D('',#29,#13,#21);
#29=CARTESIAN_POINT('',(10.5,19.05,5.E-02));
#30=AXIS2_PLACEMENT_3D('',#31,#13,#14);
#31=CARTESIAN_POINT('',(-10.5,16.51,5.E-02));
#32=AXIS2_PLACEMENT_3D('',#33,#13,#21);
#33=CARTESIAN_POINT('',(10.5,16.51,5.E-02));
#34=AXIS2_PLACEMENT_3D('',#35,#13,#14);
#35=CARTESIAN_POINT('',(-10.5,13.97,5.E-02));
#36=AXIS2_PLACEMENT_3D('',#37,#13,#21);
#37=CARTESIAN_POINT('',(10.5,13.97,5.E-02));
#38=AXIS2_PLACEMENT_3D('',#39,#13,#14);
#39=CARTESIAN_POINT('',(-10.5,11.43,5.E-02));
#40=AXIS2_PLACEMENT_3D('',#41,#13,#21);
#41=CARTESIAN_POINT('',(10.5,11.43,5.E-02));
#42=AXIS2_PLACEMENT_3D('',#43,#13,#14);
#43=CARTESIAN_POINT('',(-10.5,8.89,5.E-02));
#44=AXIS2_PLACEMENT_3D('',#45,#13,#21);
#45=CARTESIAN_POINT('',(10.5,8.89,5.E-02));
#46=AXIS2_PLACEMENT_3D('',#47,#13,#14);
#47=CARTESIAN_POINT('',(-10.5,6.35,5.E-02));
#48=AXIS2_PLACEMENT_3D('',#49,#13,#21);
#49=CARTESIAN_POINT('',(10.5,6.35,5.E-02));
#50=AXIS2_PLACEMENT_3D('',#51,#13,#14);
#51=CARTESIAN_POINT('',(-10.5,3.81,5.E-02));
#52=AXIS2_PLACEMENT_3D('',#53,#13,#21);
#53=CARTESIAN_POINT('',(10.5,3.81,5.E-02));
#54=AXIS2_PLACEMENT_3D('',#55,#13,#14);
#55=CARTESIAN_POINT('',(-10.5,1.27,5.E-02));
#56=AXIS2_PLACEMENT_3D('',#57,#13,#21);
#57=CARTESIAN_POINT('',(10.5,1.27,5.E-02));
#58=AXIS2_PLACEMENT_3D('',#59,#13,#14);
#59=CARTESIAN_POINT('',(-10.5,-1.27,5.E-02));
#60=AXIS2_PLACEMENT_3D('',#61,#13,#21);
#61=CARTESIAN_POINT('',(10.5,-1.27,5.E-02));
#62=AXIS2_PLACEMENT_3D('',#63,#13,#14);
#63=CARTESIAN_POINT('',(-10.5,-3.81,5.E-02));
#64=AXIS2_PLACEMENT_3D('',#65,#13,#21);
#65=CARTESIAN_POINT('',(10.5,-3.81,5.E-02));
#66=AXIS2_PLACEMENT_3D('',#67,#13,#14);
#67=CARTESIAN_POINT('',(-10.5,-6.35,5.E-02));
#68=AXIS2_PLACEMENT_3D('',#69,#13,#21);
#69=CARTESIAN_POINT('',(10.5,-6.35,5.E-02));
#70=AXIS2_PLACEMENT_3D('',#71,#13,#14);
#71=CARTESIAN_POINT('',(-10.5,-8.89,5.E-02));
#72=AXIS2_PLACEMENT_3D('',#73,#13,#21);
#73=CARTESIAN_POINT('',(10.5,-8.89,5.E-02));
#74=AXIS2_PLACEMENT_3D('',#75,#13,#14);
#75=CARTESIAN_POINT('',(-10.5,-11.43,5.E-02));
#76=AXIS2_PLACEMENT_3D('',#77,#13,#21);
#77=CARTESIAN_POINT('',(10.5,-11.43,5.E-02));
#78=AXIS2_PLACEMENT_3D('',#79,#13,#14);
#79=CARTESIAN_POINT('',(-10.5,-13.97,5.E-02));
#80=AXIS2_PLACEMENT_3D('',#81,#13,#21);
#81=CARTESIAN_POINT('',(10.5,-13.97,5.E-02));
#82=AXIS2_PLACEMENT_3D('',#83,#13,#14);
#83=CARTESIAN_POINT('',(-10.5,-16.51,5.E-02));
#84=AXIS2_PLACEMENT_3D('',#85,#13,#21);
#85=CARTESIAN_POINT('',(10.5,-16.51,5.E-02));
#86=AXIS2_PLACEMENT_3D('',#87,#13,#14);
#87=CARTESIAN_POINT('',(-10.5,-19.05,5.E-02));
#88=AXIS2_PLACEMENT_3D('',#89,#13,#21);
#89=CARTESIAN_POINT('',(10.5,-19.05,5.E-02));
#90=AXIS2_PLACEMENT_3D('',#91,#13,#14);
#91=CARTESIAN_POINT('',(-10.5,-21.59,5.E-02));
#92=AXIS2_PLACEMENT_3D('',#93,#13,#21);
#93=CARTESIAN_POINT('',(10.5,-21.59,5.E-02));
#94=AXIS2_PLACEMENT_3D('',#95,#13,#14);
#95=CARTESIAN_POINT('',(-10.5,-24.13,5.E-02));
#96=AXIS2_PLACEMENT_3D('',#97,#13,#21);
#97=CARTESIAN_POINT('',(10.5,-24.13,5.E-02));
#98=AXIS2_PLACEMENT_3D('',#99,#13,#100);
#99=CARTESIAN_POINT('',(-2.54,-25.5,5.E-02));
#100=DIRECTION('',(2.22044604925E-16,1.,0.));
#101=AXIS2_PLACEMENT_3D('',#102,#13,#100);
#102=CARTESIAN_POINT('',(0.,-25.5,5.E-02));
#103=AXIS2_PLACEMENT_3D('',#104,#13,#100);
#104=CARTESIAN_POINT('',(2.54,-25.5,5.E-02));
#105=AXIS2_PLACEMENT_3D('',#106,#13,#14);
#106=CARTESIAN_POINT('',(0.,21.,1.65));
#107=( GEOMETRIC_REPRESENTATION_CONTEXT(3)GLOBAL_UNCERTAINTY_ASSIGNED_CONTEXT((#111)) GLOBAL_UNIT_ASSIGNED_CONTEXT((#108,#109,#110)) REPRESENTATION_CONTEXT('Context #1','3D Context with UNIT and UNCERTAINTY') );
#108=( LENGTH_UNIT() NAMED_UNIT(*) SI_UNIT(.MILLI.,.METRE.) );
#109=( NAMED_UNIT(*) PLANE_ANGLE_UNIT() SI_UNIT($,.RADIAN.) );
#110=( NAMED_UNIT(*) SI_UNIT($,.STERADIAN.) SOLID_ANGLE_UNIT() );
#111=UNCERTAINTY_MEASURE_WITH_UNIT(LENGTH_MEASURE(1.E-07),#108,'distance_accuracy_value','confusion accuracy');
#112=PRODUCT_RELATED_PRODUCT_CATEGORY('part',$,(#7));
#113=SHAPE_DEFINITION_REPRESENTATION(#114,#119);
#114=PRODUCT_DEFINITION_SHAPE('','',#115);
#115=PRODUCT_DEFINITION('design','',#116,#118);
#116=PRODUCT_DEFINITION_FORMATION('','',#117);
#117=PRODUCT('PCB','PCB','',(#8));
#118=PRODUCT_DEFINITION_CONTEXT('part definition',#2,'design');
#119=ADVANCED_BREP_SHAPE_REPRESENTATION('',(#11,#120),#4205);
#120=MANIFOLD_SOLID_BREP('',#121);
#121=CLOSED_SHELL('',(#122,#150,#174,#198,#1234,#2267,#2278,#2290,#2302,#2313,#2325,#2337,#2346,#2357,#2369,#2381,#2390,#2401,#2413,#2425,#2434,#2445,#2457,#2469,#2478,#2489,#2501,#2513,#2521,#2532,#2543,#2555,#2567,#2576,#2587,#2599,#2611,#2620,#2631,#2643,#2655,#2663,#2672,#2683,#2695,#2707,#2716,#2727,#2739,#2751,#2760,#2771,#2783,#2795,#2804,#2815,#2827,#2839,#2848,#2859,#2871,#2883,#2892,#2903,#2915,#2927,#2936,#2947,#2959,#2971,#2980,#2991,#3003,#3015,#3024,#3035,#3047,#3059,#3068,#3079,#3091,#3103,#3112,#3123,#3135,#3147,#3156,#3167,#3179,#3191,#3200,#3211,#3223,#3235,#3244,#3255,#3267,#3279,#3288,#3299,#3311,#3323,#3332,#3343,#3355,#3367,#3376,#3387,#3399,#3411,#3420,#3431,#3443,#3455,#3464,#3475,#3487,#3499,#3508,#3519,#3528,#3540,#3552,#3561,#3572,#3584,#3596,#3605,#3616,#3628,#3640,#3649,#3660,#3672,#3684,#3693,#3704,#3716,#3728,#3737,#3748,#3760,#3772,#3781,#3792,#3804,#3816,#3825,#3836,#3848,#3860,#3869,#3880,#3892,#3904,#3913,#3924,#3936,#3948,#3957,#3968,#3980,#3992,#4001,#4012,#4024,#4036,#4045,#4056,#4068,#4080,#4089,#4100,#4112,#4124,#4133,#4144,#4156,#4165,#4175,#4185,#4195));
#122=ADVANCED_FACE('',(#123),#147,.T.);
#123=FACE_BOUND('',#124,.T.);
#124=EDGE_LOOP('',(#125,#133,#139,#144));
#125=ORIENTED_EDGE('',*,*,#126,.T.);
#126=EDGE_CURVE('',#127,#129,#131,.T.);
#127=VERTEX_POINT('',#128);
#128=CARTESIAN_POINT('',(-10.5,25.5,0.));
#129=VERTEX_POINT('',#130);
#130=CARTESIAN_POINT('',(-10.5,25.5,1.6));
#131=LINE('',#128,#132);
#132=VECTOR('',#13,1.);
#133=ORIENTED_EDGE('',*,*,#134,.T.);
#134=EDGE_CURVE('',#129,#135,#137,.T.);
#135=VERTEX_POINT('',#136);
#136=CARTESIAN_POINT('',(10.5,25.5,1.6));
#137=LINE('',#130,#138);
#138=VECTOR('',#14,1.);
#139=ORIENTED_EDGE('',*,*,#140,.F.);
#140=EDGE_CURVE('',#141,#135,#143,.T.);
#141=VERTEX_POINT('',#142);
#142=CARTESIAN_POINT('',(10.5,25.5,0.));
#143=LINE('',#142,#132);
#144=ORIENTED_EDGE('',*,*,#145,.F.);
#145=EDGE_CURVE('',#127,#141,#146,.T.);
#146=LINE('',#128,#138);
#147=PLANE('',#148);
#148=AXIS2_PLACEMENT_3D('',#128,#149,#14);
#149=DIRECTION('',(0.,1.,0.));
#150=ADVANCED_FACE('',(#151),#171,.T.);
#151=FACE_BOUND('',#152,.T.);
#152=EDGE_LOOP('',(#153,#160,#166,#170));
#153=ORIENTED_EDGE('',*,*,#154,.F.);
#154=EDGE_CURVE('',#155,#127,#157,.T.);
#155=VERTEX_POINT('',#156);
#156=CARTESIAN_POINT('',(-10.5,24.93,0.));
#157=LINE('',#158,#159);
#158=CARTESIAN_POINT('',(-10.5,-25.5,0.));
#159=VECTOR('',#149,1.);
#160=ORIENTED_EDGE('',*,*,#161,.T.);
#161=EDGE_CURVE('',#155,#162,#164,.T.);
#162=VERTEX_POINT('',#163);
#163=CARTESIAN_POINT('',(-10.5,24.93,1.6));
#164=LINE('',#165,#132);
#165=CARTESIAN_POINT('',(-10.5,24.93,-25.5000001));
#166=ORIENTED_EDGE('',*,*,#167,.T.);
#167=EDGE_CURVE('',#162,#129,#168,.T.);
#168=LINE('',#169,#159);
#169=CARTESIAN_POINT('',(-10.5,-25.5,1.6));
#170=ORIENTED_EDGE('',*,*,#126,.F.);
#171=PLANE('',#172);
#172=AXIS2_PLACEMENT_3D('',#158,#173,#149);
#173=DIRECTION('',(-1.,0.,0.));
#174=ADVANCED_FACE('',(#175),#196,.T.);
#175=FACE_BOUND('',#176,.T.);
#176=EDGE_LOOP('',(#177,#184,#185,#190));
#177=ORIENTED_EDGE('',*,*,#178,.F.);
#178=EDGE_CURVE('',#141,#179,#181,.T.);
#179=VERTEX_POINT('',#180);
#180=CARTESIAN_POINT('',(10.5,24.93,0.));
#181=LINE('',#142,#182);
#182=VECTOR('',#183,1.);
#183=DIRECTION('',(0.,-1.,0.));
#184=ORIENTED_EDGE('',*,*,#140,.T.);
#185=ORIENTED_EDGE('',*,*,#186,.T.);
#186=EDGE_CURVE('',#135,#187,#189,.T.);
#187=VERTEX_POINT('',#188);
#188=CARTESIAN_POINT('',(10.5,24.93,1.6));
#189=LINE('',#136,#182);
#190=ORIENTED_EDGE('',*,*,#191,.T.);
#191=EDGE_CURVE('',#187,#179,#192,.T.);
#192=LINE('',#193,#194);
#193=CARTESIAN_POINT('',(10.5,24.93,-25.50000015));
#194=VECTOR('',#195,1.);
#195=DIRECTION('',(0.,0.,-1.));
#196=PLANE('',#197);
#197=AXIS2_PLACEMENT_3D('',#142,#14,#183);
#198=ADVANCED_FACE('',(#199,#1196,#1205,#1214,#1223),#1232,.T.);
#199=FACE_BOUND('',#200,.T.);
#200=EDGE_LOOP('',(#201,#207,#213,#220,#227,#231,#237,#244,#250,#254,#260,#267,#273,#277,#283,#290,#296,#300,#306,#313,#319,#323,#329,#336,#342,#346,#352,#359,#365,#369,#375,#382,#388,#392,#398,#405,#411,#415,#421,#428,#434,#438,#444,#451,#457,#461,#467,#474,#480,#484,#490,#497,#503,#507,#513,#520,#526,#530,#536,#543,#547,#548,#549,#550,#556,#563,#569,#573,#579,#586,#592,#596,#602,#609,#615,#619,#625,#632,#638,#642,#648,#655,#661,#665,#671,#678,#684,#688,#694,#701,#707,#711,#717,#724,#730,#734,#740,#747,#753,#757,#763,#770,#776,#780,#786,#793,#799,#803,#809,#816,#822,#826,#832,#839,#845,#849,#855,#862,#868,#872,#878,#885,#891,#895,#901,#908,#914,#918,#924,#931,#937,#941,#947,#954,#960,#964,#970,#977,#983,#987,#993,#1000,#1006,#1010,#1015,#1021,#1028,#1034,#1038,#1044,#1051,#1057,#1061,#1067,#1074,#1080,#1083,#1087,#1093,#1100,#1106,#1110,#1116,#1123,#1129,#1133,#1139,#1146,#1152,#1156,#1162,#1169,#1175,#1179,#1185,#1192));
#201=ORIENTED_EDGE('',*,*,#202,.T.);
#202=EDGE_CURVE('',#203,#205,#157,.T.);
#203=VERTEX_POINT('',#204);
#204=CARTESIAN_POINT('',(-10.5,-13.17,0.));
#205=VERTEX_POINT('',#206);
#206=CARTESIAN_POINT('',(-10.5,-12.23,0.));
#207=ORIENTED_EDGE('',*,*,#208,.T.);
#208=EDGE_CURVE('',#205,#209,#211,.T.);
#209=VERTEX_POINT('',#210);
#210=CARTESIAN_POINT('',(-8.89,-12.23,0.));
#211=LINE('',#212,#138);
#212=CARTESIAN_POINT('',(-6.055,-12.23,0.));
#213=ORIENTED_EDGE('',*,*,#214,.T.);
#214=EDGE_CURVE('',#209,#215,#217,.T.);
#215=VERTEX_POINT('',#216);
#216=CARTESIAN_POINT('',(-8.89,-10.63,0.));
#217=CIRCLE('',#218,0.8);
#218=AXIS2_PLACEMENT_3D('',#219,#13,#183);
#219=CARTESIAN_POINT('',(-8.89,-11.43,0.));
#220=ORIENTED_EDGE('',*,*,#221,.T.);
#221=EDGE_CURVE('',#215,#222,#224,.T.);
#222=VERTEX_POINT('',#223);
#223=CARTESIAN_POINT('',(-10.5,-10.63,0.));
#224=LINE('',#225,#226);
#225=CARTESIAN_POINT('',(-4.445,-10.63,0.));
#226=VECTOR('',#173,1.);
#227=ORIENTED_EDGE('',*,*,#228,.T.);
#228=EDGE_CURVE('',#222,#229,#157,.T.);
#229=VERTEX_POINT('',#230);
#230=CARTESIAN_POINT('',(-10.5,-9.69,0.));
#231=ORIENTED_EDGE('',*,*,#232,.T.);
#232=EDGE_CURVE('',#229,#233,#235,.T.);
#233=VERTEX_POINT('',#234);
#234=CARTESIAN_POINT('',(-8.89,-9.69,0.));
#235=LINE('',#236,#138);
#236=CARTESIAN_POINT('',(-6.055,-9.69,0.));
#237=ORIENTED_EDGE('',*,*,#238,.T.);
#238=EDGE_CURVE('',#233,#239,#241,.T.);
#239=VERTEX_POINT('',#240);
#240=CARTESIAN_POINT('',(-8.89,-8.09,0.));
#241=CIRCLE('',#242,0.8);
#242=AXIS2_PLACEMENT_3D('',#243,#13,#183);
#243=CARTESIAN_POINT('',(-8.89,-8.89,0.));
#244=ORIENTED_EDGE('',*,*,#245,.T.);
#245=EDGE_CURVE('',#239,#246,#248,.T.);
#246=VERTEX_POINT('',#247);
#247=CARTESIAN_POINT('',(-10.5,-8.09,0.));
#248=LINE('',#249,#226);
#249=CARTESIAN_POINT('',(-4.445,-8.09,0.));
#250=ORIENTED_EDGE('',*,*,#251,.T.);
#251=EDGE_CURVE('',#246,#252,#157,.T.);
#252=VERTEX_POINT('',#253);
#253=CARTESIAN_POINT('',(-10.5,-7.15,0.));
#254=ORIENTED_EDGE('',*,*,#255,.T.);
#255=EDGE_CURVE('',#252,#256,#258,.T.);
#256=VERTEX_POINT('',#257);
#257=CARTESIAN_POINT('',(-8.89,-7.15,0.));
#258=LINE('',#259,#138);
#259=CARTESIAN_POINT('',(-6.055,-7.15,0.));
#260=ORIENTED_EDGE('',*,*,#261,.T.);
#261=EDGE_CURVE('',#256,#262,#264,.T.);
#262=VERTEX_POINT('',#263);
#263=CARTESIAN_POINT('',(-8.89,-5.55,0.));
#264=CIRCLE('',#265,0.8);
#265=AXIS2_PLACEMENT_3D('',#266,#13,#183);
#266=CARTESIAN_POINT('',(-8.89,-6.35,0.));
#267=ORIENTED_EDGE('',*,*,#268,.T.);
#268=EDGE_CURVE('',#262,#269,#271,.T.);
#269=VERTEX_POINT('',#270);
#270=CARTESIAN_POINT('',(-10.5,-5.55,0.));
#271=LINE('',#272,#226);
#272=CARTESIAN_POINT('',(-4.445,-5.55,0.));
#273=ORIENTED_EDGE('',*,*,#274,.T.);
#274=EDGE_CURVE('',#269,#275,#157,.T.);
#275=VERTEX_POINT('',#276);
#276=CARTESIAN_POINT('',(-10.5,-4.61,0.));
#277=ORIENTED_EDGE('',*,*,#278,.T.);
#278=EDGE_CURVE('',#275,#279,#281,.T.);
#279=VERTEX_POINT('',#280);
#280=CARTESIAN_POINT('',(-8.89,-4.61,0.));
#281=LINE('',#282,#138);
#282=CARTESIAN_POINT('',(-6.055,-4.61,0.));
#283=ORIENTED_EDGE('',*,*,#284,.T.);
#284=EDGE_CURVE('',#279,#285,#287,.T.);
#285=VERTEX_POINT('',#286);
#286=CARTESIAN_POINT('',(-8.89,-3.01,0.));
#287=CIRCLE('',#288,0.8);
#288=AXIS2_PLACEMENT_3D('',#289,#13,#183);
#289=CARTESIAN_POINT('',(-8.89,-3.81,0.));
#290=ORIENTED_EDGE('',*,*,#291,.T.);
#291=EDGE_CURVE('',#285,#292,#294,.T.);
#292=VERTEX_POINT('',#293);
#293=CARTESIAN_POINT('',(-10.5,-3.01,0.));
#294=LINE('',#295,#226);
#295=CARTESIAN_POINT('',(-4.445,-3.01,0.));
#296=ORIENTED_EDGE('',*,*,#297,.T.);
#297=EDGE_CURVE('',#292,#298,#157,.T.);
#298=VERTEX_POINT('',#299);
#299=CARTESIAN_POINT('',(-10.5,-2.07,0.));
#300=ORIENTED_EDGE('',*,*,#301,.T.);
#301=EDGE_CURVE('',#298,#302,#304,.T.);
#302=VERTEX_POINT('',#303);
#303=CARTESIAN_POINT('',(-8.89,-2.07,0.));
#304=LINE('',#305,#138);
#305=CARTESIAN_POINT('',(-6.055,-2.07,0.));
#306=ORIENTED_EDGE('',*,*,#307,.T.);
#307=EDGE_CURVE('',#302,#308,#310,.T.);
#308=VERTEX_POINT('',#309);
#309=CARTESIAN_POINT('',(-8.89,-0.47,0.));
#310=CIRCLE('',#311,0.8);
#311=AXIS2_PLACEMENT_3D('',#312,#13,#183);
#312=CARTESIAN_POINT('',(-8.89,-1.27,0.));
#313=ORIENTED_EDGE('',*,*,#314,.T.);
#314=EDGE_CURVE('',#308,#315,#317,.T.);
#315=VERTEX_POINT('',#316);
#316=CARTESIAN_POINT('',(-10.5,-0.47,0.));
#317=LINE('',#318,#226);
#318=CARTESIAN_POINT('',(-4.445,-0.47,0.));
#319=ORIENTED_EDGE('',*,*,#320,.T.);
#320=EDGE_CURVE('',#315,#321,#157,.T.);
#321=VERTEX_POINT('',#322);
#322=CARTESIAN_POINT('',(-10.5,0.47,0.));
#323=ORIENTED_EDGE('',*,*,#324,.T.);
#324=EDGE_CURVE('',#321,#325,#327,.T.);
#325=VERTEX_POINT('',#326);
#326=CARTESIAN_POINT('',(-8.89,0.47,0.));
#327=LINE('',#328,#138);
#328=CARTESIAN_POINT('',(-6.055,0.47,0.));
#329=ORIENTED_EDGE('',*,*,#330,.T.);
#330=EDGE_CURVE('',#325,#331,#333,.T.);
#331=VERTEX_POINT('',#332);
#332=CARTESIAN_POINT('',(-8.89,2.07,0.));
#333=CIRCLE('',#334,0.8);
#334=AXIS2_PLACEMENT_3D('',#335,#13,#183);
#335=CARTESIAN_POINT('',(-8.89,1.27,0.));
#336=ORIENTED_EDGE('',*,*,#337,.T.);
#337=EDGE_CURVE('',#331,#338,#340,.T.);
#338=VERTEX_POINT('',#339);
#339=CARTESIAN_POINT('',(-10.5,2.07,0.));
#340=LINE('',#341,#226);
#341=CARTESIAN_POINT('',(-4.445,2.07,0.));
#342=ORIENTED_EDGE('',*,*,#343,.T.);
#343=EDGE_CURVE('',#338,#344,#157,.T.);
#344=VERTEX_POINT('',#345);
#345=CARTESIAN_POINT('',(-10.5,3.01,0.));
#346=ORIENTED_EDGE('',*,*,#347,.T.);
#347=EDGE_CURVE('',#344,#348,#350,.T.);
#348=VERTEX_POINT('',#349);
#349=CARTESIAN_POINT('',(-8.89,3.01,0.));
#350=LINE('',#351,#138);
#351=CARTESIAN_POINT('',(-6.055,3.01,0.));
#352=ORIENTED_EDGE('',*,*,#353,.T.);
#353=EDGE_CURVE('',#348,#354,#356,.T.);
#354=VERTEX_POINT('',#355);
#355=CARTESIAN_POINT('',(-8.89,4.61,0.));
#356=CIRCLE('',#357,0.8);
#357=AXIS2_PLACEMENT_3D('',#358,#13,#183);
#358=CARTESIAN_POINT('',(-8.89,3.81,0.));
#359=ORIENTED_EDGE('',*,*,#360,.T.);
#360=EDGE_CURVE('',#354,#361,#363,.T.);
#361=VERTEX_POINT('',#362);
#362=CARTESIAN_POINT('',(-10.5,4.61,0.));
#363=LINE('',#364,#226);
#364=CARTESIAN_POINT('',(-4.445,4.61,0.));
#365=ORIENTED_EDGE('',*,*,#366,.T.);
#366=EDGE_CURVE('',#361,#367,#157,.T.);
#367=VERTEX_POINT('',#368);
#368=CARTESIAN_POINT('',(-10.5,5.55,0.));
#369=ORIENTED_EDGE('',*,*,#370,.T.);
#370=EDGE_CURVE('',#367,#371,#373,.T.);
#371=VERTEX_POINT('',#372);
#372=CARTESIAN_POINT('',(-8.89,5.55,0.));
#373=LINE('',#374,#138);
#374=CARTESIAN_POINT('',(-6.055,5.55,0.));
#375=ORIENTED_EDGE('',*,*,#376,.T.);
#376=EDGE_CURVE('',#371,#377,#379,.T.);
#377=VERTEX_POINT('',#378);
#378=CARTESIAN_POINT('',(-8.89,7.15,0.));
#379=CIRCLE('',#380,0.8);
#380=AXIS2_PLACEMENT_3D('',#381,#13,#183);
#381=CARTESIAN_POINT('',(-8.89,6.35,0.));
#382=ORIENTED_EDGE('',*,*,#383,.T.);
#383=EDGE_CURVE('',#377,#384,#386,.T.);
#384=VERTEX_POINT('',#385);
#385=CARTESIAN_POINT('',(-10.5,7.15,0.));
#386=LINE('',#387,#226);
#387=CARTESIAN_POINT('',(-4.445,7.15,0.));
#388=ORIENTED_EDGE('',*,*,#389,.T.);
#389=EDGE_CURVE('',#384,#390,#157,.T.);
#390=VERTEX_POINT('',#391);
#391=CARTESIAN_POINT('',(-10.5,8.09,0.));
#392=ORIENTED_EDGE('',*,*,#393,.T.);
#393=EDGE_CURVE('',#390,#394,#396,.T.);
#394=VERTEX_POINT('',#395);
#395=CARTESIAN_POINT('',(-8.89,8.09,0.));
#396=LINE('',#397,#138);
#397=CARTESIAN_POINT('',(-6.055,8.09,0.));
#398=ORIENTED_EDGE('',*,*,#399,.T.);
#399=EDGE_CURVE('',#394,#400,#402,.T.);
#400=VERTEX_POINT('',#401);
#401=CARTESIAN_POINT('',(-8.89,9.69,0.));
#402=CIRCLE('',#403,0.8);
#403=AXIS2_PLACEMENT_3D('',#404,#13,#183);
#404=CARTESIAN_POINT('',(-8.89,8.89,0.));
#405=ORIENTED_EDGE('',*,*,#406,.T.);
#406=EDGE_CURVE('',#400,#407,#409,.T.);
#407=VERTEX_POINT('',#408);
#408=CARTESIAN_POINT('',(-10.5,9.69,0.));
#409=LINE('',#410,#226);
#410=CARTESIAN_POINT('',(-4.445,9.69,0.));
#411=ORIENTED_EDGE('',*,*,#412,.T.);
#412=EDGE_CURVE('',#407,#413,#157,.T.);
#413=VERTEX_POINT('',#414);
#414=CARTESIAN_POINT('',(-10.5,10.63,0.));
#415=ORIENTED_EDGE('',*,*,#416,.T.);
#416=EDGE_CURVE('',#413,#417,#419,.T.);
#417=VERTEX_POINT('',#418);
#418=CARTESIAN_POINT('',(-8.89,10.63,0.));
#419=LINE('',#420,#138);
#420=CARTESIAN_POINT('',(-6.055,10.63,0.));
#421=ORIENTED_EDGE('',*,*,#422,.T.);
#422=EDGE_CURVE('',#417,#423,#425,.T.);
#423=VERTEX_POINT('',#424);
#424=CARTESIAN_POINT('',(-8.89,12.23,0.));
#425=CIRCLE('',#426,0.8);
#426=AXIS2_PLACEMENT_3D('',#427,#13,#183);
#427=CARTESIAN_POINT('',(-8.89,11.43,0.));
#428=ORIENTED_EDGE('',*,*,#429,.T.);
#429=EDGE_CURVE('',#423,#430,#432,.T.);
#430=VERTEX_POINT('',#431);
#431=CARTESIAN_POINT('',(-10.5,12.23,0.));
#432=LINE('',#433,#226);
#433=CARTESIAN_POINT('',(-4.445,12.23,0.));
#434=ORIENTED_EDGE('',*,*,#435,.T.);
#435=EDGE_CURVE('',#430,#436,#157,.T.);
#436=VERTEX_POINT('',#437);
#437=CARTESIAN_POINT('',(-10.5,13.17,0.));
#438=ORIENTED_EDGE('',*,*,#439,.T.);
#439=EDGE_CURVE('',#436,#440,#442,.T.);
#440=VERTEX_POINT('',#441);
#441=CARTESIAN_POINT('',(-8.89,13.17,0.));
#442=LINE('',#443,#138);
#443=CARTESIAN_POINT('',(-6.055,13.17,0.));
#444=ORIENTED_EDGE('',*,*,#445,.T.);
#445=EDGE_CURVE('',#440,#446,#448,.T.);
#446=VERTEX_POINT('',#447);
#447=CARTESIAN_POINT('',(-8.89,14.77,0.));
#448=CIRCLE('',#449,0.8);
#449=AXIS2_PLACEMENT_3D('',#450,#13,#183);
#450=CARTESIAN_POINT('',(-8.89,13.97,0.));
#451=ORIENTED_EDGE('',*,*,#452,.T.);
#452=EDGE_CURVE('',#446,#453,#455,.T.);
#453=VERTEX_POINT('',#454);
#454=CARTESIAN_POINT('',(-10.5,14.77,0.));
#455=LINE('',#456,#226);
#456=CARTESIAN_POINT('',(-4.445,14.77,0.));
#457=ORIENTED_EDGE('',*,*,#458,.T.);
#458=EDGE_CURVE('',#453,#459,#157,.T.);
#459=VERTEX_POINT('',#460);
#460=CARTESIAN_POINT('',(-10.5,15.71,0.));
#461=ORIENTED_EDGE('',*,*,#462,.T.);
#462=EDGE_CURVE('',#459,#463,#465,.T.);
#463=VERTEX_POINT('',#464);
#464=CARTESIAN_POINT('',(-8.89,15.71,0.));
#465=LINE('',#466,#138);
#466=CARTESIAN_POINT('',(-6.055,15.71,0.));
#467=ORIENTED_EDGE('',*,*,#468,.T.);
#468=EDGE_CURVE('',#463,#469,#471,.T.);
#469=VERTEX_POINT('',#470);
#470=CARTESIAN_POINT('',(-8.89,17.31,0.));
#471=CIRCLE('',#472,0.8);
#472=AXIS2_PLACEMENT_3D('',#473,#13,#183);
#473=CARTESIAN_POINT('',(-8.89,16.51,0.));
#474=ORIENTED_EDGE('',*,*,#475,.T.);
#475=EDGE_CURVE('',#469,#476,#478,.T.);
#476=VERTEX_POINT('',#477);
#477=CARTESIAN_POINT('',(-10.5,17.31,0.));
#478=LINE('',#479,#226);
#479=CARTESIAN_POINT('',(-4.445,17.31,0.));
#480=ORIENTED_EDGE('',*,*,#481,.T.);
#481=EDGE_CURVE('',#476,#482,#157,.T.);
#482=VERTEX_POINT('',#483);
#483=CARTESIAN_POINT('',(-10.5,18.25,0.));
#484=ORIENTED_EDGE('',*,*,#485,.T.);
#485=EDGE_CURVE('',#482,#486,#488,.T.);
#486=VERTEX_POINT('',#487);
#487=CARTESIAN_POINT('',(-8.89,18.25,0.));
#488=LINE('',#489,#138);
#489=CARTESIAN_POINT('',(-6.055,18.25,0.));
#490=ORIENTED_EDGE('',*,*,#491,.T.);
#491=EDGE_CURVE('',#486,#492,#494,.T.);
#492=VERTEX_POINT('',#493);
#493=CARTESIAN_POINT('',(-8.89,19.85,0.));
#494=CIRCLE('',#495,0.8);
#495=AXIS2_PLACEMENT_3D('',#496,#13,#183);
#496=CARTESIAN_POINT('',(-8.89,19.05,0.));
#497=ORIENTED_EDGE('',*,*,#498,.T.);
#498=EDGE_CURVE('',#492,#499,#501,.T.);
#499=VERTEX_POINT('',#500);
#500=CARTESIAN_POINT('',(-10.5,19.85,0.));
#501=LINE('',#502,#226);
#502=CARTESIAN_POINT('',(-4.445,19.85,0.));
#503=ORIENTED_EDGE('',*,*,#504,.T.);
#504=EDGE_CURVE('',#499,#505,#157,.T.);
#505=VERTEX_POINT('',#506);
#506=CARTESIAN_POINT('',(-10.5,20.79,0.));
#507=ORIENTED_EDGE('',*,*,#508,.T.);
#508=EDGE_CURVE('',#505,#509,#511,.T.);
#509=VERTEX_POINT('',#510);
#510=CARTESIAN_POINT('',(-8.89,20.79,0.));
#511=LINE('',#512,#138);
#512=CARTESIAN_POINT('',(-6.055,20.79,0.));
#513=ORIENTED_EDGE('',*,*,#514,.T.);
#514=EDGE_CURVE('',#509,#515,#517,.T.);
#515=VERTEX_POINT('',#516);
#516=CARTESIAN_POINT('',(-8.89,22.39,0.));
#517=CIRCLE('',#518,0.8);
#518=AXIS2_PLACEMENT_3D('',#519,#13,#183);
#519=CARTESIAN_POINT('',(-8.89,21.59,0.));
#520=ORIENTED_EDGE('',*,*,#521,.T.);
#521=EDGE_CURVE('',#515,#522,#524,.T.);
#522=VERTEX_POINT('',#523);
#523=CARTESIAN_POINT('',(-10.5,22.39,0.));
#524=LINE('',#525,#226);
#525=CARTESIAN_POINT('',(-4.445,22.39,0.));
#526=ORIENTED_EDGE('',*,*,#527,.T.);
#527=EDGE_CURVE('',#522,#528,#157,.T.);
#528=VERTEX_POINT('',#529);
#529=CARTESIAN_POINT('',(-10.5,23.33,0.));
#530=ORIENTED_EDGE('',*,*,#531,.T.);
#531=EDGE_CURVE('',#528,#532,#534,.T.);
#532=VERTEX_POINT('',#533);
#533=CARTESIAN_POINT('',(-8.89,23.33,0.));
#534=LINE('',#535,#138);
#535=CARTESIAN_POINT('',(-6.055,23.33,0.));
#536=ORIENTED_EDGE('',*,*,#537,.T.);
#537=EDGE_CURVE('',#532,#538,#540,.T.);
#538=VERTEX_POINT('',#539);
#539=CARTESIAN_POINT('',(-8.89,24.93,0.));
#540=CIRCLE('',#541,0.8);
#541=AXIS2_PLACEMENT_3D('',#542,#13,#183);
#542=CARTESIAN_POINT('',(-8.89,24.13,0.));
#543=ORIENTED_EDGE('',*,*,#544,.T.);
#544=EDGE_CURVE('',#538,#155,#545,.T.);
#545=LINE('',#546,#226);
#546=CARTESIAN_POINT('',(-4.445,24.93,0.));
#547=ORIENTED_EDGE('',*,*,#154,.T.);
#548=ORIENTED_EDGE('',*,*,#145,.T.);
#549=ORIENTED_EDGE('',*,*,#178,.T.);
#550=ORIENTED_EDGE('',*,*,#551,.T.);
#551=EDGE_CURVE('',#179,#552,#554,.T.);
#552=VERTEX_POINT('',#553);
#553=CARTESIAN_POINT('',(8.89,24.93,0.));
#554=LINE('',#555,#226);
#555=CARTESIAN_POINT('',(6.055,24.93,0.));
#556=ORIENTED_EDGE('',*,*,#557,.T.);
#557=EDGE_CURVE('',#552,#558,#560,.T.);
#558=VERTEX_POINT('',#559);
#559=CARTESIAN_POINT('',(8.89,23.33,0.));
#560=CIRCLE('',#561,0.8);
#561=AXIS2_PLACEMENT_3D('',#562,#13,#149);
#562=CARTESIAN_POINT('',(8.89,24.13,0.));
#563=ORIENTED_EDGE('',*,*,#564,.T.);
#564=EDGE_CURVE('',#558,#565,#567,.T.);
#565=VERTEX_POINT('',#566);
#566=CARTESIAN_POINT('',(10.5,23.33,0.));
#567=LINE('',#568,#138);
#568=CARTESIAN_POINT('',(4.445,23.33,0.));
#569=ORIENTED_EDGE('',*,*,#570,.T.);
#570=EDGE_CURVE('',#565,#571,#181,.T.);
#571=VERTEX_POINT('',#572);
#572=CARTESIAN_POINT('',(10.5,22.39,0.));
#573=ORIENTED_EDGE('',*,*,#574,.T.);
#574=EDGE_CURVE('',#571,#575,#577,.T.);
#575=VERTEX_POINT('',#576);
#576=CARTESIAN_POINT('',(8.89,22.39,0.));
#577=LINE('',#578,#226);
#578=CARTESIAN_POINT('',(6.055,22.39,0.));
#579=ORIENTED_EDGE('',*,*,#580,.T.);
#580=EDGE_CURVE('',#575,#581,#583,.T.);
#581=VERTEX_POINT('',#582);
#582=CARTESIAN_POINT('',(8.89,20.79,0.));
#583=CIRCLE('',#584,0.8);
#584=AXIS2_PLACEMENT_3D('',#585,#13,#149);
#585=CARTESIAN_POINT('',(8.89,21.59,0.));
#586=ORIENTED_EDGE('',*,*,#587,.T.);
#587=EDGE_CURVE('',#581,#588,#590,.T.);
#588=VERTEX_POINT('',#589);
#589=CARTESIAN_POINT('',(10.5,20.79,0.));
#590=LINE('',#591,#138);
#591=CARTESIAN_POINT('',(4.445,20.79,0.));
#592=ORIENTED_EDGE('',*,*,#593,.T.);
#593=EDGE_CURVE('',#588,#594,#181,.T.);
#594=VERTEX_POINT('',#595);
#595=CARTESIAN_POINT('',(10.5,19.85,0.));
#596=ORIENTED_EDGE('',*,*,#597,.T.);
#597=EDGE_CURVE('',#594,#598,#600,.T.);
#598=VERTEX_POINT('',#599);
#599=CARTESIAN_POINT('',(8.89,19.85,0.));
#600=LINE('',#601,#226);
#601=CARTESIAN_POINT('',(6.055,19.85,0.));
#602=ORIENTED_EDGE('',*,*,#603,.T.);
#603=EDGE_CURVE('',#598,#604,#606,.T.);
#604=VERTEX_POINT('',#605);
#605=CARTESIAN_POINT('',(8.89,18.25,0.));
#606=CIRCLE('',#607,0.8);
#607=AXIS2_PLACEMENT_3D('',#608,#13,#149);
#608=CARTESIAN_POINT('',(8.89,19.05,0.));
#609=ORIENTED_EDGE('',*,*,#610,.T.);
#610=EDGE_CURVE('',#604,#611,#613,.T.);
#611=VERTEX_POINT('',#612);
#612=CARTESIAN_POINT('',(10.5,18.25,0.));
#613=LINE('',#614,#138);
#614=CARTESIAN_POINT('',(4.445,18.25,0.));
#615=ORIENTED_EDGE('',*,*,#616,.T.);
#616=EDGE_CURVE('',#611,#617,#181,.T.);
#617=VERTEX_POINT('',#618);
#618=CARTESIAN_POINT('',(10.5,17.31,0.));
#619=ORIENTED_EDGE('',*,*,#620,.T.);
#620=EDGE_CURVE('',#617,#621,#623,.T.);
#621=VERTEX_POINT('',#622);
#622=CARTESIAN_POINT('',(8.89,17.31,0.));
#623=LINE('',#624,#226);
#624=CARTESIAN_POINT('',(6.055,17.31,0.));
#625=ORIENTED_EDGE('',*,*,#626,.T.);
#626=EDGE_CURVE('',#621,#627,#629,.T.);
#627=VERTEX_POINT('',#628);
#628=CARTESIAN_POINT('',(8.89,15.71,0.));
#629=CIRCLE('',#630,0.8);
#630=AXIS2_PLACEMENT_3D('',#631,#13,#149);
#631=CARTESIAN_POINT('',(8.89,16.51,0.));
#632=ORIENTED_EDGE('',*,*,#633,.T.);
#633=EDGE_CURVE('',#627,#634,#636,.T.);
#634=VERTEX_POINT('',#635);
#635=CARTESIAN_POINT('',(10.5,15.71,0.));
#636=LINE('',#637,#138);
#637=CARTESIAN_POINT('',(4.445,15.71,0.));
#638=ORIENTED_EDGE('',*,*,#639,.T.);
#639=EDGE_CURVE('',#634,#640,#181,.T.);
#640=VERTEX_POINT('',#641);
#641=CARTESIAN_POINT('',(10.5,14.77,0.));
#642=ORIENTED_EDGE('',*,*,#643,.T.);
#643=EDGE_CURVE('',#640,#644,#646,.T.);
#644=VERTEX_POINT('',#645);
#645=CARTESIAN_POINT('',(8.89,14.77,0.));
#646=LINE('',#647,#226);
#647=CARTESIAN_POINT('',(6.055,14.77,0.));
#648=ORIENTED_EDGE('',*,*,#649,.T.);
#649=EDGE_CURVE('',#644,#650,#652,.T.);
#650=VERTEX_POINT('',#651);
#651=CARTESIAN_POINT('',(8.89,13.17,0.));
#652=CIRCLE('',#653,0.8);
#653=AXIS2_PLACEMENT_3D('',#654,#13,#149);
#654=CARTESIAN_POINT('',(8.89,13.97,0.));
#655=ORIENTED_EDGE('',*,*,#656,.T.);
#656=EDGE_CURVE('',#650,#657,#659,.T.);
#657=VERTEX_POINT('',#658);
#658=CARTESIAN_POINT('',(10.5,13.17,0.));
#659=LINE('',#660,#138);
#660=CARTESIAN_POINT('',(4.445,13.17,0.));
#661=ORIENTED_EDGE('',*,*,#662,.T.);
#662=EDGE_CURVE('',#657,#663,#181,.T.);
#663=VERTEX_POINT('',#664);
#664=CARTESIAN_POINT('',(10.5,12.23,0.));
#665=ORIENTED_EDGE('',*,*,#666,.T.);
#666=EDGE_CURVE('',#663,#667,#669,.T.);
#667=VERTEX_POINT('',#668);
#668=CARTESIAN_POINT('',(8.89,12.23,0.));
#669=LINE('',#670,#226);
#670=CARTESIAN_POINT('',(6.055,12.23,0.));
#671=ORIENTED_EDGE('',*,*,#672,.T.);
#672=EDGE_CURVE('',#667,#673,#675,.T.);
#673=VERTEX_POINT('',#674);
#674=CARTESIAN_POINT('',(8.89,10.63,0.));
#675=CIRCLE('',#676,0.8);
#676=AXIS2_PLACEMENT_3D('',#677,#13,#149);
#677=CARTESIAN_POINT('',(8.89,11.43,0.));
#678=ORIENTED_EDGE('',*,*,#679,.T.);
#679=EDGE_CURVE('',#673,#680,#682,.T.);
#680=VERTEX_POINT('',#681);
#681=CARTESIAN_POINT('',(10.5,10.63,0.));
#682=LINE('',#683,#138);
#683=CARTESIAN_POINT('',(4.445,10.63,0.));
#684=ORIENTED_EDGE('',*,*,#685,.T.);
#685=EDGE_CURVE('',#680,#686,#181,.T.);
#686=VERTEX_POINT('',#687);
#687=CARTESIAN_POINT('',(10.5,9.69,0.));
#688=ORIENTED_EDGE('',*,*,#689,.T.);
#689=EDGE_CURVE('',#686,#690,#692,.T.);
#690=VERTEX_POINT('',#691);
#691=CARTESIAN_POINT('',(8.89,9.69,0.));
#692=LINE('',#693,#226);
#693=CARTESIAN_POINT('',(6.055,9.69,0.));
#694=ORIENTED_EDGE('',*,*,#695,.T.);
#695=EDGE_CURVE('',#690,#696,#698,.T.);
#696=VERTEX_POINT('',#697);
#697=CARTESIAN_POINT('',(8.89,8.09,0.));
#698=CIRCLE('',#699,0.8);
#699=AXIS2_PLACEMENT_3D('',#700,#13,#149);
#700=CARTESIAN_POINT('',(8.89,8.89,0.));
#701=ORIENTED_EDGE('',*,*,#702,.T.);
#702=EDGE_CURVE('',#696,#703,#705,.T.);
#703=VERTEX_POINT('',#704);
#704=CARTESIAN_POINT('',(10.5,8.09,0.));
#705=LINE('',#706,#138);
#706=CARTESIAN_POINT('',(4.445,8.09,0.));
#707=ORIENTED_EDGE('',*,*,#708,.T.);
#708=EDGE_CURVE('',#703,#709,#181,.T.);
#709=VERTEX_POINT('',#710);
#710=CARTESIAN_POINT('',(10.5,7.15,0.));
#711=ORIENTED_EDGE('',*,*,#712,.T.);
#712=EDGE_CURVE('',#709,#713,#715,.T.);
#713=VERTEX_POINT('',#714);
#714=CARTESIAN_POINT('',(8.89,7.15,0.));
#715=LINE('',#716,#226);
#716=CARTESIAN_POINT('',(6.055,7.15,0.));
#717=ORIENTED_EDGE('',*,*,#718,.T.);
#718=EDGE_CURVE('',#713,#719,#721,.T.);
#719=VERTEX_POINT('',#720);
#720=CARTESIAN_POINT('',(8.89,5.55,0.));
#721=CIRCLE('',#722,0.8);
#722=AXIS2_PLACEMENT_3D('',#723,#13,#149);
#723=CARTESIAN_POINT('',(8.89,6.35,0.));
#724=ORIENTED_EDGE('',*,*,#725,.T.);
#725=EDGE_CURVE('',#719,#726,#728,.T.);
#726=VERTEX_POINT('',#727);
#727=CARTESIAN_POINT('',(10.5,5.55,0.));
#728=LINE('',#729,#138);
#729=CARTESIAN_POINT('',(4.445,5.55,0.));
#730=ORIENTED_EDGE('',*,*,#731,.T.);
#731=EDGE_CURVE('',#726,#732,#181,.T.);
#732=VERTEX_POINT('',#733);
#733=CARTESIAN_POINT('',(10.5,4.61,0.));
#734=ORIENTED_EDGE('',*,*,#735,.T.);
#735=EDGE_CURVE('',#732,#736,#738,.T.);
#736=VERTEX_POINT('',#737);
#737=CARTESIAN_POINT('',(8.89,4.61,0.));
#738=LINE('',#739,#226);
#739=CARTESIAN_POINT('',(6.055,4.61,0.));
#740=ORIENTED_EDGE('',*,*,#741,.T.);
#741=EDGE_CURVE('',#736,#742,#744,.T.);
#742=VERTEX_POINT('',#743);
#743=CARTESIAN_POINT('',(8.89,3.01,0.));
#744=CIRCLE('',#745,0.8);
#745=AXIS2_PLACEMENT_3D('',#746,#13,#149);
#746=CARTESIAN_POINT('',(8.89,3.81,0.));
#747=ORIENTED_EDGE('',*,*,#748,.T.);
#748=EDGE_CURVE('',#742,#749,#751,.T.);
#749=VERTEX_POINT('',#750);
#750=CARTESIAN_POINT('',(10.5,3.01,0.));
#751=LINE('',#752,#138);
#752=CARTESIAN_POINT('',(4.445,3.01,0.));
#753=ORIENTED_EDGE('',*,*,#754,.T.);
#754=EDGE_CURVE('',#749,#755,#181,.T.);
#755=VERTEX_POINT('',#756);
#756=CARTESIAN_POINT('',(10.5,2.07,0.));
#757=ORIENTED_EDGE('',*,*,#758,.T.);
#758=EDGE_CURVE('',#755,#759,#761,.T.);
#759=VERTEX_POINT('',#760);
#760=CARTESIAN_POINT('',(8.89,2.07,0.));
#761=LINE('',#762,#226);
#762=CARTESIAN_POINT('',(6.055,2.07,0.));
#763=ORIENTED_EDGE('',*,*,#764,.T.);
#764=EDGE_CURVE('',#759,#765,#767,.T.);
#765=VERTEX_POINT('',#766);
#766=CARTESIAN_POINT('',(8.89,0.47,0.));
#767=CIRCLE('',#768,0.8);
#768=AXIS2_PLACEMENT_3D('',#769,#13,#149);
#769=CARTESIAN_POINT('',(8.89,1.27,0.));
#770=ORIENTED_EDGE('',*,*,#771,.T.);
#771=EDGE_CURVE('',#765,#772,#774,.T.);
#772=VERTEX_POINT('',#773);
#773=CARTESIAN_POINT('',(10.5,0.47,0.));
#774=LINE('',#775,#138);
#775=CARTESIAN_POINT('',(4.445,0.47,0.));
#776=ORIENTED_EDGE('',*,*,#777,.T.);
#777=EDGE_CURVE('',#772,#778,#181,.T.);
#778=VERTEX_POINT('',#779);
#779=CARTESIAN_POINT('',(10.5,-0.47,0.));
#780=ORIENTED_EDGE('',*,*,#781,.T.);
#781=EDGE_CURVE('',#778,#782,#784,.T.);
#782=VERTEX_POINT('',#783);
#783=CARTESIAN_POINT('',(8.89,-0.47,0.));
#784=LINE('',#785,#226);
#785=CARTESIAN_POINT('',(6.055,-0.47,0.));
#786=ORIENTED_EDGE('',*,*,#787,.T.);
#787=EDGE_CURVE('',#782,#788,#790,.T.);
#788=VERTEX_POINT('',#789);
#789=CARTESIAN_POINT('',(8.89,-2.07,0.));
#790=CIRCLE('',#791,0.8);
#791=AXIS2_PLACEMENT_3D('',#792,#13,#149);
#792=CARTESIAN_POINT('',(8.89,-1.27,0.));
#793=ORIENTED_EDGE('',*,*,#794,.T.);
#794=EDGE_CURVE('',#788,#795,#797,.T.);
#795=VERTEX_POINT('',#796);
#796=CARTESIAN_POINT('',(10.5,-2.07,0.));
#797=LINE('',#798,#138);
#798=CARTESIAN_POINT('',(4.445,-2.07,0.));
#799=ORIENTED_EDGE('',*,*,#800,.T.);
#800=EDGE_CURVE('',#795,#801,#181,.T.);
#801=VERTEX_POINT('',#802);
#802=CARTESIAN_POINT('',(10.5,-3.01,0.));
#803=ORIENTED_EDGE('',*,*,#804,.T.);
#804=EDGE_CURVE('',#801,#805,#807,.T.);
#805=VERTEX_POINT('',#806);
#806=CARTESIAN_POINT('',(8.89,-3.01,0.));
#807=LINE('',#808,#226);
#808=CARTESIAN_POINT('',(6.055,-3.01,0.));
#809=ORIENTED_EDGE('',*,*,#810,.T.);
#810=EDGE_CURVE('',#805,#811,#813,.T.);
#811=VERTEX_POINT('',#812);
#812=CARTESIAN_POINT('',(8.89,-4.61,0.));
#813=CIRCLE('',#814,0.8);
#814=AXIS2_PLACEMENT_3D('',#815,#13,#149);
#815=CARTESIAN_POINT('',(8.89,-3.81,0.));
#816=ORIENTED_EDGE('',*,*,#817,.T.);
#817=EDGE_CURVE('',#811,#818,#820,.T.);
#818=VERTEX_POINT('',#819);
#819=CARTESIAN_POINT('',(10.5,-4.61,0.));
#820=LINE('',#821,#138);
#821=CARTESIAN_POINT('',(4.445,-4.61,0.));
#822=ORIENTED_EDGE('',*,*,#823,.T.);
#823=EDGE_CURVE('',#818,#824,#181,.T.);
#824=VERTEX_POINT('',#825);
#825=CARTESIAN_POINT('',(10.5,-5.55,0.));
#826=ORIENTED_EDGE('',*,*,#827,.T.);
#827=EDGE_CURVE('',#824,#828,#830,.T.);
#828=VERTEX_POINT('',#829);
#829=CARTESIAN_POINT('',(8.89,-5.55,0.));
#830=LINE('',#831,#226);
#831=CARTESIAN_POINT('',(6.055,-5.55,0.));
#832=ORIENTED_EDGE('',*,*,#833,.T.);
#833=EDGE_CURVE('',#828,#834,#836,.T.);
#834=VERTEX_POINT('',#835);
#835=CARTESIAN_POINT('',(8.89,-7.15,0.));
#836=CIRCLE('',#837,0.8);
#837=AXIS2_PLACEMENT_3D('',#838,#13,#149);
#838=CARTESIAN_POINT('',(8.89,-6.35,0.));
#839=ORIENTED_EDGE('',*,*,#840,.T.);
#840=EDGE_CURVE('',#834,#841,#843,.T.);
#841=VERTEX_POINT('',#842);
#842=CARTESIAN_POINT('',(10.5,-7.15,0.));
#843=LINE('',#844,#138);
#844=CARTESIAN_POINT('',(4.445,-7.15,0.));
#845=ORIENTED_EDGE('',*,*,#846,.T.);
#846=EDGE_CURVE('',#841,#847,#181,.T.);
#847=VERTEX_POINT('',#848);
#848=CARTESIAN_POINT('',(10.5,-8.09,0.));
#849=ORIENTED_EDGE('',*,*,#850,.T.);
#850=EDGE_CURVE('',#847,#851,#853,.T.);
#851=VERTEX_POINT('',#852);
#852=CARTESIAN_POINT('',(8.89,-8.09,0.));
#853=LINE('',#854,#226);
#854=CARTESIAN_POINT('',(6.055,-8.09,0.));
#855=ORIENTED_EDGE('',*,*,#856,.T.);
#856=EDGE_CURVE('',#851,#857,#859,.T.);
#857=VERTEX_POINT('',#858);
#858=CARTESIAN_POINT('',(8.89,-9.69,0.));
#859=CIRCLE('',#860,0.8);
#860=AXIS2_PLACEMENT_3D('',#861,#13,#149);
#861=CARTESIAN_POINT('',(8.89,-8.89,0.));
#862=ORIENTED_EDGE('',*,*,#863,.T.);
#863=EDGE_CURVE('',#857,#864,#866,.T.);
#864=VERTEX_POINT('',#865);
#865=CARTESIAN_POINT('',(10.5,-9.69,0.));
#866=LINE('',#867,#138);
#867=CARTESIAN_POINT('',(4.445,-9.69,0.));
#868=ORIENTED_EDGE('',*,*,#869,.T.);
#869=EDGE_CURVE('',#864,#870,#181,.T.);
#870=VERTEX_POINT('',#871);
#871=CARTESIAN_POINT('',(10.5,-10.63,0.));
#872=ORIENTED_EDGE('',*,*,#873,.T.);
#873=EDGE_CURVE('',#870,#874,#876,.T.);
#874=VERTEX_POINT('',#875);
#875=CARTESIAN_POINT('',(8.89,-10.63,0.));
#876=LINE('',#877,#226);
#877=CARTESIAN_POINT('',(6.055,-10.63,0.));
#878=ORIENTED_EDGE('',*,*,#879,.T.);
#879=EDGE_CURVE('',#874,#880,#882,.T.);
#880=VERTEX_POINT('',#881);
#881=CARTESIAN_POINT('',(8.89,-12.23,0.));
#882=CIRCLE('',#883,0.8);
#883=AXIS2_PLACEMENT_3D('',#884,#13,#149);
#884=CARTESIAN_POINT('',(8.89,-11.43,0.));
#885=ORIENTED_EDGE('',*,*,#886,.T.);
#886=EDGE_CURVE('',#880,#887,#889,.T.);
#887=VERTEX_POINT('',#888);
#888=CARTESIAN_POINT('',(10.5,-12.23,0.));
#889=LINE('',#890,#138);
#890=CARTESIAN_POINT('',(4.445,-12.23,0.));
#891=ORIENTED_EDGE('',*,*,#892,.T.);
#892=EDGE_CURVE('',#887,#893,#181,.T.);
#893=VERTEX_POINT('',#894);
#894=CARTESIAN_POINT('',(10.5,-13.17,0.));
#895=ORIENTED_EDGE('',*,*,#896,.T.);
#896=EDGE_CURVE('',#893,#897,#899,.T.);
#897=VERTEX_POINT('',#898);
#898=CARTESIAN_POINT('',(8.89,-13.17,0.));
#899=LINE('',#900,#226);
#900=CARTESIAN_POINT('',(6.055,-13.17,0.));
#901=ORIENTED_EDGE('',*,*,#902,.T.);
#902=EDGE_CURVE('',#897,#903,#905,.T.);
#903=VERTEX_POINT('',#904);
#904=CARTESIAN_POINT('',(8.89,-14.77,0.));
#905=CIRCLE('',#906,0.8);
#906=AXIS2_PLACEMENT_3D('',#907,#13,#149);
#907=CARTESIAN_POINT('',(8.89,-13.97,0.));
#908=ORIENTED_EDGE('',*,*,#909,.T.);
#909=EDGE_CURVE('',#903,#910,#912,.T.);
#910=VERTEX_POINT('',#911);
#911=CARTESIAN_POINT('',(10.5,-14.77,0.));
#912=LINE('',#913,#138);
#913=CARTESIAN_POINT('',(4.445,-14.77,0.));
#914=ORIENTED_EDGE('',*,*,#915,.T.);
#915=EDGE_CURVE('',#910,#916,#181,.T.);
#916=VERTEX_POINT('',#917);
#917=CARTESIAN_POINT('',(10.5,-15.71,0.));
#918=ORIENTED_EDGE('',*,*,#919,.T.);
#919=EDGE_CURVE('',#916,#920,#922,.T.);
#920=VERTEX_POINT('',#921);
#921=CARTESIAN_POINT('',(8.89,-15.71,0.));
#922=LINE('',#923,#226);
#923=CARTESIAN_POINT('',(6.055,-15.71,0.));
#924=ORIENTED_EDGE('',*,*,#925,.T.);
#925=EDGE_CURVE('',#920,#926,#928,.T.);
#926=VERTEX_POINT('',#927);
#927=CARTESIAN_POINT('',(8.89,-17.31,0.));
#928=CIRCLE('',#929,0.8);
#929=AXIS2_PLACEMENT_3D('',#930,#13,#149);
#930=CARTESIAN_POINT('',(8.89,-16.51,0.));
#931=ORIENTED_EDGE('',*,*,#932,.T.);
#932=EDGE_CURVE('',#926,#933,#935,.T.);
#933=VERTEX_POINT('',#934);
#934=CARTESIAN_POINT('',(10.5,-17.31,0.));
#935=LINE('',#936,#138);
#936=CARTESIAN_POINT('',(4.445,-17.31,0.));
#937=ORIENTED_EDGE('',*,*,#938,.T.);
#938=EDGE_CURVE('',#933,#939,#181,.T.);
#939=VERTEX_POINT('',#940);
#940=CARTESIAN_POINT('',(10.5,-18.25,0.));
#941=ORIENTED_EDGE('',*,*,#942,.T.);
#942=EDGE_CURVE('',#939,#943,#945,.T.);
#943=VERTEX_POINT('',#944);
#944=CARTESIAN_POINT('',(8.89,-18.25,0.));
#945=LINE('',#946,#226);
#946=CARTESIAN_POINT('',(6.055,-18.25,0.));
#947=ORIENTED_EDGE('',*,*,#948,.T.);
#948=EDGE_CURVE('',#943,#949,#951,.T.);
#949=VERTEX_POINT('',#950);
#950=CARTESIAN_POINT('',(8.89,-19.85,0.));
#951=CIRCLE('',#952,0.8);
#952=AXIS2_PLACEMENT_3D('',#953,#13,#149);
#953=CARTESIAN_POINT('',(8.89,-19.05,0.));
#954=ORIENTED_EDGE('',*,*,#955,.T.);
#955=EDGE_CURVE('',#949,#956,#958,.T.);
#956=VERTEX_POINT('',#957);
#957=CARTESIAN_POINT('',(10.5,-19.85,0.));
#958=LINE('',#959,#138);
#959=CARTESIAN_POINT('',(4.445,-19.85,0.));
#960=ORIENTED_EDGE('',*,*,#961,.T.);
#961=EDGE_CURVE('',#956,#962,#181,.T.);
#962=VERTEX_POINT('',#963);
#963=CARTESIAN_POINT('',(10.5,-20.79,0.));
#964=ORIENTED_EDGE('',*,*,#965,.T.);
#965=EDGE_CURVE('',#962,#966,#968,.T.);
#966=VERTEX_POINT('',#967);
#967=CARTESIAN_POINT('',(8.89,-20.79,0.));
#968=LINE('',#969,#226);
#969=CARTESIAN_POINT('',(6.055,-20.79,0.));
#970=ORIENTED_EDGE('',*,*,#971,.T.);
#971=EDGE_CURVE('',#966,#972,#974,.T.);
#972=VERTEX_POINT('',#973);
#973=CARTESIAN_POINT('',(8.89,-22.39,0.));
#974=CIRCLE('',#975,0.8);
#975=AXIS2_PLACEMENT_3D('',#976,#13,#149);
#976=CARTESIAN_POINT('',(8.89,-21.59,0.));
#977=ORIENTED_EDGE('',*,*,#978,.T.);
#978=EDGE_CURVE('',#972,#979,#981,.T.);
#979=VERTEX_POINT('',#980);
#980=CARTESIAN_POINT('',(10.5,-22.39,0.));
#981=LINE('',#982,#138);
#982=CARTESIAN_POINT('',(4.445,-22.39,0.));
#983=ORIENTED_EDGE('',*,*,#984,.T.);
#984=EDGE_CURVE('',#979,#985,#181,.T.);
#985=VERTEX_POINT('',#986);
#986=CARTESIAN_POINT('',(10.5,-23.33,0.));
#987=ORIENTED_EDGE('',*,*,#988,.T.);
#988=EDGE_CURVE('',#985,#989,#991,.T.);
#989=VERTEX_POINT('',#990);
#990=CARTESIAN_POINT('',(8.89,-23.33,0.));
#991=LINE('',#992,#226);
#992=CARTESIAN_POINT('',(6.055,-23.33,0.));
#993=ORIENTED_EDGE('',*,*,#994,.T.);
#994=EDGE_CURVE('',#989,#995,#997,.T.);
#995=VERTEX_POINT('',#996);
#996=CARTESIAN_POINT('',(8.89,-24.93,0.));
#997=CIRCLE('',#998,0.8);
#998=AXIS2_PLACEMENT_3D('',#999,#13,#149);
#999=CARTESIAN_POINT('',(8.89,-24.13,0.));
#1000=ORIENTED_EDGE('',*,*,#1001,.T.);
#1001=EDGE_CURVE('',#995,#1002,#1004,.T.);
#1002=VERTEX_POINT('',#1003);
#1003=CARTESIAN_POINT('',(10.5,-24.93,0.));
#1004=LINE('',#1005,#138);
#1005=CARTESIAN_POINT('',(4.445,-24.93,0.));
#1006=ORIENTED_EDGE('',*,*,#1007,.T.);
#1007=EDGE_CURVE('',#1002,#1008,#181,.T.);
#1008=VERTEX_POINT('',#1009);
#1009=CARTESIAN_POINT('',(10.5,-25.5,0.));
#1010=ORIENTED_EDGE('',*,*,#1011,.T.);
#1011=EDGE_CURVE('',#1008,#1012,#1014,.T.);
#1012=VERTEX_POINT('',#1013);
#1013=CARTESIAN_POINT('',(3.34,-25.5,0.));
#1014=LINE('',#1009,#226);
#1015=ORIENTED_EDGE('',*,*,#1016,.T.);
#1016=EDGE_CURVE('',#1012,#1017,#1019,.T.);
#1017=VERTEX_POINT('',#1018);
#1018=CARTESIAN_POINT('',(3.34,-23.89,0.));
#1019=LINE('',#1020,#159);
#1020=CARTESIAN_POINT('',(3.34,-13.555,0.));
#1021=ORIENTED_EDGE('',*,*,#1022,.T.);
#1022=EDGE_CURVE('',#1017,#1023,#1025,.T.);
#1023=VERTEX_POINT('',#1024);
#1024=CARTESIAN_POINT('',(1.74,-23.89,0.));
#1025=CIRCLE('',#1026,0.8);
#1026=AXIS2_PLACEMENT_3D('',#1027,#13,#14);
#1027=CARTESIAN_POINT('',(2.54,-23.89,0.));
#1028=ORIENTED_EDGE('',*,*,#1029,.T.);
#1029=EDGE_CURVE('',#1023,#1030,#1032,.T.);
#1030=VERTEX_POINT('',#1031);
#1031=CARTESIAN_POINT('',(1.74,-25.5,0.));
#1032=LINE('',#1033,#182);
#1033=CARTESIAN_POINT('',(1.74,-11.945,0.));
#1034=ORIENTED_EDGE('',*,*,#1035,.T.);
#1035=EDGE_CURVE('',#1030,#1036,#1014,.T.);
#1036=VERTEX_POINT('',#1037);
#1037=CARTESIAN_POINT('',(0.8,-25.5,0.));
#1038=ORIENTED_EDGE('',*,*,#1039,.T.);
#1039=EDGE_CURVE('',#1036,#1040,#1042,.T.);
#1040=VERTEX_POINT('',#1041);
#1041=CARTESIAN_POINT('',(0.8,-23.89,0.));
#1042=LINE('',#1043,#159);
#1043=CARTESIAN_POINT('',(0.8,-13.555,0.));
#1044=ORIENTED_EDGE('',*,*,#1045,.T.);
#1045=EDGE_CURVE('',#1040,#1046,#1048,.T.);
#1046=VERTEX_POINT('',#1047);
#1047=CARTESIAN_POINT('',(-0.8,-23.89,0.));
#1048=CIRCLE('',#1049,0.8);
#1049=AXIS2_PLACEMENT_3D('',#1050,#13,#14);
#1050=CARTESIAN_POINT('',(0.,-23.89,0.));
#1051=ORIENTED_EDGE('',*,*,#1052,.T.);
#1052=EDGE_CURVE('',#1046,#1053,#1055,.T.);
#1053=VERTEX_POINT('',#1054);
#1054=CARTESIAN_POINT('',(-0.8,-25.5,0.));
#1055=LINE('',#1056,#182);
#1056=CARTESIAN_POINT('',(-0.8,-11.945,0.));
#1057=ORIENTED_EDGE('',*,*,#1058,.T.);
#1058=EDGE_CURVE('',#1053,#1059,#1014,.T.);
#1059=VERTEX_POINT('',#1060);
#1060=CARTESIAN_POINT('',(-1.74,-25.5,0.));
#1061=ORIENTED_EDGE('',*,*,#1062,.T.);
#1062=EDGE_CURVE('',#1059,#1063,#1065,.T.);
#1063=VERTEX_POINT('',#1064);
#1064=CARTESIAN_POINT('',(-1.74,-23.89,0.));
#1065=LINE('',#1066,#159);
#1066=CARTESIAN_POINT('',(-1.74,-13.555,0.));
#1067=ORIENTED_EDGE('',*,*,#1068,.T.);
#1068=EDGE_CURVE('',#1063,#1069,#1071,.T.);
#1069=VERTEX_POINT('',#1070);
#1070=CARTESIAN_POINT('',(-3.34,-23.89,0.));
#1071=CIRCLE('',#1072,0.8);
#1072=AXIS2_PLACEMENT_3D('',#1073,#13,#14);
#1073=CARTESIAN_POINT('',(-2.54,-23.89,0.));
#1074=ORIENTED_EDGE('',*,*,#1075,.T.);
#1075=EDGE_CURVE('',#1069,#1076,#1078,.T.);
#1076=VERTEX_POINT('',#1077);
#1077=CARTESIAN_POINT('',(-3.34,-25.5,0.));
#1078=LINE('',#1079,#182);
#1079=CARTESIAN_POINT('',(-3.34,-11.945,0.));
#1080=ORIENTED_EDGE('',*,*,#1081,.T.);
#1081=EDGE_CURVE('',#1076,#1082,#1014,.T.);
#1082=VERTEX_POINT('',#158);
#1083=ORIENTED_EDGE('',*,*,#1084,.T.);
#1084=EDGE_CURVE('',#1082,#1085,#157,.T.);
#1085=VERTEX_POINT('',#1086);
#1086=CARTESIAN_POINT('',(-10.5,-24.93,0.));
#1087=ORIENTED_EDGE('',*,*,#1088,.T.);
#1088=EDGE_CURVE('',#1085,#1089,#1091,.T.);
#1089=VERTEX_POINT('',#1090);
#1090=CARTESIAN_POINT('',(-8.89,-24.93,0.));
#1091=LINE('',#1092,#138);
#1092=CARTESIAN_POINT('',(-6.055,-24.93,0.));
#1093=ORIENTED_EDGE('',*,*,#1094,.T.);
#1094=EDGE_CURVE('',#1089,#1095,#1097,.T.);
#1095=VERTEX_POINT('',#1096);
#1096=CARTESIAN_POINT('',(-8.89,-23.33,0.));
#1097=CIRCLE('',#1098,0.8);
#1098=AXIS2_PLACEMENT_3D('',#1099,#13,#183);
#1099=CARTESIAN_POINT('',(-8.89,-24.13,0.));
#1100=ORIENTED_EDGE('',*,*,#1101,.T.);
#1101=EDGE_CURVE('',#1095,#1102,#1104,.T.);
#1102=VERTEX_POINT('',#1103);
#1103=CARTESIAN_POINT('',(-10.5,-23.33,0.));
#1104=LINE('',#1105,#226);
#1105=CARTESIAN_POINT('',(-4.445,-23.33,0.));
#1106=ORIENTED_EDGE('',*,*,#1107,.T.);
#1107=EDGE_CURVE('',#1102,#1108,#157,.T.);
#1108=VERTEX_POINT('',#1109);
#1109=CARTESIAN_POINT('',(-10.5,-22.39,0.));
#1110=ORIENTED_EDGE('',*,*,#1111,.T.);
#1111=EDGE_CURVE('',#1108,#1112,#1114,.T.);
#1112=VERTEX_POINT('',#1113);
#1113=CARTESIAN_POINT('',(-8.89,-22.39,0.));
#1114=LINE('',#1115,#138);
#1115=CARTESIAN_POINT('',(-6.055,-22.39,0.));
#1116=ORIENTED_EDGE('',*,*,#1117,.T.);
#1117=EDGE_CURVE('',#1112,#1118,#1120,.T.);
#1118=VERTEX_POINT('',#1119);
#1119=CARTESIAN_POINT('',(-8.89,-20.79,0.));
#1120=CIRCLE('',#1121,0.8);
#1121=AXIS2_PLACEMENT_3D('',#1122,#13,#183);
#1122=CARTESIAN_POINT('',(-8.89,-21.59,0.));
#1123=ORIENTED_EDGE('',*,*,#1124,.T.);
#1124=EDGE_CURVE('',#1118,#1125,#1127,.T.);
#1125=VERTEX_POINT('',#1126);
#1126=CARTESIAN_POINT('',(-10.5,-20.79,0.));
#1127=LINE('',#1128,#226);
#1128=CARTESIAN_POINT('',(-4.445,-20.79,0.));
#1129=ORIENTED_EDGE('',*,*,#1130,.T.);
#1130=EDGE_CURVE('',#1125,#1131,#157,.T.);
#1131=VERTEX_POINT('',#1132);
#1132=CARTESIAN_POINT('',(-10.5,-19.85,0.));
#1133=ORIENTED_EDGE('',*,*,#1134,.T.);
#1134=EDGE_CURVE('',#1131,#1135,#1137,.T.);
#1135=VERTEX_POINT('',#1136);
#1136=CARTESIAN_POINT('',(-8.89,-19.85,0.));
#1137=LINE('',#1138,#138);
#1138=CARTESIAN_POINT('',(-6.055,-19.85,0.));
#1139=ORIENTED_EDGE('',*,*,#1140,.T.);
#1140=EDGE_CURVE('',#1135,#1141,#1143,.T.);
#1141=VERTEX_POINT('',#1142);
#1142=CARTESIAN_POINT('',(-8.89,-18.25,0.));
#1143=CIRCLE('',#1144,0.8);
#1144=AXIS2_PLACEMENT_3D('',#1145,#13,#183);
#1145=CARTESIAN_POINT('',(-8.89,-19.05,0.));
#1146=ORIENTED_EDGE('',*,*,#1147,.T.);
#1147=EDGE_CURVE('',#1141,#1148,#1150,.T.);
#1148=VERTEX_POINT('',#1149);
#1149=CARTESIAN_POINT('',(-10.5,-18.25,0.));
#1150=LINE('',#1151,#226);
#1151=CARTESIAN_POINT('',(-4.445,-18.25,0.));
#1152=ORIENTED_EDGE('',*,*,#1153,.T.);
#1153=EDGE_CURVE('',#1148,#1154,#157,.T.);
#1154=VERTEX_POINT('',#1155);
#1155=CARTESIAN_POINT('',(-10.5,-17.31,0.));
#1156=ORIENTED_EDGE('',*,*,#1157,.T.);
#1157=EDGE_CURVE('',#1154,#1158,#1160,.T.);
#1158=VERTEX_POINT('',#1159);
#1159=CARTESIAN_POINT('',(-8.89,-17.31,0.));
#1160=LINE('',#1161,#138);
#1161=CARTESIAN_POINT('',(-6.055,-17.31,0.));
#1162=ORIENTED_EDGE('',*,*,#1163,.T.);
#1163=EDGE_CURVE('',#1158,#1164,#1166,.T.);
#1164=VERTEX_POINT('',#1165);
#1165=CARTESIAN_POINT('',(-8.89,-15.71,0.));
#1166=CIRCLE('',#1167,0.8);
#1167=AXIS2_PLACEMENT_3D('',#1168,#13,#183);
#1168=CARTESIAN_POINT('',(-8.89,-16.51,0.));
#1169=ORIENTED_EDGE('',*,*,#1170,.T.);
#1170=EDGE_CURVE('',#1164,#1171,#1173,.T.);
#1171=VERTEX_POINT('',#1172);
#1172=CARTESIAN_POINT('',(-10.5,-15.71,0.));
#1173=LINE('',#1174,#226);
#1174=CARTESIAN_POINT('',(-4.445,-15.71,0.));
#1175=ORIENTED_EDGE('',*,*,#1176,.T.);
#1176=EDGE_CURVE('',#1171,#1177,#157,.T.);
#1177=VERTEX_POINT('',#1178);
#1178=CARTESIAN_POINT('',(-10.5,-14.77,0.));
#1179=ORIENTED_EDGE('',*,*,#1180,.T.);
#1180=EDGE_CURVE('',#1177,#1181,#1183,.T.);
#1181=VERTEX_POINT('',#1182);
#1182=CARTESIAN_POINT('',(-8.89,-14.77,0.));
#1183=LINE('',#1184,#138);
#1184=CARTESIAN_POINT('',(-6.055,-14.77,0.));
#1185=ORIENTED_EDGE('',*,*,#1186,.T.);
#1186=EDGE_CURVE('',#1181,#1187,#1189,.T.);
#1187=VERTEX_POINT('',#1188);
#1188=CARTESIAN_POINT('',(-8.89,-13.17,0.));
#1189=CIRCLE('',#1190,0.8);
#1190=AXIS2_PLACEMENT_3D('',#1191,#13,#183);
#1191=CARTESIAN_POINT('',(-8.89,-13.97,0.));
#1192=ORIENTED_EDGE('',*,*,#1193,.T.);
#1193=EDGE_CURVE('',#1187,#203,#1194,.T.);
#1194=LINE('',#1195,#226);
#1195=CARTESIAN_POINT('',(-4.445,-13.17,0.));
#1196=FACE_BOUND('',#1197,.T.);
#1197=EDGE_LOOP('',(#1198));
#1198=ORIENTED_EDGE('',*,*,#1199,.T.);
#1199=EDGE_CURVE('',#1200,#1200,#1202,.T.);
#1200=VERTEX_POINT('',#1201);
#1201=CARTESIAN_POINT('',(6.75,-23.5,0.));
#1202=CIRCLE('',#1203,1.05);
#1203=AXIS2_PLACEMENT_3D('',#1204,#13,#14);
#1204=CARTESIAN_POINT('',(5.7,-23.5,0.));
#1205=FACE_BOUND('',#1206,.T.);
#1206=EDGE_LOOP('',(#1207));
#1207=ORIENTED_EDGE('',*,*,#1208,.T.);
#1208=EDGE_CURVE('',#1209,#1209,#1211,.T.);
#1209=VERTEX_POINT('',#1210);
#1210=CARTESIAN_POINT('',(-4.65,-23.5,0.));
#1211=CIRCLE('',#1212,1.05);
#1212=AXIS2_PLACEMENT_3D('',#1213,#13,#14);
#1213=CARTESIAN_POINT('',(-5.7,-23.5,0.));
#1214=FACE_BOUND('',#1215,.T.);
#1215=EDGE_LOOP('',(#1216));
#1216=ORIENTED_EDGE('',*,*,#1217,.T.);
#1217=EDGE_CURVE('',#1218,#1218,#1220,.T.);
#1218=VERTEX_POINT('',#1219);
#1219=CARTESIAN_POINT('',(6.75,23.5,0.));
#1220=CIRCLE('',#1221,1.05);
#1221=AXIS2_PLACEMENT_3D('',#1222,#13,#14);
#1222=CARTESIAN_POINT('',(5.7,23.5,0.));
#1223=FACE_BOUND('',#1224,.T.);
#1224=EDGE_LOOP('',(#1225));
#1225=ORIENTED_EDGE('',*,*,#1226,.T.);
#1226=EDGE_CURVE('',#1227,#1227,#1229,.T.);
#1227=VERTEX_POINT('',#1228);
#1228=CARTESIAN_POINT('',(-4.65,23.5,0.));
#1229=CIRCLE('',#1230,1.05);
#1230=AXIS2_PLACEMENT_3D('',#1231,#13,#14);
#1231=CARTESIAN_POINT('',(-5.7,23.5,0.));
#1232=PLANE('',#1233);
#1233=AXIS2_PLACEMENT_3D('',#12,#195,#173);
#1234=ADVANCED_FACE('',(#1235,#2228,#2237,#2246,#2255),#2264,.F.);
#1235=FACE_BOUND('',#1236,.F.);
#1236=EDGE_LOOP('',(#1237,#1246,#1252,#1256,#1262,#1269,#1275,#1279,#1285,#1292,#1298,#1302,#1308,#1315,#1321,#1325,#1331,#1338,#1344,#1348,#1354,#1361,#1367,#1371,#1377,#1384,#1390,#1394,#1400,#1407,#1413,#1417,#1423,#1430,#1436,#1440,#1446,#1453,#1459,#1463,#1469,#1476,#1482,#1486,#1492,#1499,#1505,#1509,#1515,#1522,#1528,#1532,#1538,#1545,#166,#133,#185,#1549,#1555,#1562,#1568,#1572,#1578,#1585,#1591,#1595,#1601,#1608,#1614,#1618,#1624,#1631,#1637,#1641,#1647,#1654,#1660,#1664,#1670,#1677,#1683,#1687,#1693,#1700,#1706,#1710,#1716,#1723,#1729,#1733,#1739,#1746,#1752,#1756,#1762,#1769,#1775,#1779,#1785,#1792,#1798,#1802,#1808,#1815,#1821,#1825,#1831,#1838,#1844,#1848,#1854,#1861,#1867,#1871,#1877,#1884,#1890,#1894,#1900,#1907,#1913,#1917,#1923,#1930,#1936,#1940,#1946,#1953,#1959,#1963,#1969,#1976,#1982,#1986,#1992,#1999,#2005,#2009,#2014,#2020,#2027,#2033,#2037,#2043,#2050,#2056,#2060,#2066,#2073,#2079,#2082,#2086,#2092,#2099,#2105,#2109,#2115,#2122,#2128,#2132,#2138,#2145,#2151,#2155,#2161,#2168,#2174,#2178,#2184,#2191,#2197,#2201,#2207,#2214,#2220,#2224));
#1237=ORIENTED_EDGE('',*,*,#1238,.F.);
#1238=EDGE_CURVE('',#1239,#1241,#1243,.T.);
#1239=VERTEX_POINT('',#1240);
#1240=CARTESIAN_POINT('',(-8.89,-8.09,1.6));
#1241=VERTEX_POINT('',#1242);
#1242=CARTESIAN_POINT('',(-8.89,-9.69,1.6));
#1243=CIRCLE('',#1244,0.8);
#1244=AXIS2_PLACEMENT_3D('',#1245,#195,#149);
#1245=CARTESIAN_POINT('',(-8.89,-8.89,1.6));
#1246=ORIENTED_EDGE('',*,*,#1247,.T.);
#1247=EDGE_CURVE('',#1239,#1248,#1250,.T.);
#1248=VERTEX_POINT('',#1249);
#1249=CARTESIAN_POINT('',(-10.5,-8.09,1.6));
#1250=LINE('',#1251,#226);
#1251=CARTESIAN_POINT('',(-4.445,-8.09,1.6));
#1252=ORIENTED_EDGE('',*,*,#1253,.T.);
#1253=EDGE_CURVE('',#1248,#1254,#168,.T.);
#1254=VERTEX_POINT('',#1255);
#1255=CARTESIAN_POINT('',(-10.5,-7.15,1.6));
#1256=ORIENTED_EDGE('',*,*,#1257,.T.);
#1257=EDGE_CURVE('',#1254,#1258,#1260,.T.);
#1258=VERTEX_POINT('',#1259);
#1259=CARTESIAN_POINT('',(-8.89,-7.15,1.6));
#1260=LINE('',#1261,#138);
#1261=CARTESIAN_POINT('',(-6.055,-7.15,1.6));
#1262=ORIENTED_EDGE('',*,*,#1263,.F.);
#1263=EDGE_CURVE('',#1264,#1258,#1266,.T.);
#1264=VERTEX_POINT('',#1265);
#1265=CARTESIAN_POINT('',(-8.89,-5.55,1.6));
#1266=CIRCLE('',#1267,0.8);
#1267=AXIS2_PLACEMENT_3D('',#1268,#195,#149);
#1268=CARTESIAN_POINT('',(-8.89,-6.35,1.6));
#1269=ORIENTED_EDGE('',*,*,#1270,.T.);
#1270=EDGE_CURVE('',#1264,#1271,#1273,.T.);
#1271=VERTEX_POINT('',#1272);
#1272=CARTESIAN_POINT('',(-10.5,-5.55,1.6));
#1273=LINE('',#1274,#226);
#1274=CARTESIAN_POINT('',(-4.445,-5.55,1.6));
#1275=ORIENTED_EDGE('',*,*,#1276,.T.);
#1276=EDGE_CURVE('',#1271,#1277,#168,.T.);
#1277=VERTEX_POINT('',#1278);
#1278=CARTESIAN_POINT('',(-10.5,-4.61,1.6));
#1279=ORIENTED_EDGE('',*,*,#1280,.T.);
#1280=EDGE_CURVE('',#1277,#1281,#1283,.T.);
#1281=VERTEX_POINT('',#1282);
#1282=CARTESIAN_POINT('',(-8.89,-4.61,1.6));
#1283=LINE('',#1284,#138);
#1284=CARTESIAN_POINT('',(-6.055,-4.61,1.6));
#1285=ORIENTED_EDGE('',*,*,#1286,.F.);
#1286=EDGE_CURVE('',#1287,#1281,#1289,.T.);
#1287=VERTEX_POINT('',#1288);
#1288=CARTESIAN_POINT('',(-8.89,-3.01,1.6));
#1289=CIRCLE('',#1290,0.8);
#1290=AXIS2_PLACEMENT_3D('',#1291,#195,#149);
#1291=CARTESIAN_POINT('',(-8.89,-3.81,1.6));
#1292=ORIENTED_EDGE('',*,*,#1293,.T.);
#1293=EDGE_CURVE('',#1287,#1294,#1296,.T.);
#1294=VERTEX_POINT('',#1295);
#1295=CARTESIAN_POINT('',(-10.5,-3.01,1.6));
#1296=LINE('',#1297,#226);
#1297=CARTESIAN_POINT('',(-4.445,-3.01,1.6));
#1298=ORIENTED_EDGE('',*,*,#1299,.T.);
#1299=EDGE_CURVE('',#1294,#1300,#168,.T.);
#1300=VERTEX_POINT('',#1301);
#1301=CARTESIAN_POINT('',(-10.5,-2.07,1.6));
#1302=ORIENTED_EDGE('',*,*,#1303,.T.);
#1303=EDGE_CURVE('',#1300,#1304,#1306,.T.);
#1304=VERTEX_POINT('',#1305);
#1305=CARTESIAN_POINT('',(-8.89,-2.07,1.6));
#1306=LINE('',#1307,#138);
#1307=CARTESIAN_POINT('',(-6.055,-2.07,1.6));
#1308=ORIENTED_EDGE('',*,*,#1309,.F.);
#1309=EDGE_CURVE('',#1310,#1304,#1312,.T.);
#1310=VERTEX_POINT('',#1311);
#1311=CARTESIAN_POINT('',(-8.89,-0.47,1.6));
#1312=CIRCLE('',#1313,0.8);
#1313=AXIS2_PLACEMENT_3D('',#1314,#195,#149);
#1314=CARTESIAN_POINT('',(-8.89,-1.27,1.6));
#1315=ORIENTED_EDGE('',*,*,#1316,.T.);
#1316=EDGE_CURVE('',#1310,#1317,#1319,.T.);
#1317=VERTEX_POINT('',#1318);
#1318=CARTESIAN_POINT('',(-10.5,-0.47,1.6));
#1319=LINE('',#1320,#226);
#1320=CARTESIAN_POINT('',(-4.445,-0.47,1.6));
#1321=ORIENTED_EDGE('',*,*,#1322,.T.);
#1322=EDGE_CURVE('',#1317,#1323,#168,.T.);
#1323=VERTEX_POINT('',#1324);
#1324=CARTESIAN_POINT('',(-10.5,0.47,1.6));
#1325=ORIENTED_EDGE('',*,*,#1326,.T.);
#1326=EDGE_CURVE('',#1323,#1327,#1329,.T.);
#1327=VERTEX_POINT('',#1328);
#1328=CARTESIAN_POINT('',(-8.89,0.47,1.6));
#1329=LINE('',#1330,#138);
#1330=CARTESIAN_POINT('',(-6.055,0.47,1.6));
#1331=ORIENTED_EDGE('',*,*,#1332,.F.);
#1332=EDGE_CURVE('',#1333,#1327,#1335,.T.);
#1333=VERTEX_POINT('',#1334);
#1334=CARTESIAN_POINT('',(-8.89,2.07,1.6));
#1335=CIRCLE('',#1336,0.8);
#1336=AXIS2_PLACEMENT_3D('',#1337,#195,#149);
#1337=CARTESIAN_POINT('',(-8.89,1.27,1.6));
#1338=ORIENTED_EDGE('',*,*,#1339,.T.);
#1339=EDGE_CURVE('',#1333,#1340,#1342,.T.);
#1340=VERTEX_POINT('',#1341);
#1341=CARTESIAN_POINT('',(-10.5,2.07,1.6));
#1342=LINE('',#1343,#226);
#1343=CARTESIAN_POINT('',(-4.445,2.07,1.6));
#1344=ORIENTED_EDGE('',*,*,#1345,.T.);
#1345=EDGE_CURVE('',#1340,#1346,#168,.T.);
#1346=VERTEX_POINT('',#1347);
#1347=CARTESIAN_POINT('',(-10.5,3.01,1.6));
#1348=ORIENTED_EDGE('',*,*,#1349,.T.);
#1349=EDGE_CURVE('',#1346,#1350,#1352,.T.);
#1350=VERTEX_POINT('',#1351);
#1351=CARTESIAN_POINT('',(-8.89,3.01,1.6));
#1352=LINE('',#1353,#138);
#1353=CARTESIAN_POINT('',(-6.055,3.01,1.6));
#1354=ORIENTED_EDGE('',*,*,#1355,.F.);
#1355=EDGE_CURVE('',#1356,#1350,#1358,.T.);
#1356=VERTEX_POINT('',#1357);
#1357=CARTESIAN_POINT('',(-8.89,4.61,1.6));
#1358=CIRCLE('',#1359,0.8);
#1359=AXIS2_PLACEMENT_3D('',#1360,#195,#149);
#1360=CARTESIAN_POINT('',(-8.89,3.81,1.6));
#1361=ORIENTED_EDGE('',*,*,#1362,.T.);
#1362=EDGE_CURVE('',#1356,#1363,#1365,.T.);
#1363=VERTEX_POINT('',#1364);
#1364=CARTESIAN_POINT('',(-10.5,4.61,1.6));
#1365=LINE('',#1366,#226);
#1366=CARTESIAN_POINT('',(-4.445,4.61,1.6));
#1367=ORIENTED_EDGE('',*,*,#1368,.T.);
#1368=EDGE_CURVE('',#1363,#1369,#168,.T.);
#1369=VERTEX_POINT('',#1370);
#1370=CARTESIAN_POINT('',(-10.5,5.55,1.6));
#1371=ORIENTED_EDGE('',*,*,#1372,.T.);
#1372=EDGE_CURVE('',#1369,#1373,#1375,.T.);
#1373=VERTEX_POINT('',#1374);
#1374=CARTESIAN_POINT('',(-8.89,5.55,1.6));
#1375=LINE('',#1376,#138);
#1376=CARTESIAN_POINT('',(-6.055,5.55,1.6));
#1377=ORIENTED_EDGE('',*,*,#1378,.F.);
#1378=EDGE_CURVE('',#1379,#1373,#1381,.T.);
#1379=VERTEX_POINT('',#1380);
#1380=CARTESIAN_POINT('',(-8.89,7.15,1.6));
#1381=CIRCLE('',#1382,0.8);
#1382=AXIS2_PLACEMENT_3D('',#1383,#195,#149);
#1383=CARTESIAN_POINT('',(-8.89,6.35,1.6));
#1384=ORIENTED_EDGE('',*,*,#1385,.T.);
#1385=EDGE_CURVE('',#1379,#1386,#1388,.T.);
#1386=VERTEX_POINT('',#1387);
#1387=CARTESIAN_POINT('',(-10.5,7.15,1.6));
#1388=LINE('',#1389,#226);
#1389=CARTESIAN_POINT('',(-4.445,7.15,1.6));
#1390=ORIENTED_EDGE('',*,*,#1391,.T.);
#1391=EDGE_CURVE('',#1386,#1392,#168,.T.);
#1392=VERTEX_POINT('',#1393);
#1393=CARTESIAN_POINT('',(-10.5,8.09,1.6));
#1394=ORIENTED_EDGE('',*,*,#1395,.T.);
#1395=EDGE_CURVE('',#1392,#1396,#1398,.T.);
#1396=VERTEX_POINT('',#1397);
#1397=CARTESIAN_POINT('',(-8.89,8.09,1.6));
#1398=LINE('',#1399,#138);
#1399=CARTESIAN_POINT('',(-6.055,8.09,1.6));
#1400=ORIENTED_EDGE('',*,*,#1401,.F.);
#1401=EDGE_CURVE('',#1402,#1396,#1404,.T.);
#1402=VERTEX_POINT('',#1403);
#1403=CARTESIAN_POINT('',(-8.89,9.69,1.6));
#1404=CIRCLE('',#1405,0.8);
#1405=AXIS2_PLACEMENT_3D('',#1406,#195,#149);
#1406=CARTESIAN_POINT('',(-8.89,8.89,1.6));
#1407=ORIENTED_EDGE('',*,*,#1408,.T.);
#1408=EDGE_CURVE('',#1402,#1409,#1411,.T.);
#1409=VERTEX_POINT('',#1410);
#1410=CARTESIAN_POINT('',(-10.5,9.69,1.6));
#1411=LINE('',#1412,#226);
#1412=CARTESIAN_POINT('',(-4.445,9.69,1.6));
#1413=ORIENTED_EDGE('',*,*,#1414,.T.);
#1414=EDGE_CURVE('',#1409,#1415,#168,.T.);
#1415=VERTEX_POINT('',#1416);
#1416=CARTESIAN_POINT('',(-10.5,10.63,1.6));
#1417=ORIENTED_EDGE('',*,*,#1418,.T.);
#1418=EDGE_CURVE('',#1415,#1419,#1421,.T.);
#1419=VERTEX_POINT('',#1420);
#1420=CARTESIAN_POINT('',(-8.89,10.63,1.6));
#1421=LINE('',#1422,#138);
#1422=CARTESIAN_POINT('',(-6.055,10.63,1.6));
#1423=ORIENTED_EDGE('',*,*,#1424,.F.);
#1424=EDGE_CURVE('',#1425,#1419,#1427,.T.);
#1425=VERTEX_POINT('',#1426);
#1426=CARTESIAN_POINT('',(-8.89,12.23,1.6));
#1427=CIRCLE('',#1428,0.8);
#1428=AXIS2_PLACEMENT_3D('',#1429,#195,#149);
#1429=CARTESIAN_POINT('',(-8.89,11.43,1.6));
#1430=ORIENTED_EDGE('',*,*,#1431,.T.);
#1431=EDGE_CURVE('',#1425,#1432,#1434,.T.);
#1432=VERTEX_POINT('',#1433);
#1433=CARTESIAN_POINT('',(-10.5,12.23,1.6));
#1434=LINE('',#1435,#226);
#1435=CARTESIAN_POINT('',(-4.445,12.23,1.6));
#1436=ORIENTED_EDGE('',*,*,#1437,.T.);
#1437=EDGE_CURVE('',#1432,#1438,#168,.T.);
#1438=VERTEX_POINT('',#1439);
#1439=CARTESIAN_POINT('',(-10.5,13.17,1.6));
#1440=ORIENTED_EDGE('',*,*,#1441,.T.);
#1441=EDGE_CURVE('',#1438,#1442,#1444,.T.);
#1442=VERTEX_POINT('',#1443);
#1443=CARTESIAN_POINT('',(-8.89,13.17,1.6));
#1444=LINE('',#1445,#138);
#1445=CARTESIAN_POINT('',(-6.055,13.17,1.6));
#1446=ORIENTED_EDGE('',*,*,#1447,.F.);
#1447=EDGE_CURVE('',#1448,#1442,#1450,.T.);
#1448=VERTEX_POINT('',#1449);
#1449=CARTESIAN_POINT('',(-8.89,14.77,1.6));
#1450=CIRCLE('',#1451,0.8);
#1451=AXIS2_PLACEMENT_3D('',#1452,#195,#149);
#1452=CARTESIAN_POINT('',(-8.89,13.97,1.6));
#1453=ORIENTED_EDGE('',*,*,#1454,.T.);
#1454=EDGE_CURVE('',#1448,#1455,#1457,.T.);
#1455=VERTEX_POINT('',#1456);
#1456=CARTESIAN_POINT('',(-10.5,14.77,1.6));
#1457=LINE('',#1458,#226);
#1458=CARTESIAN_POINT('',(-4.445,14.77,1.6));
#1459=ORIENTED_EDGE('',*,*,#1460,.T.);
#1460=EDGE_CURVE('',#1455,#1461,#168,.T.);
#1461=VERTEX_POINT('',#1462);
#1462=CARTESIAN_POINT('',(-10.5,15.71,1.6));
#1463=ORIENTED_EDGE('',*,*,#1464,.T.);
#1464=EDGE_CURVE('',#1461,#1465,#1467,.T.);
#1465=VERTEX_POINT('',#1466);
#1466=CARTESIAN_POINT('',(-8.89,15.71,1.6));
#1467=LINE('',#1468,#138);
#1468=CARTESIAN_POINT('',(-6.055,15.71,1.6));
#1469=ORIENTED_EDGE('',*,*,#1470,.F.);
#1470=EDGE_CURVE('',#1471,#1465,#1473,.T.);
#1471=VERTEX_POINT('',#1472);
#1472=CARTESIAN_POINT('',(-8.89,17.31,1.6));
#1473=CIRCLE('',#1474,0.8);
#1474=AXIS2_PLACEMENT_3D('',#1475,#195,#149);
#1475=CARTESIAN_POINT('',(-8.89,16.51,1.6));
#1476=ORIENTED_EDGE('',*,*,#1477,.T.);
#1477=EDGE_CURVE('',#1471,#1478,#1480,.T.);
#1478=VERTEX_POINT('',#1479);
#1479=CARTESIAN_POINT('',(-10.5,17.31,1.6));
#1480=LINE('',#1481,#226);
#1481=CARTESIAN_POINT('',(-4.445,17.31,1.6));
#1482=ORIENTED_EDGE('',*,*,#1483,.T.);
#1483=EDGE_CURVE('',#1478,#1484,#168,.T.);
#1484=VERTEX_POINT('',#1485);
#1485=CARTESIAN_POINT('',(-10.5,18.25,1.6));
#1486=ORIENTED_EDGE('',*,*,#1487,.T.);
#1487=EDGE_CURVE('',#1484,#1488,#1490,.T.);
#1488=VERTEX_POINT('',#1489);
#1489=CARTESIAN_POINT('',(-8.89,18.25,1.6));
#1490=LINE('',#1491,#138);
#1491=CARTESIAN_POINT('',(-6.055,18.25,1.6));
#1492=ORIENTED_EDGE('',*,*,#1493,.F.);
#1493=EDGE_CURVE('',#1494,#1488,#1496,.T.);
#1494=VERTEX_POINT('',#1495);
#1495=CARTESIAN_POINT('',(-8.89,19.85,1.6));
#1496=CIRCLE('',#1497,0.8);
#1497=AXIS2_PLACEMENT_3D('',#1498,#195,#149);
#1498=CARTESIAN_POINT('',(-8.89,19.05,1.6));
#1499=ORIENTED_EDGE('',*,*,#1500,.T.);
#1500=EDGE_CURVE('',#1494,#1501,#1503,.T.);
#1501=VERTEX_POINT('',#1502);
#1502=CARTESIAN_POINT('',(-10.5,19.85,1.6));
#1503=LINE('',#1504,#226);
#1504=CARTESIAN_POINT('',(-4.445,19.85,1.6));
#1505=ORIENTED_EDGE('',*,*,#1506,.T.);
#1506=EDGE_CURVE('',#1501,#1507,#168,.T.);
#1507=VERTEX_POINT('',#1508);
#1508=CARTESIAN_POINT('',(-10.5,20.79,1.6));
#1509=ORIENTED_EDGE('',*,*,#1510,.T.);
#1510=EDGE_CURVE('',#1507,#1511,#1513,.T.);
#1511=VERTEX_POINT('',#1512);
#1512=CARTESIAN_POINT('',(-8.89,20.79,1.6));
#1513=LINE('',#1514,#138);
#1514=CARTESIAN_POINT('',(-6.055,20.79,1.6));
#1515=ORIENTED_EDGE('',*,*,#1516,.F.);
#1516=EDGE_CURVE('',#1517,#1511,#1519,.T.);
#1517=VERTEX_POINT('',#1518);
#1518=CARTESIAN_POINT('',(-8.89,22.39,1.6));
#1519=CIRCLE('',#1520,0.8);
#1520=AXIS2_PLACEMENT_3D('',#1521,#195,#149);
#1521=CARTESIAN_POINT('',(-8.89,21.59,1.6));
#1522=ORIENTED_EDGE('',*,*,#1523,.T.);
#1523=EDGE_CURVE('',#1517,#1524,#1526,.T.);
#1524=VERTEX_POINT('',#1525);
#1525=CARTESIAN_POINT('',(-10.5,22.39,1.6));
#1526=LINE('',#1527,#226);
#1527=CARTESIAN_POINT('',(-4.445,22.39,1.6));
#1528=ORIENTED_EDGE('',*,*,#1529,.T.);
#1529=EDGE_CURVE('',#1524,#1530,#168,.T.);
#1530=VERTEX_POINT('',#1531);
#1531=CARTESIAN_POINT('',(-10.5,23.33,1.6));
#1532=ORIENTED_EDGE('',*,*,#1533,.T.);
#1533=EDGE_CURVE('',#1530,#1534,#1536,.T.);
#1534=VERTEX_POINT('',#1535);
#1535=CARTESIAN_POINT('',(-8.89,23.33,1.6));
#1536=LINE('',#1537,#138);
#1537=CARTESIAN_POINT('',(-6.055,23.33,1.6));
#1538=ORIENTED_EDGE('',*,*,#1539,.F.);
#1539=EDGE_CURVE('',#1540,#1534,#1542,.T.);
#1540=VERTEX_POINT('',#1541);
#1541=CARTESIAN_POINT('',(-8.89,24.93,1.6));
#1542=CIRCLE('',#1543,0.8);
#1543=AXIS2_PLACEMENT_3D('',#1544,#195,#149);
#1544=CARTESIAN_POINT('',(-8.89,24.13,1.6));
#1545=ORIENTED_EDGE('',*,*,#1546,.T.);
#1546=EDGE_CURVE('',#1540,#162,#1547,.T.);
#1547=LINE('',#1548,#226);
#1548=CARTESIAN_POINT('',(-4.445,24.93,1.6));
#1549=ORIENTED_EDGE('',*,*,#1550,.T.);
#1550=EDGE_CURVE('',#187,#1551,#1553,.T.);
#1551=VERTEX_POINT('',#1552);
#1552=CARTESIAN_POINT('',(8.89,24.93,1.6));
#1553=LINE('',#1554,#226);
#1554=CARTESIAN_POINT('',(6.055,24.93,1.6));
#1555=ORIENTED_EDGE('',*,*,#1556,.F.);
#1556=EDGE_CURVE('',#1557,#1551,#1559,.T.);
#1557=VERTEX_POINT('',#1558);
#1558=CARTESIAN_POINT('',(8.89,23.33,1.6));
#1559=CIRCLE('',#1560,0.8);
#1560=AXIS2_PLACEMENT_3D('',#1561,#195,#183);
#1561=CARTESIAN_POINT('',(8.89,24.13,1.6));
#1562=ORIENTED_EDGE('',*,*,#1563,.T.);
#1563=EDGE_CURVE('',#1557,#1564,#1566,.T.);
#1564=VERTEX_POINT('',#1565);
#1565=CARTESIAN_POINT('',(10.5,23.33,1.6));
#1566=LINE('',#1567,#138);
#1567=CARTESIAN_POINT('',(4.445,23.33,1.6));
#1568=ORIENTED_EDGE('',*,*,#1569,.T.);
#1569=EDGE_CURVE('',#1564,#1570,#189,.T.);
#1570=VERTEX_POINT('',#1571);
#1571=CARTESIAN_POINT('',(10.5,22.39,1.6));
#1572=ORIENTED_EDGE('',*,*,#1573,.T.);
#1573=EDGE_CURVE('',#1570,#1574,#1576,.T.);
#1574=VERTEX_POINT('',#1575);
#1575=CARTESIAN_POINT('',(8.89,22.39,1.6));
#1576=LINE('',#1577,#226);
#1577=CARTESIAN_POINT('',(6.055,22.39,1.6));
#1578=ORIENTED_EDGE('',*,*,#1579,.F.);
#1579=EDGE_CURVE('',#1580,#1574,#1582,.T.);
#1580=VERTEX_POINT('',#1581);
#1581=CARTESIAN_POINT('',(8.89,20.79,1.6));
#1582=CIRCLE('',#1583,0.8);
#1583=AXIS2_PLACEMENT_3D('',#1584,#195,#183);
#1584=CARTESIAN_POINT('',(8.89,21.59,1.6));
#1585=ORIENTED_EDGE('',*,*,#1586,.T.);
#1586=EDGE_CURVE('',#1580,#1587,#1589,.T.);
#1587=VERTEX_POINT('',#1588);
#1588=CARTESIAN_POINT('',(10.5,20.79,1.6));
#1589=LINE('',#1590,#138);
#1590=CARTESIAN_POINT('',(4.445,20.79,1.6));
#1591=ORIENTED_EDGE('',*,*,#1592,.T.);
#1592=EDGE_CURVE('',#1587,#1593,#189,.T.);
#1593=VERTEX_POINT('',#1594);
#1594=CARTESIAN_POINT('',(10.5,19.85,1.6));
#1595=ORIENTED_EDGE('',*,*,#1596,.T.);
#1596=EDGE_CURVE('',#1593,#1597,#1599,.T.);
#1597=VERTEX_POINT('',#1598);
#1598=CARTESIAN_POINT('',(8.89,19.85,1.6));
#1599=LINE('',#1600,#226);
#1600=CARTESIAN_POINT('',(6.055,19.85,1.6));
#1601=ORIENTED_EDGE('',*,*,#1602,.F.);
#1602=EDGE_CURVE('',#1603,#1597,#1605,.T.);
#1603=VERTEX_POINT('',#1604);
#1604=CARTESIAN_POINT('',(8.89,18.25,1.6));
#1605=CIRCLE('',#1606,0.8);
#1606=AXIS2_PLACEMENT_3D('',#1607,#195,#183);
#1607=CARTESIAN_POINT('',(8.89,19.05,1.6));
#1608=ORIENTED_EDGE('',*,*,#1609,.T.);
#1609=EDGE_CURVE('',#1603,#1610,#1612,.T.);
#1610=VERTEX_POINT('',#1611);
#1611=CARTESIAN_POINT('',(10.5,18.25,1.6));
#1612=LINE('',#1613,#138);
#1613=CARTESIAN_POINT('',(4.445,18.25,1.6));
#1614=ORIENTED_EDGE('',*,*,#1615,.T.);
#1615=EDGE_CURVE('',#1610,#1616,#189,.T.);
#1616=VERTEX_POINT('',#1617);
#1617=CARTESIAN_POINT('',(10.5,17.31,1.6));
#1618=ORIENTED_EDGE('',*,*,#1619,.T.);
#1619=EDGE_CURVE('',#1616,#1620,#1622,.T.);
#1620=VERTEX_POINT('',#1621);
#1621=CARTESIAN_POINT('',(8.89,17.31,1.6));
#1622=LINE('',#1623,#226);
#1623=CARTESIAN_POINT('',(6.055,17.31,1.6));
#1624=ORIENTED_EDGE('',*,*,#1625,.F.);
#1625=EDGE_CURVE('',#1626,#1620,#1628,.T.);
#1626=VERTEX_POINT('',#1627);
#1627=CARTESIAN_POINT('',(8.89,15.71,1.6));
#1628=CIRCLE('',#1629,0.8);
#1629=AXIS2_PLACEMENT_3D('',#1630,#195,#183);
#1630=CARTESIAN_POINT('',(8.89,16.51,1.6));
#1631=ORIENTED_EDGE('',*,*,#1632,.T.);
#1632=EDGE_CURVE('',#1626,#1633,#1635,.T.);
#1633=VERTEX_POINT('',#1634);
#1634=CARTESIAN_POINT('',(10.5,15.71,1.6));
#1635=LINE('',#1636,#138);
#1636=CARTESIAN_POINT('',(4.445,15.71,1.6));
#1637=ORIENTED_EDGE('',*,*,#1638,.T.);
#1638=EDGE_CURVE('',#1633,#1639,#189,.T.);
#1639=VERTEX_POINT('',#1640);
#1640=CARTESIAN_POINT('',(10.5,14.77,1.6));
#1641=ORIENTED_EDGE('',*,*,#1642,.T.);
#1642=EDGE_CURVE('',#1639,#1643,#1645,.T.);
#1643=VERTEX_POINT('',#1644);
#1644=CARTESIAN_POINT('',(8.89,14.77,1.6));
#1645=LINE('',#1646,#226);
#1646=CARTESIAN_POINT('',(6.055,14.77,1.6));
#1647=ORIENTED_EDGE('',*,*,#1648,.F.);
#1648=EDGE_CURVE('',#1649,#1643,#1651,.T.);
#1649=VERTEX_POINT('',#1650);
#1650=CARTESIAN_POINT('',(8.89,13.17,1.6));
#1651=CIRCLE('',#1652,0.8);
#1652=AXIS2_PLACEMENT_3D('',#1653,#195,#183);
#1653=CARTESIAN_POINT('',(8.89,13.97,1.6));
#1654=ORIENTED_EDGE('',*,*,#1655,.T.);
#1655=EDGE_CURVE('',#1649,#1656,#1658,.T.);
#1656=VERTEX_POINT('',#1657);
#1657=CARTESIAN_POINT('',(10.5,13.17,1.6));
#1658=LINE('',#1659,#138);
#1659=CARTESIAN_POINT('',(4.445,13.17,1.6));
#1660=ORIENTED_EDGE('',*,*,#1661,.T.);
#1661=EDGE_CURVE('',#1656,#1662,#189,.T.);
#1662=VERTEX_POINT('',#1663);
#1663=CARTESIAN_POINT('',(10.5,12.23,1.6));
#1664=ORIENTED_EDGE('',*,*,#1665,.T.);
#1665=EDGE_CURVE('',#1662,#1666,#1668,.T.);
#1666=VERTEX_POINT('',#1667);
#1667=CARTESIAN_POINT('',(8.89,12.23,1.6));
#1668=LINE('',#1669,#226);
#1669=CARTESIAN_POINT('',(6.055,12.23,1.6));
#1670=ORIENTED_EDGE('',*,*,#1671,.F.);
#1671=EDGE_CURVE('',#1672,#1666,#1674,.T.);
#1672=VERTEX_POINT('',#1673);
#1673=CARTESIAN_POINT('',(8.89,10.63,1.6));
#1674=CIRCLE('',#1675,0.8);
#1675=AXIS2_PLACEMENT_3D('',#1676,#195,#183);
#1676=CARTESIAN_POINT('',(8.89,11.43,1.6));
#1677=ORIENTED_EDGE('',*,*,#1678,.T.);
#1678=EDGE_CURVE('',#1672,#1679,#1681,.T.);
#1679=VERTEX_POINT('',#1680);
#1680=CARTESIAN_POINT('',(10.5,10.63,1.6));
#1681=LINE('',#1682,#138);
#1682=CARTESIAN_POINT('',(4.445,10.63,1.6));
#1683=ORIENTED_EDGE('',*,*,#1684,.T.);
#1684=EDGE_CURVE('',#1679,#1685,#189,.T.);
#1685=VERTEX_POINT('',#1686);
#1686=CARTESIAN_POINT('',(10.5,9.69,1.6));
#1687=ORIENTED_EDGE('',*,*,#1688,.T.);
#1688=EDGE_CURVE('',#1685,#1689,#1691,.T.);
#1689=VERTEX_POINT('',#1690);
#1690=CARTESIAN_POINT('',(8.89,9.69,1.6));
#1691=LINE('',#1692,#226);
#1692=CARTESIAN_POINT('',(6.055,9.69,1.6));
#1693=ORIENTED_EDGE('',*,*,#1694,.F.);
#1694=EDGE_CURVE('',#1695,#1689,#1697,.T.);
#1695=VERTEX_POINT('',#1696);
#1696=CARTESIAN_POINT('',(8.89,8.09,1.6));
#1697=CIRCLE('',#1698,0.8);
#1698=AXIS2_PLACEMENT_3D('',#1699,#195,#183);
#1699=CARTESIAN_POINT('',(8.89,8.89,1.6));
#1700=ORIENTED_EDGE('',*,*,#1701,.T.);
#1701=EDGE_CURVE('',#1695,#1702,#1704,.T.);
#1702=VERTEX_POINT('',#1703);
#1703=CARTESIAN_POINT('',(10.5,8.09,1.6));
#1704=LINE('',#1705,#138);
#1705=CARTESIAN_POINT('',(4.445,8.09,1.6));
#1706=ORIENTED_EDGE('',*,*,#1707,.T.);
#1707=EDGE_CURVE('',#1702,#1708,#189,.T.);
#1708=VERTEX_POINT('',#1709);
#1709=CARTESIAN_POINT('',(10.5,7.15,1.6));
#1710=ORIENTED_EDGE('',*,*,#1711,.T.);
#1711=EDGE_CURVE('',#1708,#1712,#1714,.T.);
#1712=VERTEX_POINT('',#1713);
#1713=CARTESIAN_POINT('',(8.89,7.15,1.6));
#1714=LINE('',#1715,#226);
#1715=CARTESIAN_POINT('',(6.055,7.15,1.6));
#1716=ORIENTED_EDGE('',*,*,#1717,.F.);
#1717=EDGE_CURVE('',#1718,#1712,#1720,.T.);
#1718=VERTEX_POINT('',#1719);
#1719=CARTESIAN_POINT('',(8.89,5.55,1.6));
#1720=CIRCLE('',#1721,0.8);
#1721=AXIS2_PLACEMENT_3D('',#1722,#195,#183);
#1722=CARTESIAN_POINT('',(8.89,6.35,1.6));
#1723=ORIENTED_EDGE('',*,*,#1724,.T.);
#1724=EDGE_CURVE('',#1718,#1725,#1727,.T.);
#1725=VERTEX_POINT('',#1726);
#1726=CARTESIAN_POINT('',(10.5,5.55,1.6));
#1727=LINE('',#1728,#138);
#1728=CARTESIAN_POINT('',(4.445,5.55,1.6));
#1729=ORIENTED_EDGE('',*,*,#1730,.T.);
#1730=EDGE_CURVE('',#1725,#1731,#189,.T.);
#1731=VERTEX_POINT('',#1732);
#1732=CARTESIAN_POINT('',(10.5,4.61,1.6));
#1733=ORIENTED_EDGE('',*,*,#1734,.T.);
#1734=EDGE_CURVE('',#1731,#1735,#1737,.T.);
#1735=VERTEX_POINT('',#1736);
#1736=CARTESIAN_POINT('',(8.89,4.61,1.6));
#1737=LINE('',#1738,#226);
#1738=CARTESIAN_POINT('',(6.055,4.61,1.6));
#1739=ORIENTED_EDGE('',*,*,#1740,.F.);
#1740=EDGE_CURVE('',#1741,#1735,#1743,.T.);
#1741=VERTEX_POINT('',#1742);
#1742=CARTESIAN_POINT('',(8.89,3.01,1.6));
#1743=CIRCLE('',#1744,0.8);
#1744=AXIS2_PLACEMENT_3D('',#1745,#195,#183);
#1745=CARTESIAN_POINT('',(8.89,3.81,1.6));
#1746=ORIENTED_EDGE('',*,*,#1747,.T.);
#1747=EDGE_CURVE('',#1741,#1748,#1750,.T.);
#1748=VERTEX_POINT('',#1749);
#1749=CARTESIAN_POINT('',(10.5,3.01,1.6));
#1750=LINE('',#1751,#138);
#1751=CARTESIAN_POINT('',(4.445,3.01,1.6));
#1752=ORIENTED_EDGE('',*,*,#1753,.T.);
#1753=EDGE_CURVE('',#1748,#1754,#189,.T.);
#1754=VERTEX_POINT('',#1755);
#1755=CARTESIAN_POINT('',(10.5,2.07,1.6));
#1756=ORIENTED_EDGE('',*,*,#1757,.T.);
#1757=EDGE_CURVE('',#1754,#1758,#1760,.T.);
#1758=VERTEX_POINT('',#1759);
#1759=CARTESIAN_POINT('',(8.89,2.07,1.6));
#1760=LINE('',#1761,#226);
#1761=CARTESIAN_POINT('',(6.055,2.07,1.6));
#1762=ORIENTED_EDGE('',*,*,#1763,.F.);
#1763=EDGE_CURVE('',#1764,#1758,#1766,.T.);
#1764=VERTEX_POINT('',#1765);
#1765=CARTESIAN_POINT('',(8.89,0.47,1.6));
#1766=CIRCLE('',#1767,0.8);
#1767=AXIS2_PLACEMENT_3D('',#1768,#195,#183);
#1768=CARTESIAN_POINT('',(8.89,1.27,1.6));
#1769=ORIENTED_EDGE('',*,*,#1770,.T.);
#1770=EDGE_CURVE('',#1764,#1771,#1773,.T.);
#1771=VERTEX_POINT('',#1772);
#1772=CARTESIAN_POINT('',(10.5,0.47,1.6));
#1773=LINE('',#1774,#138);
#1774=CARTESIAN_POINT('',(4.445,0.47,1.6));
#1775=ORIENTED_EDGE('',*,*,#1776,.T.);
#1776=EDGE_CURVE('',#1771,#1777,#189,.T.);
#1777=VERTEX_POINT('',#1778);
#1778=CARTESIAN_POINT('',(10.5,-0.47,1.6));
#1779=ORIENTED_EDGE('',*,*,#1780,.T.);
#1780=EDGE_CURVE('',#1777,#1781,#1783,.T.);
#1781=VERTEX_POINT('',#1782);
#1782=CARTESIAN_POINT('',(8.89,-0.47,1.6));
#1783=LINE('',#1784,#226);
#1784=CARTESIAN_POINT('',(6.055,-0.47,1.6));
#1785=ORIENTED_EDGE('',*,*,#1786,.F.);
#1786=EDGE_CURVE('',#1787,#1781,#1789,.T.);
#1787=VERTEX_POINT('',#1788);
#1788=CARTESIAN_POINT('',(8.89,-2.07,1.6));
#1789=CIRCLE('',#1790,0.8);
#1790=AXIS2_PLACEMENT_3D('',#1791,#195,#183);
#1791=CARTESIAN_POINT('',(8.89,-1.27,1.6));
#1792=ORIENTED_EDGE('',*,*,#1793,.T.);
#1793=EDGE_CURVE('',#1787,#1794,#1796,.T.);
#1794=VERTEX_POINT('',#1795);
#1795=CARTESIAN_POINT('',(10.5,-2.07,1.6));
#1796=LINE('',#1797,#138);
#1797=CARTESIAN_POINT('',(4.445,-2.07,1.6));
#1798=ORIENTED_EDGE('',*,*,#1799,.T.);
#1799=EDGE_CURVE('',#1794,#1800,#189,.T.);
#1800=VERTEX_POINT('',#1801);
#1801=CARTESIAN_POINT('',(10.5,-3.01,1.6));
#1802=ORIENTED_EDGE('',*,*,#1803,.T.);
#1803=EDGE_CURVE('',#1800,#1804,#1806,.T.);
#1804=VERTEX_POINT('',#1805);
#1805=CARTESIAN_POINT('',(8.89,-3.01,1.6));
#1806=LINE('',#1807,#226);
#1807=CARTESIAN_POINT('',(6.055,-3.01,1.6));
#1808=ORIENTED_EDGE('',*,*,#1809,.F.);
#1809=EDGE_CURVE('',#1810,#1804,#1812,.T.);
#1810=VERTEX_POINT('',#1811);
#1811=CARTESIAN_POINT('',(8.89,-4.61,1.6));
#1812=CIRCLE('',#1813,0.8);
#1813=AXIS2_PLACEMENT_3D('',#1814,#195,#183);
#1814=CARTESIAN_POINT('',(8.89,-3.81,1.6));
#1815=ORIENTED_EDGE('',*,*,#1816,.T.);
#1816=EDGE_CURVE('',#1810,#1817,#1819,.T.);
#1817=VERTEX_POINT('',#1818);
#1818=CARTESIAN_POINT('',(10.5,-4.61,1.6));
#1819=LINE('',#1820,#138);
#1820=CARTESIAN_POINT('',(4.445,-4.61,1.6));
#1821=ORIENTED_EDGE('',*,*,#1822,.T.);
#1822=EDGE_CURVE('',#1817,#1823,#189,.T.);
#1823=VERTEX_POINT('',#1824);
#1824=CARTESIAN_POINT('',(10.5,-5.55,1.6));
#1825=ORIENTED_EDGE('',*,*,#1826,.T.);
#1826=EDGE_CURVE('',#1823,#1827,#1829,.T.);
#1827=VERTEX_POINT('',#1828);
#1828=CARTESIAN_POINT('',(8.89,-5.55,1.6));
#1829=LINE('',#1830,#226);
#1830=CARTESIAN_POINT('',(6.055,-5.55,1.6));
#1831=ORIENTED_EDGE('',*,*,#1832,.F.);
#1832=EDGE_CURVE('',#1833,#1827,#1835,.T.);
#1833=VERTEX_POINT('',#1834);
#1834=CARTESIAN_POINT('',(8.89,-7.15,1.6));
#1835=CIRCLE('',#1836,0.8);
#1836=AXIS2_PLACEMENT_3D('',#1837,#195,#183);
#1837=CARTESIAN_POINT('',(8.89,-6.35,1.6));
#1838=ORIENTED_EDGE('',*,*,#1839,.T.);
#1839=EDGE_CURVE('',#1833,#1840,#1842,.T.);
#1840=VERTEX_POINT('',#1841);
#1841=CARTESIAN_POINT('',(10.5,-7.15,1.6));
#1842=LINE('',#1843,#138);
#1843=CARTESIAN_POINT('',(4.445,-7.15,1.6));
#1844=ORIENTED_EDGE('',*,*,#1845,.T.);
#1845=EDGE_CURVE('',#1840,#1846,#189,.T.);
#1846=VERTEX_POINT('',#1847);
#1847=CARTESIAN_POINT('',(10.5,-8.09,1.6));
#1848=ORIENTED_EDGE('',*,*,#1849,.T.);
#1849=EDGE_CURVE('',#1846,#1850,#1852,.T.);
#1850=VERTEX_POINT('',#1851);
#1851=CARTESIAN_POINT('',(8.89,-8.09,1.6));
#1852=LINE('',#1853,#226);
#1853=CARTESIAN_POINT('',(6.055,-8.09,1.6));
#1854=ORIENTED_EDGE('',*,*,#1855,.F.);
#1855=EDGE_CURVE('',#1856,#1850,#1858,.T.);
#1856=VERTEX_POINT('',#1857);
#1857=CARTESIAN_POINT('',(8.89,-9.69,1.6));
#1858=CIRCLE('',#1859,0.8);
#1859=AXIS2_PLACEMENT_3D('',#1860,#195,#183);
#1860=CARTESIAN_POINT('',(8.89,-8.89,1.6));
#1861=ORIENTED_EDGE('',*,*,#1862,.T.);
#1862=EDGE_CURVE('',#1856,#1863,#1865,.T.);
#1863=VERTEX_POINT('',#1864);
#1864=CARTESIAN_POINT('',(10.5,-9.69,1.6));
#1865=LINE('',#1866,#138);
#1866=CARTESIAN_POINT('',(4.445,-9.69,1.6));
#1867=ORIENTED_EDGE('',*,*,#1868,.T.);
#1868=EDGE_CURVE('',#1863,#1869,#189,.T.);
#1869=VERTEX_POINT('',#1870);
#1870=CARTESIAN_POINT('',(10.5,-10.63,1.6));
#1871=ORIENTED_EDGE('',*,*,#1872,.T.);
#1872=EDGE_CURVE('',#1869,#1873,#1875,.T.);
#1873=VERTEX_POINT('',#1874);
#1874=CARTESIAN_POINT('',(8.89,-10.63,1.6));
#1875=LINE('',#1876,#226);
#1876=CARTESIAN_POINT('',(6.055,-10.63,1.6));
#1877=ORIENTED_EDGE('',*,*,#1878,.F.);
#1878=EDGE_CURVE('',#1879,#1873,#1881,.T.);
#1879=VERTEX_POINT('',#1880);
#1880=CARTESIAN_POINT('',(8.89,-12.23,1.6));
#1881=CIRCLE('',#1882,0.8);
#1882=AXIS2_PLACEMENT_3D('',#1883,#195,#183);
#1883=CARTESIAN_POINT('',(8.89,-11.43,1.6));
#1884=ORIENTED_EDGE('',*,*,#1885,.T.);
#1885=EDGE_CURVE('',#1879,#1886,#1888,.T.);
#1886=VERTEX_POINT('',#1887);
#1887=CARTESIAN_POINT('',(10.5,-12.23,1.6));
#1888=LINE('',#1889,#138);
#1889=CARTESIAN_POINT('',(4.445,-12.23,1.6));
#1890=ORIENTED_EDGE('',*,*,#1891,.T.);
#1891=EDGE_CURVE('',#1886,#1892,#189,.T.);
#1892=VERTEX_POINT('',#1893);
#1893=CARTESIAN_POINT('',(10.5,-13.17,1.6));
#1894=ORIENTED_EDGE('',*,*,#1895,.T.);
#1895=EDGE_CURVE('',#1892,#1896,#1898,.T.);
#1896=VERTEX_POINT('',#1897);
#1897=CARTESIAN_POINT('',(8.89,-13.17,1.6));
#1898=LINE('',#1899,#226);
#1899=CARTESIAN_POINT('',(6.055,-13.17,1.6));
#1900=ORIENTED_EDGE('',*,*,#1901,.F.);
#1901=EDGE_CURVE('',#1902,#1896,#1904,.T.);
#1902=VERTEX_POINT('',#1903);
#1903=CARTESIAN_POINT('',(8.89,-14.77,1.6));
#1904=CIRCLE('',#1905,0.8);
#1905=AXIS2_PLACEMENT_3D('',#1906,#195,#183);
#1906=CARTESIAN_POINT('',(8.89,-13.97,1.6));
#1907=ORIENTED_EDGE('',*,*,#1908,.T.);
#1908=EDGE_CURVE('',#1902,#1909,#1911,.T.);
#1909=VERTEX_POINT('',#1910);
#1910=CARTESIAN_POINT('',(10.5,-14.77,1.6));
#1911=LINE('',#1912,#138);
#1912=CARTESIAN_POINT('',(4.445,-14.77,1.6));
#1913=ORIENTED_EDGE('',*,*,#1914,.T.);
#1914=EDGE_CURVE('',#1909,#1915,#189,.T.);
#1915=VERTEX_POINT('',#1916);
#1916=CARTESIAN_POINT('',(10.5,-15.71,1.6));
#1917=ORIENTED_EDGE('',*,*,#1918,.T.);
#1918=EDGE_CURVE('',#1915,#1919,#1921,.T.);
#1919=VERTEX_POINT('',#1920);
#1920=CARTESIAN_POINT('',(8.89,-15.71,1.6));
#1921=LINE('',#1922,#226);
#1922=CARTESIAN_POINT('',(6.055,-15.71,1.6));
#1923=ORIENTED_EDGE('',*,*,#1924,.F.);
#1924=EDGE_CURVE('',#1925,#1919,#1927,.T.);
#1925=VERTEX_POINT('',#1926);
#1926=CARTESIAN_POINT('',(8.89,-17.31,1.6));
#1927=CIRCLE('',#1928,0.8);
#1928=AXIS2_PLACEMENT_3D('',#1929,#195,#183);
#1929=CARTESIAN_POINT('',(8.89,-16.51,1.6));
#1930=ORIENTED_EDGE('',*,*,#1931,.T.);
#1931=EDGE_CURVE('',#1925,#1932,#1934,.T.);
#1932=VERTEX_POINT('',#1933);
#1933=CARTESIAN_POINT('',(10.5,-17.31,1.6));
#1934=LINE('',#1935,#138);
#1935=CARTESIAN_POINT('',(4.445,-17.31,1.6));
#1936=ORIENTED_EDGE('',*,*,#1937,.T.);
#1937=EDGE_CURVE('',#1932,#1938,#189,.T.);
#1938=VERTEX_POINT('',#1939);
#1939=CARTESIAN_POINT('',(10.5,-18.25,1.6));
#1940=ORIENTED_EDGE('',*,*,#1941,.T.);
#1941=EDGE_CURVE('',#1938,#1942,#1944,.T.);
#1942=VERTEX_POINT('',#1943);
#1943=CARTESIAN_POINT('',(8.89,-18.25,1.6));
#1944=LINE('',#1945,#226);
#1945=CARTESIAN_POINT('',(6.055,-18.25,1.6));
#1946=ORIENTED_EDGE('',*,*,#1947,.F.);
#1947=EDGE_CURVE('',#1948,#1942,#1950,.T.);
#1948=VERTEX_POINT('',#1949);
#1949=CARTESIAN_POINT('',(8.89,-19.85,1.6));
#1950=CIRCLE('',#1951,0.8);
#1951=AXIS2_PLACEMENT_3D('',#1952,#195,#183);
#1952=CARTESIAN_POINT('',(8.89,-19.05,1.6));
#1953=ORIENTED_EDGE('',*,*,#1954,.T.);
#1954=EDGE_CURVE('',#1948,#1955,#1957,.T.);
#1955=VERTEX_POINT('',#1956);
#1956=CARTESIAN_POINT('',(10.5,-19.85,1.6));
#1957=LINE('',#1958,#138);
#1958=CARTESIAN_POINT('',(4.445,-19.85,1.6));
#1959=ORIENTED_EDGE('',*,*,#1960,.T.);
#1960=EDGE_CURVE('',#1955,#1961,#189,.T.);
#1961=VERTEX_POINT('',#1962);
#1962=CARTESIAN_POINT('',(10.5,-20.79,1.6));
#1963=ORIENTED_EDGE('',*,*,#1964,.T.);
#1964=EDGE_CURVE('',#1961,#1965,#1967,.T.);
#1965=VERTEX_POINT('',#1966);
#1966=CARTESIAN_POINT('',(8.89,-20.79,1.6));
#1967=LINE('',#1968,#226);
#1968=CARTESIAN_POINT('',(6.055,-20.79,1.6));
#1969=ORIENTED_EDGE('',*,*,#1970,.F.);
#1970=EDGE_CURVE('',#1971,#1965,#1973,.T.);
#1971=VERTEX_POINT('',#1972);
#1972=CARTESIAN_POINT('',(8.89,-22.39,1.6));
#1973=CIRCLE('',#1974,0.8);
#1974=AXIS2_PLACEMENT_3D('',#1975,#195,#183);
#1975=CARTESIAN_POINT('',(8.89,-21.59,1.6));
#1976=ORIENTED_EDGE('',*,*,#1977,.T.);
#1977=EDGE_CURVE('',#1971,#1978,#1980,.T.);
#1978=VERTEX_POINT('',#1979);
#1979=CARTESIAN_POINT('',(10.5,-22.39,1.6));
#1980=LINE('',#1981,#138);
#1981=CARTESIAN_POINT('',(4.445,-22.39,1.6));
#1982=ORIENTED_EDGE('',*,*,#1983,.T.);
#1983=EDGE_CURVE('',#1978,#1984,#189,.T.);
#1984=VERTEX_POINT('',#1985);
#1985=CARTESIAN_POINT('',(10.5,-23.33,1.6));
#1986=ORIENTED_EDGE('',*,*,#1987,.T.);
#1987=EDGE_CURVE('',#1984,#1988,#1990,.T.);
#1988=VERTEX_POINT('',#1989);
#1989=CARTESIAN_POINT('',(8.89,-23.33,1.6));
#1990=LINE('',#1991,#226);
#1991=CARTESIAN_POINT('',(6.055,-23.33,1.6));
#1992=ORIENTED_EDGE('',*,*,#1993,.F.);
#1993=EDGE_CURVE('',#1994,#1988,#1996,.T.);
#1994=VERTEX_POINT('',#1995);
#1995=CARTESIAN_POINT('',(8.89,-24.93,1.6));
#1996=CIRCLE('',#1997,0.8);
#1997=AXIS2_PLACEMENT_3D('',#1998,#195,#183);
#1998=CARTESIAN_POINT('',(8.89,-24.13,1.6));
#1999=ORIENTED_EDGE('',*,*,#2000,.T.);
#2000=EDGE_CURVE('',#1994,#2001,#2003,.T.);
#2001=VERTEX_POINT('',#2002);
#2002=CARTESIAN_POINT('',(10.5,-24.93,1.6));
#2003=LINE('',#2004,#138);
#2004=CARTESIAN_POINT('',(4.445,-24.93,1.6));
#2005=ORIENTED_EDGE('',*,*,#2006,.T.);
#2006=EDGE_CURVE('',#2001,#2007,#189,.T.);
#2007=VERTEX_POINT('',#2008);
#2008=CARTESIAN_POINT('',(10.5,-25.5,1.6));
#2009=ORIENTED_EDGE('',*,*,#2010,.T.);
#2010=EDGE_CURVE('',#2007,#2011,#2013,.T.);
#2011=VERTEX_POINT('',#2012);
#2012=CARTESIAN_POINT('',(3.34,-25.5,1.6));
#2013=LINE('',#2008,#226);
#2014=ORIENTED_EDGE('',*,*,#2015,.T.);
#2015=EDGE_CURVE('',#2011,#2016,#2018,.T.);
#2016=VERTEX_POINT('',#2017);
#2017=CARTESIAN_POINT('',(3.34,-23.89,1.6));
#2018=LINE('',#2019,#159);
#2019=CARTESIAN_POINT('',(3.34,-13.555,1.6));
#2020=ORIENTED_EDGE('',*,*,#2021,.F.);
#2021=EDGE_CURVE('',#2022,#2016,#2024,.T.);
#2022=VERTEX_POINT('',#2023);
#2023=CARTESIAN_POINT('',(1.74,-23.89,1.6));
#2024=CIRCLE('',#2025,0.8);
#2025=AXIS2_PLACEMENT_3D('',#2026,#195,#173);
#2026=CARTESIAN_POINT('',(2.54,-23.89,1.6));
#2027=ORIENTED_EDGE('',*,*,#2028,.T.);
#2028=EDGE_CURVE('',#2022,#2029,#2031,.T.);
#2029=VERTEX_POINT('',#2030);
#2030=CARTESIAN_POINT('',(1.74,-25.5,1.6));
#2031=LINE('',#2032,#182);
#2032=CARTESIAN_POINT('',(1.74,-11.945,1.6));
#2033=ORIENTED_EDGE('',*,*,#2034,.T.);
#2034=EDGE_CURVE('',#2029,#2035,#2013,.T.);
#2035=VERTEX_POINT('',#2036);
#2036=CARTESIAN_POINT('',(0.8,-25.5,1.6));
#2037=ORIENTED_EDGE('',*,*,#2038,.T.);
#2038=EDGE_CURVE('',#2035,#2039,#2041,.T.);
#2039=VERTEX_POINT('',#2040);
#2040=CARTESIAN_POINT('',(0.8,-23.89,1.6));
#2041=LINE('',#2042,#159);
#2042=CARTESIAN_POINT('',(0.8,-13.555,1.6));
#2043=ORIENTED_EDGE('',*,*,#2044,.F.);
#2044=EDGE_CURVE('',#2045,#2039,#2047,.T.);
#2045=VERTEX_POINT('',#2046);
#2046=CARTESIAN_POINT('',(-0.8,-23.89,1.6));
#2047=CIRCLE('',#2048,0.8);
#2048=AXIS2_PLACEMENT_3D('',#2049,#195,#173);
#2049=CARTESIAN_POINT('',(0.,-23.89,1.6));
#2050=ORIENTED_EDGE('',*,*,#2051,.T.);
#2051=EDGE_CURVE('',#2045,#2052,#2054,.T.);
#2052=VERTEX_POINT('',#2053);
#2053=CARTESIAN_POINT('',(-0.8,-25.5,1.6));
#2054=LINE('',#2055,#182);
#2055=CARTESIAN_POINT('',(-0.8,-11.945,1.6));
#2056=ORIENTED_EDGE('',*,*,#2057,.T.);
#2057=EDGE_CURVE('',#2052,#2058,#2013,.T.);
#2058=VERTEX_POINT('',#2059);
#2059=CARTESIAN_POINT('',(-1.74,-25.5,1.6));
#2060=ORIENTED_EDGE('',*,*,#2061,.T.);
#2061=EDGE_CURVE('',#2058,#2062,#2064,.T.);
#2062=VERTEX_POINT('',#2063);
#2063=CARTESIAN_POINT('',(-1.74,-23.89,1.6));
#2064=LINE('',#2065,#159);
#2065=CARTESIAN_POINT('',(-1.74,-13.555,1.6));
#2066=ORIENTED_EDGE('',*,*,#2067,.F.);
#2067=EDGE_CURVE('',#2068,#2062,#2070,.T.);
#2068=VERTEX_POINT('',#2069);
#2069=CARTESIAN_POINT('',(-3.34,-23.89,1.6));
#2070=CIRCLE('',#2071,0.8);
#2071=AXIS2_PLACEMENT_3D('',#2072,#195,#173);
#2072=CARTESIAN_POINT('',(-2.54,-23.89,1.6));
#2073=ORIENTED_EDGE('',*,*,#2074,.T.);
#2074=EDGE_CURVE('',#2068,#2075,#2077,.T.);
#2075=VERTEX_POINT('',#2076);
#2076=CARTESIAN_POINT('',(-3.34,-25.5,1.6));
#2077=LINE('',#2078,#182);
#2078=CARTESIAN_POINT('',(-3.34,-11.945,1.6));
#2079=ORIENTED_EDGE('',*,*,#2080,.T.);
#2080=EDGE_CURVE('',#2075,#2081,#2013,.T.);
#2081=VERTEX_POINT('',#169);
#2082=ORIENTED_EDGE('',*,*,#2083,.T.);
#2083=EDGE_CURVE('',#2081,#2084,#168,.T.);
#2084=VERTEX_POINT('',#2085);
#2085=CARTESIAN_POINT('',(-10.5,-24.93,1.6));
#2086=ORIENTED_EDGE('',*,*,#2087,.T.);
#2087=EDGE_CURVE('',#2084,#2088,#2090,.T.);
#2088=VERTEX_POINT('',#2089);
#2089=CARTESIAN_POINT('',(-8.89,-24.93,1.6));
#2090=LINE('',#2091,#138);
#2091=CARTESIAN_POINT('',(-6.055,-24.93,1.6));
#2092=ORIENTED_EDGE('',*,*,#2093,.F.);
#2093=EDGE_CURVE('',#2094,#2088,#2096,.T.);
#2094=VERTEX_POINT('',#2095);
#2095=CARTESIAN_POINT('',(-8.89,-23.33,1.6));
#2096=CIRCLE('',#2097,0.8);
#2097=AXIS2_PLACEMENT_3D('',#2098,#195,#149);
#2098=CARTESIAN_POINT('',(-8.89,-24.13,1.6));
#2099=ORIENTED_EDGE('',*,*,#2100,.T.);
#2100=EDGE_CURVE('',#2094,#2101,#2103,.T.);
#2101=VERTEX_POINT('',#2102);
#2102=CARTESIAN_POINT('',(-10.5,-23.33,1.6));
#2103=LINE('',#2104,#226);
#2104=CARTESIAN_POINT('',(-4.445,-23.33,1.6));
#2105=ORIENTED_EDGE('',*,*,#2106,.T.);
#2106=EDGE_CURVE('',#2101,#2107,#168,.T.);
#2107=VERTEX_POINT('',#2108);
#2108=CARTESIAN_POINT('',(-10.5,-22.39,1.6));
#2109=ORIENTED_EDGE('',*,*,#2110,.T.);
#2110=EDGE_CURVE('',#2107,#2111,#2113,.T.);
#2111=VERTEX_POINT('',#2112);
#2112=CARTESIAN_POINT('',(-8.89,-22.39,1.6));
#2113=LINE('',#2114,#138);
#2114=CARTESIAN_POINT('',(-6.055,-22.39,1.6));
#2115=ORIENTED_EDGE('',*,*,#2116,.F.);
#2116=EDGE_CURVE('',#2117,#2111,#2119,.T.);
#2117=VERTEX_POINT('',#2118);
#2118=CARTESIAN_POINT('',(-8.89,-20.79,1.6));
#2119=CIRCLE('',#2120,0.8);
#2120=AXIS2_PLACEMENT_3D('',#2121,#195,#149);
#2121=CARTESIAN_POINT('',(-8.89,-21.59,1.6));
#2122=ORIENTED_EDGE('',*,*,#2123,.T.);
#2123=EDGE_CURVE('',#2117,#2124,#2126,.T.);
#2124=VERTEX_POINT('',#2125);
#2125=CARTESIAN_POINT('',(-10.5,-20.79,1.6));
#2126=LINE('',#2127,#226);
#2127=CARTESIAN_POINT('',(-4.445,-20.79,1.6));
#2128=ORIENTED_EDGE('',*,*,#2129,.T.);
#2129=EDGE_CURVE('',#2124,#2130,#168,.T.);
#2130=VERTEX_POINT('',#2131);
#2131=CARTESIAN_POINT('',(-10.5,-19.85,1.6));
#2132=ORIENTED_EDGE('',*,*,#2133,.T.);
#2133=EDGE_CURVE('',#2130,#2134,#2136,.T.);
#2134=VERTEX_POINT('',#2135);
#2135=CARTESIAN_POINT('',(-8.89,-19.85,1.6));
#2136=LINE('',#2137,#138);
#2137=CARTESIAN_POINT('',(-6.055,-19.85,1.6));
#2138=ORIENTED_EDGE('',*,*,#2139,.F.);
#2139=EDGE_CURVE('',#2140,#2134,#2142,.T.);
#2140=VERTEX_POINT('',#2141);
#2141=CARTESIAN_POINT('',(-8.89,-18.25,1.6));
#2142=CIRCLE('',#2143,0.8);
#2143=AXIS2_PLACEMENT_3D('',#2144,#195,#149);
#2144=CARTESIAN_POINT('',(-8.89,-19.05,1.6));
#2145=ORIENTED_EDGE('',*,*,#2146,.T.);
#2146=EDGE_CURVE('',#2140,#2147,#2149,.T.);
#2147=VERTEX_POINT('',#2148);
#2148=CARTESIAN_POINT('',(-10.5,-18.25,1.6));
#2149=LINE('',#2150,#226);
#2150=CARTESIAN_POINT('',(-4.445,-18.25,1.6));
#2151=ORIENTED_EDGE('',*,*,#2152,.T.);
#2152=EDGE_CURVE('',#2147,#2153,#168,.T.);
#2153=VERTEX_POINT('',#2154);
#2154=CARTESIAN_POINT('',(-10.5,-17.31,1.6));
#2155=ORIENTED_EDGE('',*,*,#2156,.T.);
#2156=EDGE_CURVE('',#2153,#2157,#2159,.T.);
#2157=VERTEX_POINT('',#2158);
#2158=CARTESIAN_POINT('',(-8.89,-17.31,1.6));
#2159=LINE('',#2160,#138);
#2160=CARTESIAN_POINT('',(-6.055,-17.31,1.6));
#2161=ORIENTED_EDGE('',*,*,#2162,.F.);
#2162=EDGE_CURVE('',#2163,#2157,#2165,.T.);
#2163=VERTEX_POINT('',#2164);
#2164=CARTESIAN_POINT('',(-8.89,-15.71,1.6));
#2165=CIRCLE('',#2166,0.8);
#2166=AXIS2_PLACEMENT_3D('',#2167,#195,#149);
#2167=CARTESIAN_POINT('',(-8.89,-16.51,1.6));
#2168=ORIENTED_EDGE('',*,*,#2169,.T.);
#2169=EDGE_CURVE('',#2163,#2170,#2172,.T.);
#2170=VERTEX_POINT('',#2171);
#2171=CARTESIAN_POINT('',(-10.5,-15.71,1.6));
#2172=LINE('',#2173,#226);
#2173=CARTESIAN_POINT('',(-4.445,-15.71,1.6));
#2174=ORIENTED_EDGE('',*,*,#2175,.T.);
#2175=EDGE_CURVE('',#2170,#2176,#168,.T.);
#2176=VERTEX_POINT('',#2177);
#2177=CARTESIAN_POINT('',(-10.5,-14.77,1.6));
#2178=ORIENTED_EDGE('',*,*,#2179,.T.);
#2179=EDGE_CURVE('',#2176,#2180,#2182,.T.);
#2180=VERTEX_POINT('',#2181);
#2181=CARTESIAN_POINT('',(-8.89,-14.77,1.6));
#2182=LINE('',#2183,#138);
#2183=CARTESIAN_POINT('',(-6.055,-14.77,1.6));
#2184=ORIENTED_EDGE('',*,*,#2185,.F.);
#2185=EDGE_CURVE('',#2186,#2180,#2188,.T.);
#2186=VERTEX_POINT('',#2187);
#2187=CARTESIAN_POINT('',(-8.89,-13.17,1.6));
#2188=CIRCLE('',#2189,0.8);
#2189=AXIS2_PLACEMENT_3D('',#2190,#195,#149);
#2190=CARTESIAN_POINT('',(-8.89,-13.97,1.6));
#2191=ORIENTED_EDGE('',*,*,#2192,.T.);
#2192=EDGE_CURVE('',#2186,#2193,#2195,.T.);
#2193=VERTEX_POINT('',#2194);
#2194=CARTESIAN_POINT('',(-10.5,-13.17,1.6));
#2195=LINE('',#2196,#226);
#2196=CARTESIAN_POINT('',(-4.445,-13.17,1.6));
#2197=ORIENTED_EDGE('',*,*,#2198,.T.);
#2198=EDGE_CURVE('',#2193,#2199,#168,.T.);
#2199=VERTEX_POINT('',#2200);
#2200=CARTESIAN_POINT('',(-10.5,-12.23,1.6));
#2201=ORIENTED_EDGE('',*,*,#2202,.T.);
#2202=EDGE_CURVE('',#2199,#2203,#2205,.T.);
#2203=VERTEX_POINT('',#2204);
#2204=CARTESIAN_POINT('',(-8.89,-12.23,1.6));
#2205=LINE('',#2206,#138);
#2206=CARTESIAN_POINT('',(-6.055,-12.23,1.6));
#2207=ORIENTED_EDGE('',*,*,#2208,.F.);
#2208=EDGE_CURVE('',#2209,#2203,#2211,.T.);
#2209=VERTEX_POINT('',#2210);
#2210=CARTESIAN_POINT('',(-8.89,-10.63,1.6));
#2211=CIRCLE('',#2212,0.8);
#2212=AXIS2_PLACEMENT_3D('',#2213,#195,#149);
#2213=CARTESIAN_POINT('',(-8.89,-11.43,1.6));
#2214=ORIENTED_EDGE('',*,*,#2215,.T.);
#2215=EDGE_CURVE('',#2209,#2216,#2218,.T.);
#2216=VERTEX_POINT('',#2217);
#2217=CARTESIAN_POINT('',(-10.5,-10.63,1.6));
#2218=LINE('',#2219,#226);
#2219=CARTESIAN_POINT('',(-4.445,-10.63,1.6));
#2220=ORIENTED_EDGE('',*,*,#2221,.T.);
#2221=EDGE_CURVE('',#2216,#2222,#168,.T.);
#2222=VERTEX_POINT('',#2223);
#2223=CARTESIAN_POINT('',(-10.5,-9.69,1.6));
#2224=ORIENTED_EDGE('',*,*,#2225,.T.);
#2225=EDGE_CURVE('',#2222,#1241,#2226,.T.);
#2226=LINE('',#2227,#138);
#2227=CARTESIAN_POINT('',(-6.055,-9.69,1.6));
#2228=FACE_BOUND('',#2229,.F.);
#2229=EDGE_LOOP('',(#2230));
#2230=ORIENTED_EDGE('',*,*,#2231,.T.);
#2231=EDGE_CURVE('',#2232,#2232,#2234,.T.);
#2232=VERTEX_POINT('',#2233);
#2233=CARTESIAN_POINT('',(6.75,-23.5,1.6));
#2234=CIRCLE('',#2235,1.05);
#2235=AXIS2_PLACEMENT_3D('',#2236,#13,#14);
#2236=CARTESIAN_POINT('',(5.7,-23.5,1.6));
#2237=FACE_BOUND('',#2238,.F.);
#2238=EDGE_LOOP('',(#2239));
#2239=ORIENTED_EDGE('',*,*,#2240,.T.);
#2240=EDGE_CURVE('',#2241,#2241,#2243,.T.);
#2241=VERTEX_POINT('',#2242);
#2242=CARTESIAN_POINT('',(-4.65,-23.5,1.6));
#2243=CIRCLE('',#2244,1.05);
#2244=AXIS2_PLACEMENT_3D('',#2245,#13,#14);
#2245=CARTESIAN_POINT('',(-5.7,-23.5,1.6));
#2246=FACE_BOUND('',#2247,.F.);
#2247=EDGE_LOOP('',(#2248));
#2248=ORIENTED_EDGE('',*,*,#2249,.T.);
#2249=EDGE_CURVE('',#2250,#2250,#2252,.T.);
#2250=VERTEX_POINT('',#2251);
#2251=CARTESIAN_POINT('',(6.75,23.5,1.6));
#2252=CIRCLE('',#2253,1.05);
#2253=AXIS2_PLACEMENT_3D('',#2254,#13,#14);
#2254=CARTESIAN_POINT('',(5.7,23.5,1.6));
#2255=FACE_BOUND('',#2256,.F.);
#2256=EDGE_LOOP('',(#2257));
#2257=ORIENTED_EDGE('',*,*,#2258,.T.);
#2258=EDGE_CURVE('',#2259,#2259,#2261,.T.);
#2259=VERTEX_POINT('',#2260);
#2260=CARTESIAN_POINT('',(-4.65,23.5,1.6));
#2261=CIRCLE('',#2262,1.05);
#2262=AXIS2_PLACEMENT_3D('',#2263,#13,#14);
#2263=CARTESIAN_POINT('',(-5.7,23.5,1.6));
#2264=PLANE('',#2265);
#2265=AXIS2_PLACEMENT_3D('',#2266,#195,#173);
#2266=CARTESIAN_POINT('',(0.,0.,1.6));
#2267=ADVANCED_FACE('',(#2268),#2276,.T.);
#2268=FACE_BOUND('',#2269,.T.);
#2269=EDGE_LOOP('',(#2270,#2271,#1545,#2275));
#2270=ORIENTED_EDGE('',*,*,#544,.F.);
#2271=ORIENTED_EDGE('',*,*,#2272,.T.);
#2272=EDGE_CURVE('',#538,#1540,#2273,.T.);
#2273=LINE('',#2274,#132);
#2274=CARTESIAN_POINT('',(-8.89,24.93,-51.0000002));
#2275=ORIENTED_EDGE('',*,*,#161,.F.);
#2276=PLANE('',#2277);
#2277=AXIS2_PLACEMENT_3D('',#2274,#183,#173);
#2278=ADVANCED_FACE('',(#2279),#2287,.T.);
#2279=FACE_BOUND('',#2280,.T.);
#2280=EDGE_LOOP('',(#2281,#2285,#2286,#1549));
#2281=ORIENTED_EDGE('',*,*,#2282,.F.);
#2282=EDGE_CURVE('',#552,#1551,#2283,.T.);
#2283=LINE('',#2284,#132);
#2284=CARTESIAN_POINT('',(8.89,24.93,-51.0000003));
#2285=ORIENTED_EDGE('',*,*,#551,.F.);
#2286=ORIENTED_EDGE('',*,*,#191,.F.);
#2287=PLANE('',#2288);
#2288=AXIS2_PLACEMENT_3D('',#2289,#183,#173);
#2289=CARTESIAN_POINT('',(12.11,24.93,-51.0000003));
#2290=ADVANCED_FACE('',(#2291),#171,.T.);
#2291=FACE_BOUND('',#2292,.T.);
#2292=EDGE_LOOP('',(#2293,#2294,#2197,#2298));
#2293=ORIENTED_EDGE('',*,*,#202,.F.);
#2294=ORIENTED_EDGE('',*,*,#2295,.T.);
#2295=EDGE_CURVE('',#203,#2193,#2296,.T.);
#2296=LINE('',#2297,#132);
#2297=CARTESIAN_POINT('',(-10.5,-13.17,-25.50000015));
#2298=ORIENTED_EDGE('',*,*,#2299,.T.);
#2299=EDGE_CURVE('',#2199,#205,#2300,.T.);
#2300=LINE('',#2301,#194);
#2301=CARTESIAN_POINT('',(-10.5,-12.23,-25.50000015));
#2302=ADVANCED_FACE('',(#2303),#2311,.T.);
#2303=FACE_BOUND('',#2304,.T.);
#2304=EDGE_LOOP('',(#2305,#2306,#2191,#2310));
#2305=ORIENTED_EDGE('',*,*,#1193,.F.);
#2306=ORIENTED_EDGE('',*,*,#2307,.T.);
#2307=EDGE_CURVE('',#1187,#2186,#2308,.T.);
#2308=LINE('',#2309,#132);
#2309=CARTESIAN_POINT('',(-8.89,-13.17,-51.0000003));
#2310=ORIENTED_EDGE('',*,*,#2295,.F.);
#2311=PLANE('',#2312);
#2312=AXIS2_PLACEMENT_3D('',#2309,#183,#173);
#2313=ADVANCED_FACE('',(#2314),#2322,.F.);
#2314=FACE_BOUND('',#2315,.T.);
#2315=EDGE_LOOP('',(#2316,#2317,#2184,#2321));
#2316=ORIENTED_EDGE('',*,*,#1186,.F.);
#2317=ORIENTED_EDGE('',*,*,#2318,.T.);
#2318=EDGE_CURVE('',#1181,#2180,#2319,.T.);
#2319=LINE('',#2320,#132);
#2320=CARTESIAN_POINT('',(-8.89,-14.77,-51.0000003));
#2321=ORIENTED_EDGE('',*,*,#2307,.F.);
#2322=CYLINDRICAL_SURFACE('',#2323,0.8);
#2323=AXIS2_PLACEMENT_3D('',#2324,#195,#14);
#2324=CARTESIAN_POINT('',(-8.89,-13.97,-51.0000003));
#2325=ADVANCED_FACE('',(#2326),#2334,.T.);
#2326=FACE_BOUND('',#2327,.T.);
#2327=EDGE_LOOP('',(#2328,#2329,#2330,#2178));
#2328=ORIENTED_EDGE('',*,*,#2318,.F.);
#2329=ORIENTED_EDGE('',*,*,#1180,.F.);
#2330=ORIENTED_EDGE('',*,*,#2331,.F.);
#2331=EDGE_CURVE('',#2176,#1177,#2332,.T.);
#2332=LINE('',#2333,#194);
#2333=CARTESIAN_POINT('',(-10.5,-14.77,-25.50000015));
#2334=PLANE('',#2335);
#2335=AXIS2_PLACEMENT_3D('',#2336,#149,#14);
#2336=CARTESIAN_POINT('',(-12.11,-14.77,-51.0000003));
#2337=ADVANCED_FACE('',(#2338),#171,.T.);
#2338=FACE_BOUND('',#2339,.T.);
#2339=EDGE_LOOP('',(#2340,#2341,#2174,#2345));
#2340=ORIENTED_EDGE('',*,*,#1176,.F.);
#2341=ORIENTED_EDGE('',*,*,#2342,.T.);
#2342=EDGE_CURVE('',#1171,#2170,#2343,.T.);
#2343=LINE('',#2344,#132);
#2344=CARTESIAN_POINT('',(-10.5,-15.71,-25.50000015));
#2345=ORIENTED_EDGE('',*,*,#2331,.T.);
#2346=ADVANCED_FACE('',(#2347),#2355,.T.);
#2347=FACE_BOUND('',#2348,.T.);
#2348=EDGE_LOOP('',(#2349,#2350,#2168,#2354));
#2349=ORIENTED_EDGE('',*,*,#1170,.F.);
#2350=ORIENTED_EDGE('',*,*,#2351,.T.);
#2351=EDGE_CURVE('',#1164,#2163,#2352,.T.);
#2352=LINE('',#2353,#132);
#2353=CARTESIAN_POINT('',(-8.89,-15.71,-51.0000003));
#2354=ORIENTED_EDGE('',*,*,#2342,.F.);
#2355=PLANE('',#2356);
#2356=AXIS2_PLACEMENT_3D('',#2353,#183,#173);
#2357=ADVANCED_FACE('',(#2358),#2366,.F.);
#2358=FACE_BOUND('',#2359,.T.);
#2359=EDGE_LOOP('',(#2360,#2361,#2161,#2365));
#2360=ORIENTED_EDGE('',*,*,#1163,.F.);
#2361=ORIENTED_EDGE('',*,*,#2362,.T.);
#2362=EDGE_CURVE('',#1158,#2157,#2363,.T.);
#2363=LINE('',#2364,#132);
#2364=CARTESIAN_POINT('',(-8.89,-17.31,-51.0000003));
#2365=ORIENTED_EDGE('',*,*,#2351,.F.);
#2366=CYLINDRICAL_SURFACE('',#2367,0.8);
#2367=AXIS2_PLACEMENT_3D('',#2368,#195,#14);
#2368=CARTESIAN_POINT('',(-8.89,-16.51,-51.0000003));
#2369=ADVANCED_FACE('',(#2370),#2378,.T.);
#2370=FACE_BOUND('',#2371,.T.);
#2371=EDGE_LOOP('',(#2372,#2373,#2374,#2155));
#2372=ORIENTED_EDGE('',*,*,#2362,.F.);
#2373=ORIENTED_EDGE('',*,*,#1157,.F.);
#2374=ORIENTED_EDGE('',*,*,#2375,.F.);
#2375=EDGE_CURVE('',#2153,#1154,#2376,.T.);
#2376=LINE('',#2377,#194);
#2377=CARTESIAN_POINT('',(-10.5,-17.31,-25.50000015));
#2378=PLANE('',#2379);
#2379=AXIS2_PLACEMENT_3D('',#2380,#149,#14);
#2380=CARTESIAN_POINT('',(-12.11,-17.31,-51.0000003));
#2381=ADVANCED_FACE('',(#2382),#171,.T.);
#2382=FACE_BOUND('',#2383,.T.);
#2383=EDGE_LOOP('',(#2384,#2385,#2151,#2389));
#2384=ORIENTED_EDGE('',*,*,#1153,.F.);
#2385=ORIENTED_EDGE('',*,*,#2386,.T.);
#2386=EDGE_CURVE('',#1148,#2147,#2387,.T.);
#2387=LINE('',#2388,#132);
#2388=CARTESIAN_POINT('',(-10.5,-18.25,-25.50000015));
#2389=ORIENTED_EDGE('',*,*,#2375,.T.);
#2390=ADVANCED_FACE('',(#2391),#2399,.T.);
#2391=FACE_BOUND('',#2392,.T.);
#2392=EDGE_LOOP('',(#2393,#2394,#2145,#2398));
#2393=ORIENTED_EDGE('',*,*,#1147,.F.);
#2394=ORIENTED_EDGE('',*,*,#2395,.T.);
#2395=EDGE_CURVE('',#1141,#2140,#2396,.T.);
#2396=LINE('',#2397,#132);
#2397=CARTESIAN_POINT('',(-8.89,-18.25,-51.0000003));
#2398=ORIENTED_EDGE('',*,*,#2386,.F.);
#2399=PLANE('',#2400);
#2400=AXIS2_PLACEMENT_3D('',#2397,#183,#173);
#2401=ADVANCED_FACE('',(#2402),#2410,.F.);
#2402=FACE_BOUND('',#2403,.T.);
#2403=EDGE_LOOP('',(#2404,#2405,#2138,#2409));
#2404=ORIENTED_EDGE('',*,*,#1140,.F.);
#2405=ORIENTED_EDGE('',*,*,#2406,.T.);
#2406=EDGE_CURVE('',#1135,#2134,#2407,.T.);
#2407=LINE('',#2408,#132);
#2408=CARTESIAN_POINT('',(-8.89,-19.85,-51.0000003));
#2409=ORIENTED_EDGE('',*,*,#2395,.F.);
#2410=CYLINDRICAL_SURFACE('',#2411,0.8);
#2411=AXIS2_PLACEMENT_3D('',#2412,#195,#14);
#2412=CARTESIAN_POINT('',(-8.89,-19.05,-51.0000003));
#2413=ADVANCED_FACE('',(#2414),#2422,.T.);
#2414=FACE_BOUND('',#2415,.T.);
#2415=EDGE_LOOP('',(#2416,#2417,#2418,#2132));
#2416=ORIENTED_EDGE('',*,*,#2406,.F.);
#2417=ORIENTED_EDGE('',*,*,#1134,.F.);
#2418=ORIENTED_EDGE('',*,*,#2419,.F.);
#2419=EDGE_CURVE('',#2130,#1131,#2420,.T.);
#2420=LINE('',#2421,#194);
#2421=CARTESIAN_POINT('',(-10.5,-19.85,-25.50000015));
#2422=PLANE('',#2423);
#2423=AXIS2_PLACEMENT_3D('',#2424,#149,#14);
#2424=CARTESIAN_POINT('',(-12.11,-19.85,-51.0000003));
#2425=ADVANCED_FACE('',(#2426),#171,.T.);
#2426=FACE_BOUND('',#2427,.T.);
#2427=EDGE_LOOP('',(#2428,#2429,#2128,#2433));
#2428=ORIENTED_EDGE('',*,*,#1130,.F.);
#2429=ORIENTED_EDGE('',*,*,#2430,.T.);
#2430=EDGE_CURVE('',#1125,#2124,#2431,.T.);
#2431=LINE('',#2432,#132);
#2432=CARTESIAN_POINT('',(-10.5,-20.79,-25.50000015));
#2433=ORIENTED_EDGE('',*,*,#2419,.T.);
#2434=ADVANCED_FACE('',(#2435),#2443,.T.);
#2435=FACE_BOUND('',#2436,.T.);
#2436=EDGE_LOOP('',(#2437,#2438,#2122,#2442));
#2437=ORIENTED_EDGE('',*,*,#1124,.F.);
#2438=ORIENTED_EDGE('',*,*,#2439,.T.);
#2439=EDGE_CURVE('',#1118,#2117,#2440,.T.);
#2440=LINE('',#2441,#132);
#2441=CARTESIAN_POINT('',(-8.89,-20.79,-51.0000003));
#2442=ORIENTED_EDGE('',*,*,#2430,.F.);
#2443=PLANE('',#2444);
#2444=AXIS2_PLACEMENT_3D('',#2441,#183,#173);
#2445=ADVANCED_FACE('',(#2446),#2454,.F.);
#2446=FACE_BOUND('',#2447,.T.);
#2447=EDGE_LOOP('',(#2448,#2449,#2115,#2453));
#2448=ORIENTED_EDGE('',*,*,#1117,.F.);
#2449=ORIENTED_EDGE('',*,*,#2450,.T.);
#2450=EDGE_CURVE('',#1112,#2111,#2451,.T.);
#2451=LINE('',#2452,#132);
#2452=CARTESIAN_POINT('',(-8.89,-22.39,-51.0000003));
#2453=ORIENTED_EDGE('',*,*,#2439,.F.);
#2454=CYLINDRICAL_SURFACE('',#2455,0.8);
#2455=AXIS2_PLACEMENT_3D('',#2456,#195,#14);
#2456=CARTESIAN_POINT('',(-8.89,-21.59,-51.0000003));
#2457=ADVANCED_FACE('',(#2458),#2466,.T.);
#2458=FACE_BOUND('',#2459,.T.);
#2459=EDGE_LOOP('',(#2460,#2461,#2462,#2109));
#2460=ORIENTED_EDGE('',*,*,#2450,.F.);
#2461=ORIENTED_EDGE('',*,*,#1111,.F.);
#2462=ORIENTED_EDGE('',*,*,#2463,.F.);
#2463=EDGE_CURVE('',#2107,#1108,#2464,.T.);
#2464=LINE('',#2465,#194);
#2465=CARTESIAN_POINT('',(-10.5,-22.39,-25.50000015));
#2466=PLANE('',#2467);
#2467=AXIS2_PLACEMENT_3D('',#2468,#149,#14);
#2468=CARTESIAN_POINT('',(-12.11,-22.39,-51.0000003));
#2469=ADVANCED_FACE('',(#2470),#171,.T.);
#2470=FACE_BOUND('',#2471,.T.);
#2471=EDGE_LOOP('',(#2472,#2473,#2105,#2477));
#2472=ORIENTED_EDGE('',*,*,#1107,.F.);
#2473=ORIENTED_EDGE('',*,*,#2474,.T.);
#2474=EDGE_CURVE('',#1102,#2101,#2475,.T.);
#2475=LINE('',#2476,#132);
#2476=CARTESIAN_POINT('',(-10.5,-23.33,-25.50000015));
#2477=ORIENTED_EDGE('',*,*,#2463,.T.);
#2478=ADVANCED_FACE('',(#2479),#2487,.T.);
#2479=FACE_BOUND('',#2480,.T.);
#2480=EDGE_LOOP('',(#2481,#2482,#2099,#2486));
#2481=ORIENTED_EDGE('',*,*,#1101,.F.);
#2482=ORIENTED_EDGE('',*,*,#2483,.T.);
#2483=EDGE_CURVE('',#1095,#2094,#2484,.T.);
#2484=LINE('',#2485,#132);
#2485=CARTESIAN_POINT('',(-8.89,-23.33,-51.0000003));
#2486=ORIENTED_EDGE('',*,*,#2474,.F.);
#2487=PLANE('',#2488);
#2488=AXIS2_PLACEMENT_3D('',#2485,#183,#173);
#2489=ADVANCED_FACE('',(#2490),#2498,.F.);
#2490=FACE_BOUND('',#2491,.T.);
#2491=EDGE_LOOP('',(#2492,#2493,#2092,#2497));
#2492=ORIENTED_EDGE('',*,*,#1094,.F.);
#2493=ORIENTED_EDGE('',*,*,#2494,.T.);
#2494=EDGE_CURVE('',#1089,#2088,#2495,.T.);
#2495=LINE('',#2496,#132);
#2496=CARTESIAN_POINT('',(-8.89,-24.93,-51.0000003));
#2497=ORIENTED_EDGE('',*,*,#2483,.F.);
#2498=CYLINDRICAL_SURFACE('',#2499,0.8);
#2499=AXIS2_PLACEMENT_3D('',#2500,#195,#14);
#2500=CARTESIAN_POINT('',(-8.89,-24.13,-51.0000003));
#2501=ADVANCED_FACE('',(#2502),#2510,.T.);
#2502=FACE_BOUND('',#2503,.T.);
#2503=EDGE_LOOP('',(#2504,#2505,#2506,#2086));
#2504=ORIENTED_EDGE('',*,*,#2494,.F.);
#2505=ORIENTED_EDGE('',*,*,#1088,.F.);
#2506=ORIENTED_EDGE('',*,*,#2507,.F.);
#2507=EDGE_CURVE('',#2084,#1085,#2508,.T.);
#2508=LINE('',#2509,#194);
#2509=CARTESIAN_POINT('',(-10.5,-24.93,-25.50000015));
#2510=PLANE('',#2511);
#2511=AXIS2_PLACEMENT_3D('',#2512,#149,#14);
#2512=CARTESIAN_POINT('',(-12.11,-24.93,-51.0000003));
#2513=ADVANCED_FACE('',(#2514),#171,.T.);
#2514=FACE_BOUND('',#2515,.T.);
#2515=EDGE_LOOP('',(#2516,#2517,#2082,#2520));
#2516=ORIENTED_EDGE('',*,*,#1084,.F.);
#2517=ORIENTED_EDGE('',*,*,#2518,.T.);
#2518=EDGE_CURVE('',#1082,#2081,#2519,.T.);
#2519=LINE('',#158,#132);
#2520=ORIENTED_EDGE('',*,*,#2507,.T.);
#2521=ADVANCED_FACE('',(#2522),#2530,.T.);
#2522=FACE_BOUND('',#2523,.T.);
#2523=EDGE_LOOP('',(#2524,#2525,#2079,#2529));
#2524=ORIENTED_EDGE('',*,*,#1081,.F.);
#2525=ORIENTED_EDGE('',*,*,#2526,.T.);
#2526=EDGE_CURVE('',#1076,#2075,#2527,.T.);
#2527=LINE('',#2528,#132);
#2528=CARTESIAN_POINT('',(-3.34,-25.5,-25.50000015));
#2529=ORIENTED_EDGE('',*,*,#2518,.F.);
#2530=PLANE('',#2531);
#2531=AXIS2_PLACEMENT_3D('',#1009,#183,#173);
#2532=ADVANCED_FACE('',(#2533),#2541,.T.);
#2533=FACE_BOUND('',#2534,.T.);
#2534=EDGE_LOOP('',(#2535,#2536,#2073,#2540));
#2535=ORIENTED_EDGE('',*,*,#1075,.F.);
#2536=ORIENTED_EDGE('',*,*,#2537,.T.);
#2537=EDGE_CURVE('',#1069,#2068,#2538,.T.);
#2538=LINE('',#2539,#132);
#2539=CARTESIAN_POINT('',(-3.34,-23.89,-51.0000003));
#2540=ORIENTED_EDGE('',*,*,#2526,.F.);
#2541=PLANE('',#2542);
#2542=AXIS2_PLACEMENT_3D('',#2539,#14,#183);
#2543=ADVANCED_FACE('',(#2544),#2552,.F.);
#2544=FACE_BOUND('',#2545,.T.);
#2545=EDGE_LOOP('',(#2546,#2547,#2066,#2551));
#2546=ORIENTED_EDGE('',*,*,#1068,.F.);
#2547=ORIENTED_EDGE('',*,*,#2548,.T.);
#2548=EDGE_CURVE('',#1063,#2062,#2549,.T.);
#2549=LINE('',#2550,#132);
#2550=CARTESIAN_POINT('',(-1.74,-23.89,-51.0000003));
#2551=ORIENTED_EDGE('',*,*,#2537,.F.);
#2552=CYLINDRICAL_SURFACE('',#2553,0.8);
#2553=AXIS2_PLACEMENT_3D('',#2554,#195,#14);
#2554=CARTESIAN_POINT('',(-2.54,-23.89,-51.0000003));
#2555=ADVANCED_FACE('',(#2556),#2564,.T.);
#2556=FACE_BOUND('',#2557,.T.);
#2557=EDGE_LOOP('',(#2558,#2559,#2560,#2060));
#2558=ORIENTED_EDGE('',*,*,#2548,.F.);
#2559=ORIENTED_EDGE('',*,*,#1062,.F.);
#2560=ORIENTED_EDGE('',*,*,#2561,.F.);
#2561=EDGE_CURVE('',#2058,#1059,#2562,.T.);
#2562=LINE('',#2563,#194);
#2563=CARTESIAN_POINT('',(-1.74,-25.5,-25.50000015));
#2564=PLANE('',#2565);
#2565=AXIS2_PLACEMENT_3D('',#2566,#173,#149);
#2566=CARTESIAN_POINT('',(-1.74,-27.11,-51.0000003));
#2567=ADVANCED_FACE('',(#2568),#2530,.T.);
#2568=FACE_BOUND('',#2569,.T.);
#2569=EDGE_LOOP('',(#2570,#2571,#2056,#2575));
#2570=ORIENTED_EDGE('',*,*,#1058,.F.);
#2571=ORIENTED_EDGE('',*,*,#2572,.T.);
#2572=EDGE_CURVE('',#1053,#2052,#2573,.T.);
#2573=LINE('',#2574,#132);
#2574=CARTESIAN_POINT('',(-0.8,-25.5,-25.50000015));
#2575=ORIENTED_EDGE('',*,*,#2561,.T.);
#2576=ADVANCED_FACE('',(#2577),#2585,.T.);
#2577=FACE_BOUND('',#2578,.T.);
#2578=EDGE_LOOP('',(#2579,#2580,#2050,#2584));
#2579=ORIENTED_EDGE('',*,*,#1052,.F.);
#2580=ORIENTED_EDGE('',*,*,#2581,.T.);
#2581=EDGE_CURVE('',#1046,#2045,#2582,.T.);
#2582=LINE('',#2583,#132);
#2583=CARTESIAN_POINT('',(-0.8,-23.89,-51.0000003));
#2584=ORIENTED_EDGE('',*,*,#2572,.F.);
#2585=PLANE('',#2586);
#2586=AXIS2_PLACEMENT_3D('',#2583,#14,#183);
#2587=ADVANCED_FACE('',(#2588),#2596,.F.);
#2588=FACE_BOUND('',#2589,.T.);
#2589=EDGE_LOOP('',(#2590,#2591,#2043,#2595));
#2590=ORIENTED_EDGE('',*,*,#1045,.F.);
#2591=ORIENTED_EDGE('',*,*,#2592,.T.);
#2592=EDGE_CURVE('',#1040,#2039,#2593,.T.);
#2593=LINE('',#2594,#132);
#2594=CARTESIAN_POINT('',(0.8,-23.89,-51.0000003));
#2595=ORIENTED_EDGE('',*,*,#2581,.F.);
#2596=CYLINDRICAL_SURFACE('',#2597,0.8);
#2597=AXIS2_PLACEMENT_3D('',#2598,#195,#14);
#2598=CARTESIAN_POINT('',(0.,-23.89,-51.0000003));
#2599=ADVANCED_FACE('',(#2600),#2608,.T.);
#2600=FACE_BOUND('',#2601,.T.);
#2601=EDGE_LOOP('',(#2602,#2603,#2604,#2037));
#2602=ORIENTED_EDGE('',*,*,#2592,.F.);
#2603=ORIENTED_EDGE('',*,*,#1039,.F.);
#2604=ORIENTED_EDGE('',*,*,#2605,.F.);
#2605=EDGE_CURVE('',#2035,#1036,#2606,.T.);
#2606=LINE('',#2607,#194);
#2607=CARTESIAN_POINT('',(0.8,-25.5,-25.50000015));
#2608=PLANE('',#2609);
#2609=AXIS2_PLACEMENT_3D('',#2610,#173,#149);
#2610=CARTESIAN_POINT('',(0.8,-27.11,-51.0000003));
#2611=ADVANCED_FACE('',(#2612),#2530,.T.);
#2612=FACE_BOUND('',#2613,.T.);
#2613=EDGE_LOOP('',(#2614,#2615,#2033,#2619));
#2614=ORIENTED_EDGE('',*,*,#1035,.F.);
#2615=ORIENTED_EDGE('',*,*,#2616,.T.);
#2616=EDGE_CURVE('',#1030,#2029,#2617,.T.);
#2617=LINE('',#2618,#132);
#2618=CARTESIAN_POINT('',(1.74,-25.5,-25.50000015));
#2619=ORIENTED_EDGE('',*,*,#2605,.T.);
#2620=ADVANCED_FACE('',(#2621),#2629,.T.);
#2621=FACE_BOUND('',#2622,.T.);
#2622=EDGE_LOOP('',(#2623,#2624,#2027,#2628));
#2623=ORIENTED_EDGE('',*,*,#1029,.F.);
#2624=ORIENTED_EDGE('',*,*,#2625,.T.);
#2625=EDGE_CURVE('',#1023,#2022,#2626,.T.);
#2626=LINE('',#2627,#132);
#2627=CARTESIAN_POINT('',(1.74,-23.89,-51.0000003));
#2628=ORIENTED_EDGE('',*,*,#2616,.F.);
#2629=PLANE('',#2630);
#2630=AXIS2_PLACEMENT_3D('',#2627,#14,#183);
#2631=ADVANCED_FACE('',(#2632),#2640,.F.);
#2632=FACE_BOUND('',#2633,.T.);
#2633=EDGE_LOOP('',(#2634,#2635,#2020,#2639));
#2634=ORIENTED_EDGE('',*,*,#1022,.F.);
#2635=ORIENTED_EDGE('',*,*,#2636,.T.);
#2636=EDGE_CURVE('',#1017,#2016,#2637,.T.);
#2637=LINE('',#2638,#132);
#2638=CARTESIAN_POINT('',(3.34,-23.89,-51.0000003));
#2639=ORIENTED_EDGE('',*,*,#2625,.F.);
#2640=CYLINDRICAL_SURFACE('',#2641,0.8);
#2641=AXIS2_PLACEMENT_3D('',#2642,#195,#14);
#2642=CARTESIAN_POINT('',(2.54,-23.89,-51.0000003));
#2643=ADVANCED_FACE('',(#2644),#2652,.T.);
#2644=FACE_BOUND('',#2645,.T.);
#2645=EDGE_LOOP('',(#2646,#2647,#2648,#2014));
#2646=ORIENTED_EDGE('',*,*,#2636,.F.);
#2647=ORIENTED_EDGE('',*,*,#1016,.F.);
#2648=ORIENTED_EDGE('',*,*,#2649,.F.);
#2649=EDGE_CURVE('',#2011,#1012,#2650,.T.);
#2650=LINE('',#2651,#194);
#2651=CARTESIAN_POINT('',(3.34,-25.5,-25.50000015));
#2652=PLANE('',#2653);
#2653=AXIS2_PLACEMENT_3D('',#2654,#173,#149);
#2654=CARTESIAN_POINT('',(3.34,-27.11,-51.0000003));
#2655=ADVANCED_FACE('',(#2656),#2530,.T.);
#2656=FACE_BOUND('',#2657,.T.);
#2657=EDGE_LOOP('',(#2658,#2659,#2009,#2662));
#2658=ORIENTED_EDGE('',*,*,#1011,.F.);
#2659=ORIENTED_EDGE('',*,*,#2660,.T.);
#2660=EDGE_CURVE('',#1008,#2007,#2661,.T.);
#2661=LINE('',#1009,#132);
#2662=ORIENTED_EDGE('',*,*,#2649,.T.);
#2663=ADVANCED_FACE('',(#2664),#196,.T.);
#2664=FACE_BOUND('',#2665,.T.);
#2665=EDGE_LOOP('',(#2666,#2667,#2005,#2671));
#2666=ORIENTED_EDGE('',*,*,#1007,.F.);
#2667=ORIENTED_EDGE('',*,*,#2668,.T.);
#2668=EDGE_CURVE('',#1002,#2001,#2669,.T.);
#2669=LINE('',#2670,#132);
#2670=CARTESIAN_POINT('',(10.5,-24.93,-25.50000015));
#2671=ORIENTED_EDGE('',*,*,#2660,.F.);
#2672=ADVANCED_FACE('',(#2673),#2681,.T.);
#2673=FACE_BOUND('',#2674,.T.);
#2674=EDGE_LOOP('',(#2675,#2676,#1999,#2680));
#2675=ORIENTED_EDGE('',*,*,#1001,.F.);
#2676=ORIENTED_EDGE('',*,*,#2677,.T.);
#2677=EDGE_CURVE('',#995,#1994,#2678,.T.);
#2678=LINE('',#2679,#132);
#2679=CARTESIAN_POINT('',(8.89,-24.93,-51.0000003));
#2680=ORIENTED_EDGE('',*,*,#2668,.F.);
#2681=PLANE('',#2682);
#2682=AXIS2_PLACEMENT_3D('',#2679,#149,#14);
#2683=ADVANCED_FACE('',(#2684),#2692,.F.);
#2684=FACE_BOUND('',#2685,.T.);
#2685=EDGE_LOOP('',(#2686,#2687,#1992,#2691));
#2686=ORIENTED_EDGE('',*,*,#994,.F.);
#2687=ORIENTED_EDGE('',*,*,#2688,.T.);
#2688=EDGE_CURVE('',#989,#1988,#2689,.T.);
#2689=LINE('',#2690,#132);
#2690=CARTESIAN_POINT('',(8.89,-23.33,-51.0000003));
#2691=ORIENTED_EDGE('',*,*,#2677,.F.);
#2692=CYLINDRICAL_SURFACE('',#2693,0.8);
#2693=AXIS2_PLACEMENT_3D('',#2694,#195,#14);
#2694=CARTESIAN_POINT('',(8.89,-24.13,-51.0000003));
#2695=ADVANCED_FACE('',(#2696),#2704,.T.);
#2696=FACE_BOUND('',#2697,.T.);
#2697=EDGE_LOOP('',(#2698,#2699,#2700,#1986));
#2698=ORIENTED_EDGE('',*,*,#2688,.F.);
#2699=ORIENTED_EDGE('',*,*,#988,.F.);
#2700=ORIENTED_EDGE('',*,*,#2701,.F.);
#2701=EDGE_CURVE('',#1984,#985,#2702,.T.);
#2702=LINE('',#2703,#194);
#2703=CARTESIAN_POINT('',(10.5,-23.33,-25.50000015));
#2704=PLANE('',#2705);
#2705=AXIS2_PLACEMENT_3D('',#2706,#183,#173);
#2706=CARTESIAN_POINT('',(12.11,-23.33,-51.0000003));
#2707=ADVANCED_FACE('',(#2708),#196,.T.);
#2708=FACE_BOUND('',#2709,.T.);
#2709=EDGE_LOOP('',(#2710,#2711,#1982,#2715));
#2710=ORIENTED_EDGE('',*,*,#984,.F.);
#2711=ORIENTED_EDGE('',*,*,#2712,.T.);
#2712=EDGE_CURVE('',#979,#1978,#2713,.T.);
#2713=LINE('',#2714,#132);
#2714=CARTESIAN_POINT('',(10.5,-22.39,-25.50000015));
#2715=ORIENTED_EDGE('',*,*,#2701,.T.);
#2716=ADVANCED_FACE('',(#2717),#2725,.T.);
#2717=FACE_BOUND('',#2718,.T.);
#2718=EDGE_LOOP('',(#2719,#2720,#1976,#2724));
#2719=ORIENTED_EDGE('',*,*,#978,.F.);
#2720=ORIENTED_EDGE('',*,*,#2721,.T.);
#2721=EDGE_CURVE('',#972,#1971,#2722,.T.);
#2722=LINE('',#2723,#132);
#2723=CARTESIAN_POINT('',(8.89,-22.39,-51.0000003));
#2724=ORIENTED_EDGE('',*,*,#2712,.F.);
#2725=PLANE('',#2726);
#2726=AXIS2_PLACEMENT_3D('',#2723,#149,#14);
#2727=ADVANCED_FACE('',(#2728),#2736,.F.);
#2728=FACE_BOUND('',#2729,.T.);
#2729=EDGE_LOOP('',(#2730,#2731,#1969,#2735));
#2730=ORIENTED_EDGE('',*,*,#971,.F.);
#2731=ORIENTED_EDGE('',*,*,#2732,.T.);
#2732=EDGE_CURVE('',#966,#1965,#2733,.T.);
#2733=LINE('',#2734,#132);
#2734=CARTESIAN_POINT('',(8.89,-20.79,-51.0000003));
#2735=ORIENTED_EDGE('',*,*,#2721,.F.);
#2736=CYLINDRICAL_SURFACE('',#2737,0.8);
#2737=AXIS2_PLACEMENT_3D('',#2738,#195,#14);
#2738=CARTESIAN_POINT('',(8.89,-21.59,-51.0000003));
#2739=ADVANCED_FACE('',(#2740),#2748,.T.);
#2740=FACE_BOUND('',#2741,.T.);
#2741=EDGE_LOOP('',(#2742,#2743,#2744,#1963));
#2742=ORIENTED_EDGE('',*,*,#2732,.F.);
#2743=ORIENTED_EDGE('',*,*,#965,.F.);
#2744=ORIENTED_EDGE('',*,*,#2745,.F.);
#2745=EDGE_CURVE('',#1961,#962,#2746,.T.);
#2746=LINE('',#2747,#194);
#2747=CARTESIAN_POINT('',(10.5,-20.79,-25.50000015));
#2748=PLANE('',#2749);
#2749=AXIS2_PLACEMENT_3D('',#2750,#183,#173);
#2750=CARTESIAN_POINT('',(12.11,-20.79,-51.0000003));
#2751=ADVANCED_FACE('',(#2752),#196,.T.);
#2752=FACE_BOUND('',#2753,.T.);
#2753=EDGE_LOOP('',(#2754,#2755,#1959,#2759));
#2754=ORIENTED_EDGE('',*,*,#961,.F.);
#2755=ORIENTED_EDGE('',*,*,#2756,.T.);
#2756=EDGE_CURVE('',#956,#1955,#2757,.T.);
#2757=LINE('',#2758,#132);
#2758=CARTESIAN_POINT('',(10.5,-19.85,-25.50000015));
#2759=ORIENTED_EDGE('',*,*,#2745,.T.);
#2760=ADVANCED_FACE('',(#2761),#2769,.T.);
#2761=FACE_BOUND('',#2762,.T.);
#2762=EDGE_LOOP('',(#2763,#2764,#1953,#2768));
#2763=ORIENTED_EDGE('',*,*,#955,.F.);
#2764=ORIENTED_EDGE('',*,*,#2765,.T.);
#2765=EDGE_CURVE('',#949,#1948,#2766,.T.);
#2766=LINE('',#2767,#132);
#2767=CARTESIAN_POINT('',(8.89,-19.85,-51.0000003));
#2768=ORIENTED_EDGE('',*,*,#2756,.F.);
#2769=PLANE('',#2770);
#2770=AXIS2_PLACEMENT_3D('',#2767,#149,#14);
#2771=ADVANCED_FACE('',(#2772),#2780,.F.);
#2772=FACE_BOUND('',#2773,.T.);
#2773=EDGE_LOOP('',(#2774,#2775,#1946,#2779));
#2774=ORIENTED_EDGE('',*,*,#948,.F.);
#2775=ORIENTED_EDGE('',*,*,#2776,.T.);
#2776=EDGE_CURVE('',#943,#1942,#2777,.T.);
#2777=LINE('',#2778,#132);
#2778=CARTESIAN_POINT('',(8.89,-18.25,-51.0000003));
#2779=ORIENTED_EDGE('',*,*,#2765,.F.);
#2780=CYLINDRICAL_SURFACE('',#2781,0.8);
#2781=AXIS2_PLACEMENT_3D('',#2782,#195,#14);
#2782=CARTESIAN_POINT('',(8.89,-19.05,-51.0000003));
#2783=ADVANCED_FACE('',(#2784),#2792,.T.);
#2784=FACE_BOUND('',#2785,.T.);
#2785=EDGE_LOOP('',(#2786,#2787,#2788,#1940));
#2786=ORIENTED_EDGE('',*,*,#2776,.F.);
#2787=ORIENTED_EDGE('',*,*,#942,.F.);
#2788=ORIENTED_EDGE('',*,*,#2789,.F.);
#2789=EDGE_CURVE('',#1938,#939,#2790,.T.);
#2790=LINE('',#2791,#194);
#2791=CARTESIAN_POINT('',(10.5,-18.25,-25.50000015));
#2792=PLANE('',#2793);
#2793=AXIS2_PLACEMENT_3D('',#2794,#183,#173);
#2794=CARTESIAN_POINT('',(12.11,-18.25,-51.0000003));
#2795=ADVANCED_FACE('',(#2796),#196,.T.);
#2796=FACE_BOUND('',#2797,.T.);
#2797=EDGE_LOOP('',(#2798,#2799,#1936,#2803));
#2798=ORIENTED_EDGE('',*,*,#938,.F.);
#2799=ORIENTED_EDGE('',*,*,#2800,.T.);
#2800=EDGE_CURVE('',#933,#1932,#2801,.T.);
#2801=LINE('',#2802,#132);
#2802=CARTESIAN_POINT('',(10.5,-17.31,-25.50000015));
#2803=ORIENTED_EDGE('',*,*,#2789,.T.);
#2804=ADVANCED_FACE('',(#2805),#2813,.T.);
#2805=FACE_BOUND('',#2806,.T.);
#2806=EDGE_LOOP('',(#2807,#2808,#1930,#2812));
#2807=ORIENTED_EDGE('',*,*,#932,.F.);
#2808=ORIENTED_EDGE('',*,*,#2809,.T.);
#2809=EDGE_CURVE('',#926,#1925,#2810,.T.);
#2810=LINE('',#2811,#132);
#2811=CARTESIAN_POINT('',(8.89,-17.31,-51.0000003));
#2812=ORIENTED_EDGE('',*,*,#2800,.F.);
#2813=PLANE('',#2814);
#2814=AXIS2_PLACEMENT_3D('',#2811,#149,#14);
#2815=ADVANCED_FACE('',(#2816),#2824,.F.);
#2816=FACE_BOUND('',#2817,.T.);
#2817=EDGE_LOOP('',(#2818,#2819,#1923,#2823));
#2818=ORIENTED_EDGE('',*,*,#925,.F.);
#2819=ORIENTED_EDGE('',*,*,#2820,.T.);
#2820=EDGE_CURVE('',#920,#1919,#2821,.T.);
#2821=LINE('',#2822,#132);
#2822=CARTESIAN_POINT('',(8.89,-15.71,-51.0000003));
#2823=ORIENTED_EDGE('',*,*,#2809,.F.);
#2824=CYLINDRICAL_SURFACE('',#2825,0.8);
#2825=AXIS2_PLACEMENT_3D('',#2826,#195,#14);
#2826=CARTESIAN_POINT('',(8.89,-16.51,-51.0000003));
#2827=ADVANCED_FACE('',(#2828),#2836,.T.);
#2828=FACE_BOUND('',#2829,.T.);
#2829=EDGE_LOOP('',(#2830,#2831,#2832,#1917));
#2830=ORIENTED_EDGE('',*,*,#2820,.F.);
#2831=ORIENTED_EDGE('',*,*,#919,.F.);
#2832=ORIENTED_EDGE('',*,*,#2833,.F.);
#2833=EDGE_CURVE('',#1915,#916,#2834,.T.);
#2834=LINE('',#2835,#194);
#2835=CARTESIAN_POINT('',(10.5,-15.71,-25.50000015));
#2836=PLANE('',#2837);
#2837=AXIS2_PLACEMENT_3D('',#2838,#183,#173);
#2838=CARTESIAN_POINT('',(12.11,-15.71,-51.0000003));
#2839=ADVANCED_FACE('',(#2840),#196,.T.);
#2840=FACE_BOUND('',#2841,.T.);
#2841=EDGE_LOOP('',(#2842,#2843,#1913,#2847));
#2842=ORIENTED_EDGE('',*,*,#915,.F.);
#2843=ORIENTED_EDGE('',*,*,#2844,.T.);
#2844=EDGE_CURVE('',#910,#1909,#2845,.T.);
#2845=LINE('',#2846,#132);
#2846=CARTESIAN_POINT('',(10.5,-14.77,-25.50000015));
#2847=ORIENTED_EDGE('',*,*,#2833,.T.);
#2848=ADVANCED_FACE('',(#2849),#2857,.T.);
#2849=FACE_BOUND('',#2850,.T.);
#2850=EDGE_LOOP('',(#2851,#2852,#1907,#2856));
#2851=ORIENTED_EDGE('',*,*,#909,.F.);
#2852=ORIENTED_EDGE('',*,*,#2853,.T.);
#2853=EDGE_CURVE('',#903,#1902,#2854,.T.);
#2854=LINE('',#2855,#132);
#2855=CARTESIAN_POINT('',(8.89,-14.77,-51.0000003));
#2856=ORIENTED_EDGE('',*,*,#2844,.F.);
#2857=PLANE('',#2858);
#2858=AXIS2_PLACEMENT_3D('',#2855,#149,#14);
#2859=ADVANCED_FACE('',(#2860),#2868,.F.);
#2860=FACE_BOUND('',#2861,.T.);
#2861=EDGE_LOOP('',(#2862,#2863,#1900,#2867));
#2862=ORIENTED_EDGE('',*,*,#902,.F.);
#2863=ORIENTED_EDGE('',*,*,#2864,.T.);
#2864=EDGE_CURVE('',#897,#1896,#2865,.T.);
#2865=LINE('',#2866,#132);
#2866=CARTESIAN_POINT('',(8.89,-13.17,-51.0000003));
#2867=ORIENTED_EDGE('',*,*,#2853,.F.);
#2868=CYLINDRICAL_SURFACE('',#2869,0.8);
#2869=AXIS2_PLACEMENT_3D('',#2870,#195,#14);
#2870=CARTESIAN_POINT('',(8.89,-13.97,-51.0000003));
#2871=ADVANCED_FACE('',(#2872),#2880,.T.);
#2872=FACE_BOUND('',#2873,.T.);
#2873=EDGE_LOOP('',(#2874,#2875,#2876,#1894));
#2874=ORIENTED_EDGE('',*,*,#2864,.F.);
#2875=ORIENTED_EDGE('',*,*,#896,.F.);
#2876=ORIENTED_EDGE('',*,*,#2877,.F.);
#2877=EDGE_CURVE('',#1892,#893,#2878,.T.);
#2878=LINE('',#2879,#194);
#2879=CARTESIAN_POINT('',(10.5,-13.17,-25.50000015));
#2880=PLANE('',#2881);
#2881=AXIS2_PLACEMENT_3D('',#2882,#183,#173);
#2882=CARTESIAN_POINT('',(12.11,-13.17,-51.0000003));
#2883=ADVANCED_FACE('',(#2884),#196,.T.);
#2884=FACE_BOUND('',#2885,.T.);
#2885=EDGE_LOOP('',(#2886,#2887,#1890,#2891));
#2886=ORIENTED_EDGE('',*,*,#892,.F.);
#2887=ORIENTED_EDGE('',*,*,#2888,.T.);
#2888=EDGE_CURVE('',#887,#1886,#2889,.T.);
#2889=LINE('',#2890,#132);
#2890=CARTESIAN_POINT('',(10.5,-12.23,-25.50000015));
#2891=ORIENTED_EDGE('',*,*,#2877,.T.);
#2892=ADVANCED_FACE('',(#2893),#2901,.T.);
#2893=FACE_BOUND('',#2894,.T.);
#2894=EDGE_LOOP('',(#2895,#2896,#1884,#2900));
#2895=ORIENTED_EDGE('',*,*,#886,.F.);
#2896=ORIENTED_EDGE('',*,*,#2897,.T.);
#2897=EDGE_CURVE('',#880,#1879,#2898,.T.);
#2898=LINE('',#2899,#132);
#2899=CARTESIAN_POINT('',(8.89,-12.23,-51.0000003));
#2900=ORIENTED_EDGE('',*,*,#2888,.F.);
#2901=PLANE('',#2902);
#2902=AXIS2_PLACEMENT_3D('',#2899,#149,#14);
#2903=ADVANCED_FACE('',(#2904),#2912,.F.);
#2904=FACE_BOUND('',#2905,.T.);
#2905=EDGE_LOOP('',(#2906,#2907,#1877,#2911));
#2906=ORIENTED_EDGE('',*,*,#879,.F.);
#2907=ORIENTED_EDGE('',*,*,#2908,.T.);
#2908=EDGE_CURVE('',#874,#1873,#2909,.T.);
#2909=LINE('',#2910,#132);
#2910=CARTESIAN_POINT('',(8.89,-10.63,-51.0000003));
#2911=ORIENTED_EDGE('',*,*,#2897,.F.);
#2912=CYLINDRICAL_SURFACE('',#2913,0.8);
#2913=AXIS2_PLACEMENT_3D('',#2914,#195,#14);
#2914=CARTESIAN_POINT('',(8.89,-11.43,-51.0000003));
#2915=ADVANCED_FACE('',(#2916),#2924,.T.);
#2916=FACE_BOUND('',#2917,.T.);
#2917=EDGE_LOOP('',(#2918,#2919,#2920,#1871));
#2918=ORIENTED_EDGE('',*,*,#2908,.F.);
#2919=ORIENTED_EDGE('',*,*,#873,.F.);
#2920=ORIENTED_EDGE('',*,*,#2921,.F.);
#2921=EDGE_CURVE('',#1869,#870,#2922,.T.);
#2922=LINE('',#2923,#194);
#2923=CARTESIAN_POINT('',(10.5,-10.63,-25.50000015));
#2924=PLANE('',#2925);
#2925=AXIS2_PLACEMENT_3D('',#2926,#183,#173);
#2926=CARTESIAN_POINT('',(12.11,-10.63,-51.0000003));
#2927=ADVANCED_FACE('',(#2928),#196,.T.);
#2928=FACE_BOUND('',#2929,.T.);
#2929=EDGE_LOOP('',(#2930,#2931,#1867,#2935));
#2930=ORIENTED_EDGE('',*,*,#869,.F.);
#2931=ORIENTED_EDGE('',*,*,#2932,.T.);
#2932=EDGE_CURVE('',#864,#1863,#2933,.T.);
#2933=LINE('',#2934,#132);
#2934=CARTESIAN_POINT('',(10.5,-9.69,-25.50000015));
#2935=ORIENTED_EDGE('',*,*,#2921,.T.);
#2936=ADVANCED_FACE('',(#2937),#2945,.T.);
#2937=FACE_BOUND('',#2938,.T.);
#2938=EDGE_LOOP('',(#2939,#2940,#1861,#2944));
#2939=ORIENTED_EDGE('',*,*,#863,.F.);
#2940=ORIENTED_EDGE('',*,*,#2941,.T.);
#2941=EDGE_CURVE('',#857,#1856,#2942,.T.);
#2942=LINE('',#2943,#132);
#2943=CARTESIAN_POINT('',(8.89,-9.69,-51.0000003));
#2944=ORIENTED_EDGE('',*,*,#2932,.F.);
#2945=PLANE('',#2946);
#2946=AXIS2_PLACEMENT_3D('',#2943,#149,#14);
#2947=ADVANCED_FACE('',(#2948),#2956,.F.);
#2948=FACE_BOUND('',#2949,.T.);
#2949=EDGE_LOOP('',(#2950,#2951,#1854,#2955));
#2950=ORIENTED_EDGE('',*,*,#856,.F.);
#2951=ORIENTED_EDGE('',*,*,#2952,.T.);
#2952=EDGE_CURVE('',#851,#1850,#2953,.T.);
#2953=LINE('',#2954,#132);
#2954=CARTESIAN_POINT('',(8.89,-8.09,-51.0000003));
#2955=ORIENTED_EDGE('',*,*,#2941,.F.);
#2956=CYLINDRICAL_SURFACE('',#2957,0.8);
#2957=AXIS2_PLACEMENT_3D('',#2958,#195,#14);
#2958=CARTESIAN_POINT('',(8.89,-8.89,-51.0000003));
#2959=ADVANCED_FACE('',(#2960),#2968,.T.);
#2960=FACE_BOUND('',#2961,.T.);
#2961=EDGE_LOOP('',(#2962,#2963,#2964,#1848));
#2962=ORIENTED_EDGE('',*,*,#2952,.F.);
#2963=ORIENTED_EDGE('',*,*,#850,.F.);
#2964=ORIENTED_EDGE('',*,*,#2965,.F.);
#2965=EDGE_CURVE('',#1846,#847,#2966,.T.);
#2966=LINE('',#2967,#194);
#2967=CARTESIAN_POINT('',(10.5,-8.09,-25.50000015));
#2968=PLANE('',#2969);
#2969=AXIS2_PLACEMENT_3D('',#2970,#183,#173);
#2970=CARTESIAN_POINT('',(12.11,-8.09,-51.0000003));
#2971=ADVANCED_FACE('',(#2972),#196,.T.);
#2972=FACE_BOUND('',#2973,.T.);
#2973=EDGE_LOOP('',(#2974,#2975,#1844,#2979));
#2974=ORIENTED_EDGE('',*,*,#846,.F.);
#2975=ORIENTED_EDGE('',*,*,#2976,.T.);
#2976=EDGE_CURVE('',#841,#1840,#2977,.T.);
#2977=LINE('',#2978,#132);
#2978=CARTESIAN_POINT('',(10.5,-7.15,-25.50000015));
#2979=ORIENTED_EDGE('',*,*,#2965,.T.);
#2980=ADVANCED_FACE('',(#2981),#2989,.T.);
#2981=FACE_BOUND('',#2982,.T.);
#2982=EDGE_LOOP('',(#2983,#2984,#1838,#2988));
#2983=ORIENTED_EDGE('',*,*,#840,.F.);
#2984=ORIENTED_EDGE('',*,*,#2985,.T.);
#2985=EDGE_CURVE('',#834,#1833,#2986,.T.);
#2986=LINE('',#2987,#132);
#2987=CARTESIAN_POINT('',(8.89,-7.15,-51.0000003));
#2988=ORIENTED_EDGE('',*,*,#2976,.F.);
#2989=PLANE('',#2990);
#2990=AXIS2_PLACEMENT_3D('',#2987,#149,#14);
#2991=ADVANCED_FACE('',(#2992),#3000,.F.);
#2992=FACE_BOUND('',#2993,.T.);
#2993=EDGE_LOOP('',(#2994,#2995,#1831,#2999));
#2994=ORIENTED_EDGE('',*,*,#833,.F.);
#2995=ORIENTED_EDGE('',*,*,#2996,.T.);
#2996=EDGE_CURVE('',#828,#1827,#2997,.T.);
#2997=LINE('',#2998,#132);
#2998=CARTESIAN_POINT('',(8.89,-5.55,-51.0000003));
#2999=ORIENTED_EDGE('',*,*,#2985,.F.);
#3000=CYLINDRICAL_SURFACE('',#3001,0.8);
#3001=AXIS2_PLACEMENT_3D('',#3002,#195,#14);
#3002=CARTESIAN_POINT('',(8.89,-6.35,-51.0000003));
#3003=ADVANCED_FACE('',(#3004),#3012,.T.);
#3004=FACE_BOUND('',#3005,.T.);
#3005=EDGE_LOOP('',(#3006,#3007,#3008,#1825));
#3006=ORIENTED_EDGE('',*,*,#2996,.F.);
#3007=ORIENTED_EDGE('',*,*,#827,.F.);
#3008=ORIENTED_EDGE('',*,*,#3009,.F.);
#3009=EDGE_CURVE('',#1823,#824,#3010,.T.);
#3010=LINE('',#3011,#194);
#3011=CARTESIAN_POINT('',(10.5,-5.55,-25.50000015));
#3012=PLANE('',#3013);
#3013=AXIS2_PLACEMENT_3D('',#3014,#183,#173);
#3014=CARTESIAN_POINT('',(12.11,-5.55,-51.0000003));
#3015=ADVANCED_FACE('',(#3016),#196,.T.);
#3016=FACE_BOUND('',#3017,.T.);
#3017=EDGE_LOOP('',(#3018,#3019,#1821,#3023));
#3018=ORIENTED_EDGE('',*,*,#823,.F.);
#3019=ORIENTED_EDGE('',*,*,#3020,.T.);
#3020=EDGE_CURVE('',#818,#1817,#3021,.T.);
#3021=LINE('',#3022,#132);
#3022=CARTESIAN_POINT('',(10.5,-4.61,-25.50000015));
#3023=ORIENTED_EDGE('',*,*,#3009,.T.);
#3024=ADVANCED_FACE('',(#3025),#3033,.T.);
#3025=FACE_BOUND('',#3026,.T.);
#3026=EDGE_LOOP('',(#3027,#3028,#1815,#3032));
#3027=ORIENTED_EDGE('',*,*,#817,.F.);
#3028=ORIENTED_EDGE('',*,*,#3029,.T.);
#3029=EDGE_CURVE('',#811,#1810,#3030,.T.);
#3030=LINE('',#3031,#132);
#3031=CARTESIAN_POINT('',(8.89,-4.61,-51.0000003));
#3032=ORIENTED_EDGE('',*,*,#3020,.F.);
#3033=PLANE('',#3034);
#3034=AXIS2_PLACEMENT_3D('',#3031,#149,#14);
#3035=ADVANCED_FACE('',(#3036),#3044,.F.);
#3036=FACE_BOUND('',#3037,.T.);
#3037=EDGE_LOOP('',(#3038,#3039,#1808,#3043));
#3038=ORIENTED_EDGE('',*,*,#810,.F.);
#3039=ORIENTED_EDGE('',*,*,#3040,.T.);
#3040=EDGE_CURVE('',#805,#1804,#3041,.T.);
#3041=LINE('',#3042,#132);
#3042=CARTESIAN_POINT('',(8.89,-3.01,-51.0000003));
#3043=ORIENTED_EDGE('',*,*,#3029,.F.);
#3044=CYLINDRICAL_SURFACE('',#3045,0.8);
#3045=AXIS2_PLACEMENT_3D('',#3046,#195,#14);
#3046=CARTESIAN_POINT('',(8.89,-3.81,-51.0000003));
#3047=ADVANCED_FACE('',(#3048),#3056,.T.);
#3048=FACE_BOUND('',#3049,.T.);
#3049=EDGE_LOOP('',(#3050,#3051,#3052,#1802));
#3050=ORIENTED_EDGE('',*,*,#3040,.F.);
#3051=ORIENTED_EDGE('',*,*,#804,.F.);
#3052=ORIENTED_EDGE('',*,*,#3053,.F.);
#3053=EDGE_CURVE('',#1800,#801,#3054,.T.);
#3054=LINE('',#3055,#194);
#3055=CARTESIAN_POINT('',(10.5,-3.01,-25.50000015));
#3056=PLANE('',#3057);
#3057=AXIS2_PLACEMENT_3D('',#3058,#183,#173);
#3058=CARTESIAN_POINT('',(12.11,-3.01,-51.0000003));
#3059=ADVANCED_FACE('',(#3060),#196,.T.);
#3060=FACE_BOUND('',#3061,.T.);
#3061=EDGE_LOOP('',(#3062,#3063,#1798,#3067));
#3062=ORIENTED_EDGE('',*,*,#800,.F.);
#3063=ORIENTED_EDGE('',*,*,#3064,.T.);
#3064=EDGE_CURVE('',#795,#1794,#3065,.T.);
#3065=LINE('',#3066,#132);
#3066=CARTESIAN_POINT('',(10.5,-2.07,-25.50000015));
#3067=ORIENTED_EDGE('',*,*,#3053,.T.);
#3068=ADVANCED_FACE('',(#3069),#3077,.T.);
#3069=FACE_BOUND('',#3070,.T.);
#3070=EDGE_LOOP('',(#3071,#3072,#1792,#3076));
#3071=ORIENTED_EDGE('',*,*,#794,.F.);
#3072=ORIENTED_EDGE('',*,*,#3073,.T.);
#3073=EDGE_CURVE('',#788,#1787,#3074,.T.);
#3074=LINE('',#3075,#132);
#3075=CARTESIAN_POINT('',(8.89,-2.07,-51.0000003));
#3076=ORIENTED_EDGE('',*,*,#3064,.F.);
#3077=PLANE('',#3078);
#3078=AXIS2_PLACEMENT_3D('',#3075,#149,#14);
#3079=ADVANCED_FACE('',(#3080),#3088,.F.);
#3080=FACE_BOUND('',#3081,.T.);
#3081=EDGE_LOOP('',(#3082,#3083,#1785,#3087));
#3082=ORIENTED_EDGE('',*,*,#787,.F.);
#3083=ORIENTED_EDGE('',*,*,#3084,.T.);
#3084=EDGE_CURVE('',#782,#1781,#3085,.T.);
#3085=LINE('',#3086,#132);
#3086=CARTESIAN_POINT('',(8.89,-0.47,-51.0000003));
#3087=ORIENTED_EDGE('',*,*,#3073,.F.);
#3088=CYLINDRICAL_SURFACE('',#3089,0.8);
#3089=AXIS2_PLACEMENT_3D('',#3090,#195,#14);
#3090=CARTESIAN_POINT('',(8.89,-1.27,-51.0000003));
#3091=ADVANCED_FACE('',(#3092),#3100,.T.);
#3092=FACE_BOUND('',#3093,.T.);
#3093=EDGE_LOOP('',(#3094,#3095,#3096,#1779));
#3094=ORIENTED_EDGE('',*,*,#3084,.F.);
#3095=ORIENTED_EDGE('',*,*,#781,.F.);
#3096=ORIENTED_EDGE('',*,*,#3097,.F.);
#3097=EDGE_CURVE('',#1777,#778,#3098,.T.);
#3098=LINE('',#3099,#194);
#3099=CARTESIAN_POINT('',(10.5,-0.47,-25.50000015));
#3100=PLANE('',#3101);
#3101=AXIS2_PLACEMENT_3D('',#3102,#183,#173);
#3102=CARTESIAN_POINT('',(12.11,-0.47,-51.0000003));
#3103=ADVANCED_FACE('',(#3104),#196,.T.);
#3104=FACE_BOUND('',#3105,.T.);
#3105=EDGE_LOOP('',(#3106,#3107,#1775,#3111));
#3106=ORIENTED_EDGE('',*,*,#777,.F.);
#3107=ORIENTED_EDGE('',*,*,#3108,.T.);
#3108=EDGE_CURVE('',#772,#1771,#3109,.T.);
#3109=LINE('',#3110,#132);
#3110=CARTESIAN_POINT('',(10.5,0.47,-25.50000015));
#3111=ORIENTED_EDGE('',*,*,#3097,.T.);
#3112=ADVANCED_FACE('',(#3113),#3121,.T.);
#3113=FACE_BOUND('',#3114,.T.);
#3114=EDGE_LOOP('',(#3115,#3116,#1769,#3120));
#3115=ORIENTED_EDGE('',*,*,#771,.F.);
#3116=ORIENTED_EDGE('',*,*,#3117,.T.);
#3117=EDGE_CURVE('',#765,#1764,#3118,.T.);
#3118=LINE('',#3119,#132);
#3119=CARTESIAN_POINT('',(8.89,0.47,-51.0000003));
#3120=ORIENTED_EDGE('',*,*,#3108,.F.);
#3121=PLANE('',#3122);
#3122=AXIS2_PLACEMENT_3D('',#3119,#149,#14);
#3123=ADVANCED_FACE('',(#3124),#3132,.F.);
#3124=FACE_BOUND('',#3125,.T.);
#3125=EDGE_LOOP('',(#3126,#3127,#1762,#3131));
#3126=ORIENTED_EDGE('',*,*,#764,.F.);
#3127=ORIENTED_EDGE('',*,*,#3128,.T.);
#3128=EDGE_CURVE('',#759,#1758,#3129,.T.);
#3129=LINE('',#3130,#132);
#3130=CARTESIAN_POINT('',(8.89,2.07,-51.0000003));
#3131=ORIENTED_EDGE('',*,*,#3117,.F.);
#3132=CYLINDRICAL_SURFACE('',#3133,0.8);
#3133=AXIS2_PLACEMENT_3D('',#3134,#195,#14);
#3134=CARTESIAN_POINT('',(8.89,1.27,-51.0000003));
#3135=ADVANCED_FACE('',(#3136),#3144,.T.);
#3136=FACE_BOUND('',#3137,.T.);
#3137=EDGE_LOOP('',(#3138,#3139,#3140,#1756));
#3138=ORIENTED_EDGE('',*,*,#3128,.F.);
#3139=ORIENTED_EDGE('',*,*,#758,.F.);
#3140=ORIENTED_EDGE('',*,*,#3141,.F.);
#3141=EDGE_CURVE('',#1754,#755,#3142,.T.);
#3142=LINE('',#3143,#194);
#3143=CARTESIAN_POINT('',(10.5,2.07,-25.50000015));
#3144=PLANE('',#3145);
#3145=AXIS2_PLACEMENT_3D('',#3146,#183,#173);
#3146=CARTESIAN_POINT('',(12.11,2.07,-51.0000003));
#3147=ADVANCED_FACE('',(#3148),#196,.T.);
#3148=FACE_BOUND('',#3149,.T.);
#3149=EDGE_LOOP('',(#3150,#3151,#1752,#3155));
#3150=ORIENTED_EDGE('',*,*,#754,.F.);
#3151=ORIENTED_EDGE('',*,*,#3152,.T.);
#3152=EDGE_CURVE('',#749,#1748,#3153,.T.);
#3153=LINE('',#3154,#132);
#3154=CARTESIAN_POINT('',(10.5,3.01,-25.50000015));
#3155=ORIENTED_EDGE('',*,*,#3141,.T.);
#3156=ADVANCED_FACE('',(#3157),#3165,.T.);
#3157=FACE_BOUND('',#3158,.T.);
#3158=EDGE_LOOP('',(#3159,#3160,#1746,#3164));
#3159=ORIENTED_EDGE('',*,*,#748,.F.);
#3160=ORIENTED_EDGE('',*,*,#3161,.T.);
#3161=EDGE_CURVE('',#742,#1741,#3162,.T.);
#3162=LINE('',#3163,#132);
#3163=CARTESIAN_POINT('',(8.89,3.01,-51.0000003));
#3164=ORIENTED_EDGE('',*,*,#3152,.F.);
#3165=PLANE('',#3166);
#3166=AXIS2_PLACEMENT_3D('',#3163,#149,#14);
#3167=ADVANCED_FACE('',(#3168),#3176,.F.);
#3168=FACE_BOUND('',#3169,.T.);
#3169=EDGE_LOOP('',(#3170,#3171,#1739,#3175));
#3170=ORIENTED_EDGE('',*,*,#741,.F.);
#3171=ORIENTED_EDGE('',*,*,#3172,.T.);
#3172=EDGE_CURVE('',#736,#1735,#3173,.T.);
#3173=LINE('',#3174,#132);
#3174=CARTESIAN_POINT('',(8.89,4.61,-51.0000003));
#3175=ORIENTED_EDGE('',*,*,#3161,.F.);
#3176=CYLINDRICAL_SURFACE('',#3177,0.8);
#3177=AXIS2_PLACEMENT_3D('',#3178,#195,#14);
#3178=CARTESIAN_POINT('',(8.89,3.81,-51.0000003));
#3179=ADVANCED_FACE('',(#3180),#3188,.T.);
#3180=FACE_BOUND('',#3181,.T.);
#3181=EDGE_LOOP('',(#3182,#3183,#3184,#1733));
#3182=ORIENTED_EDGE('',*,*,#3172,.F.);
#3183=ORIENTED_EDGE('',*,*,#735,.F.);
#3184=ORIENTED_EDGE('',*,*,#3185,.F.);
#3185=EDGE_CURVE('',#1731,#732,#3186,.T.);
#3186=LINE('',#3187,#194);
#3187=CARTESIAN_POINT('',(10.5,4.61,-25.50000015));
#3188=PLANE('',#3189);
#3189=AXIS2_PLACEMENT_3D('',#3190,#183,#173);
#3190=CARTESIAN_POINT('',(12.11,4.61,-51.0000003));
#3191=ADVANCED_FACE('',(#3192),#196,.T.);
#3192=FACE_BOUND('',#3193,.T.);
#3193=EDGE_LOOP('',(#3194,#3195,#1729,#3199));
#3194=ORIENTED_EDGE('',*,*,#731,.F.);
#3195=ORIENTED_EDGE('',*,*,#3196,.T.);
#3196=EDGE_CURVE('',#726,#1725,#3197,.T.);
#3197=LINE('',#3198,#132);
#3198=CARTESIAN_POINT('',(10.5,5.55,-25.50000015));
#3199=ORIENTED_EDGE('',*,*,#3185,.T.);
#3200=ADVANCED_FACE('',(#3201),#3209,.T.);
#3201=FACE_BOUND('',#3202,.T.);
#3202=EDGE_LOOP('',(#3203,#3204,#1723,#3208));
#3203=ORIENTED_EDGE('',*,*,#725,.F.);
#3204=ORIENTED_EDGE('',*,*,#3205,.T.);
#3205=EDGE_CURVE('',#719,#1718,#3206,.T.);
#3206=LINE('',#3207,#132);
#3207=CARTESIAN_POINT('',(8.89,5.55,-51.0000003));
#3208=ORIENTED_EDGE('',*,*,#3196,.F.);
#3209=PLANE('',#3210);
#3210=AXIS2_PLACEMENT_3D('',#3207,#149,#14);
#3211=ADVANCED_FACE('',(#3212),#3220,.F.);
#3212=FACE_BOUND('',#3213,.T.);
#3213=EDGE_LOOP('',(#3214,#3215,#1716,#3219));
#3214=ORIENTED_EDGE('',*,*,#718,.F.);
#3215=ORIENTED_EDGE('',*,*,#3216,.T.);
#3216=EDGE_CURVE('',#713,#1712,#3217,.T.);
#3217=LINE('',#3218,#132);
#3218=CARTESIAN_POINT('',(8.89,7.15,-51.0000003));
#3219=ORIENTED_EDGE('',*,*,#3205,.F.);
#3220=CYLINDRICAL_SURFACE('',#3221,0.8);
#3221=AXIS2_PLACEMENT_3D('',#3222,#195,#14);
#3222=CARTESIAN_POINT('',(8.89,6.35,-51.0000003));
#3223=ADVANCED_FACE('',(#3224),#3232,.T.);
#3224=FACE_BOUND('',#3225,.T.);
#3225=EDGE_LOOP('',(#3226,#3227,#3228,#1710));
#3226=ORIENTED_EDGE('',*,*,#3216,.F.);
#3227=ORIENTED_EDGE('',*,*,#712,.F.);
#3228=ORIENTED_EDGE('',*,*,#3229,.F.);
#3229=EDGE_CURVE('',#1708,#709,#3230,.T.);
#3230=LINE('',#3231,#194);
#3231=CARTESIAN_POINT('',(10.5,7.15,-25.50000015));
#3232=PLANE('',#3233);
#3233=AXIS2_PLACEMENT_3D('',#3234,#183,#173);
#3234=CARTESIAN_POINT('',(12.11,7.15,-51.0000003));
#3235=ADVANCED_FACE('',(#3236),#196,.T.);
#3236=FACE_BOUND('',#3237,.T.);
#3237=EDGE_LOOP('',(#3238,#3239,#1706,#3243));
#3238=ORIENTED_EDGE('',*,*,#708,.F.);
#3239=ORIENTED_EDGE('',*,*,#3240,.T.);
#3240=EDGE_CURVE('',#703,#1702,#3241,.T.);
#3241=LINE('',#3242,#132);
#3242=CARTESIAN_POINT('',(10.5,8.09,-25.50000015));
#3243=ORIENTED_EDGE('',*,*,#3229,.T.);
#3244=ADVANCED_FACE('',(#3245),#3253,.T.);
#3245=FACE_BOUND('',#3246,.T.);
#3246=EDGE_LOOP('',(#3247,#3248,#1700,#3252));
#3247=ORIENTED_EDGE('',*,*,#702,.F.);
#3248=ORIENTED_EDGE('',*,*,#3249,.T.);
#3249=EDGE_CURVE('',#696,#1695,#3250,.T.);
#3250=LINE('',#3251,#132);
#3251=CARTESIAN_POINT('',(8.89,8.09,-51.0000003));
#3252=ORIENTED_EDGE('',*,*,#3240,.F.);
#3253=PLANE('',#3254);
#3254=AXIS2_PLACEMENT_3D('',#3251,#149,#14);
#3255=ADVANCED_FACE('',(#3256),#3264,.F.);
#3256=FACE_BOUND('',#3257,.T.);
#3257=EDGE_LOOP('',(#3258,#3259,#1693,#3263));
#3258=ORIENTED_EDGE('',*,*,#695,.F.);
#3259=ORIENTED_EDGE('',*,*,#3260,.T.);
#3260=EDGE_CURVE('',#690,#1689,#3261,.T.);
#3261=LINE('',#3262,#132);
#3262=CARTESIAN_POINT('',(8.89,9.69,-51.0000003));
#3263=ORIENTED_EDGE('',*,*,#3249,.F.);
#3264=CYLINDRICAL_SURFACE('',#3265,0.8);
#3265=AXIS2_PLACEMENT_3D('',#3266,#195,#14);
#3266=CARTESIAN_POINT('',(8.89,8.89,-51.0000003));
#3267=ADVANCED_FACE('',(#3268),#3276,.T.);
#3268=FACE_BOUND('',#3269,.T.);
#3269=EDGE_LOOP('',(#3270,#3271,#3272,#1687));
#3270=ORIENTED_EDGE('',*,*,#3260,.F.);
#3271=ORIENTED_EDGE('',*,*,#689,.F.);
#3272=ORIENTED_EDGE('',*,*,#3273,.F.);
#3273=EDGE_CURVE('',#1685,#686,#3274,.T.);
#3274=LINE('',#3275,#194);
#3275=CARTESIAN_POINT('',(10.5,9.69,-25.50000015));
#3276=PLANE('',#3277);
#3277=AXIS2_PLACEMENT_3D('',#3278,#183,#173);
#3278=CARTESIAN_POINT('',(12.11,9.69,-51.0000003));
#3279=ADVANCED_FACE('',(#3280),#196,.T.);
#3280=FACE_BOUND('',#3281,.T.);
#3281=EDGE_LOOP('',(#3282,#3283,#1683,#3287));
#3282=ORIENTED_EDGE('',*,*,#685,.F.);
#3283=ORIENTED_EDGE('',*,*,#3284,.T.);
#3284=EDGE_CURVE('',#680,#1679,#3285,.T.);
#3285=LINE('',#3286,#132);
#3286=CARTESIAN_POINT('',(10.5,10.63,-25.50000015));
#3287=ORIENTED_EDGE('',*,*,#3273,.T.);
#3288=ADVANCED_FACE('',(#3289),#3297,.T.);
#3289=FACE_BOUND('',#3290,.T.);
#3290=EDGE_LOOP('',(#3291,#3292,#1677,#3296));
#3291=ORIENTED_EDGE('',*,*,#679,.F.);
#3292=ORIENTED_EDGE('',*,*,#3293,.T.);
#3293=EDGE_CURVE('',#673,#1672,#3294,.T.);
#3294=LINE('',#3295,#132);
#3295=CARTESIAN_POINT('',(8.89,10.63,-51.0000003));
#3296=ORIENTED_EDGE('',*,*,#3284,.F.);
#3297=PLANE('',#3298);
#3298=AXIS2_PLACEMENT_3D('',#3295,#149,#14);
#3299=ADVANCED_FACE('',(#3300),#3308,.F.);
#3300=FACE_BOUND('',#3301,.T.);
#3301=EDGE_LOOP('',(#3302,#3303,#1670,#3307));
#3302=ORIENTED_EDGE('',*,*,#672,.F.);
#3303=ORIENTED_EDGE('',*,*,#3304,.T.);
#3304=EDGE_CURVE('',#667,#1666,#3305,.T.);
#3305=LINE('',#3306,#132);
#3306=CARTESIAN_POINT('',(8.89,12.23,-51.0000003));
#3307=ORIENTED_EDGE('',*,*,#3293,.F.);
#3308=CYLINDRICAL_SURFACE('',#3309,0.8);
#3309=AXIS2_PLACEMENT_3D('',#3310,#195,#14);
#3310=CARTESIAN_POINT('',(8.89,11.43,-51.0000003));
#3311=ADVANCED_FACE('',(#3312),#3320,.T.);
#3312=FACE_BOUND('',#3313,.T.);
#3313=EDGE_LOOP('',(#3314,#3315,#3316,#1664));
#3314=ORIENTED_EDGE('',*,*,#3304,.F.);
#3315=ORIENTED_EDGE('',*,*,#666,.F.);
#3316=ORIENTED_EDGE('',*,*,#3317,.F.);
#3317=EDGE_CURVE('',#1662,#663,#3318,.T.);
#3318=LINE('',#3319,#194);
#3319=CARTESIAN_POINT('',(10.5,12.23,-25.50000015));
#3320=PLANE('',#3321);
#3321=AXIS2_PLACEMENT_3D('',#3322,#183,#173);
#3322=CARTESIAN_POINT('',(12.11,12.23,-51.0000003));
#3323=ADVANCED_FACE('',(#3324),#196,.T.);
#3324=FACE_BOUND('',#3325,.T.);
#3325=EDGE_LOOP('',(#3326,#3327,#1660,#3331));
#3326=ORIENTED_EDGE('',*,*,#662,.F.);
#3327=ORIENTED_EDGE('',*,*,#3328,.T.);
#3328=EDGE_CURVE('',#657,#1656,#3329,.T.);
#3329=LINE('',#3330,#132);
#3330=CARTESIAN_POINT('',(10.5,13.17,-25.50000015));
#3331=ORIENTED_EDGE('',*,*,#3317,.T.);
#3332=ADVANCED_FACE('',(#3333),#3341,.T.);
#3333=FACE_BOUND('',#3334,.T.);
#3334=EDGE_LOOP('',(#3335,#3336,#1654,#3340));
#3335=ORIENTED_EDGE('',*,*,#656,.F.);
#3336=ORIENTED_EDGE('',*,*,#3337,.T.);
#3337=EDGE_CURVE('',#650,#1649,#3338,.T.);
#3338=LINE('',#3339,#132);
#3339=CARTESIAN_POINT('',(8.89,13.17,-51.0000003));
#3340=ORIENTED_EDGE('',*,*,#3328,.F.);
#3341=PLANE('',#3342);
#3342=AXIS2_PLACEMENT_3D('',#3339,#149,#14);
#3343=ADVANCED_FACE('',(#3344),#3352,.F.);
#3344=FACE_BOUND('',#3345,.T.);
#3345=EDGE_LOOP('',(#3346,#3347,#1647,#3351));
#3346=ORIENTED_EDGE('',*,*,#649,.F.);
#3347=ORIENTED_EDGE('',*,*,#3348,.T.);
#3348=EDGE_CURVE('',#644,#1643,#3349,.T.);
#3349=LINE('',#3350,#132);
#3350=CARTESIAN_POINT('',(8.89,14.77,-51.0000003));
#3351=ORIENTED_EDGE('',*,*,#3337,.F.);
#3352=CYLINDRICAL_SURFACE('',#3353,0.8);
#3353=AXIS2_PLACEMENT_3D('',#3354,#195,#14);
#3354=CARTESIAN_POINT('',(8.89,13.97,-51.0000003));
#3355=ADVANCED_FACE('',(#3356),#3364,.T.);
#3356=FACE_BOUND('',#3357,.T.);
#3357=EDGE_LOOP('',(#3358,#3359,#3360,#1641));
#3358=ORIENTED_EDGE('',*,*,#3348,.F.);
#3359=ORIENTED_EDGE('',*,*,#643,.F.);
#3360=ORIENTED_EDGE('',*,*,#3361,.F.);
#3361=EDGE_CURVE('',#1639,#640,#3362,.T.);
#3362=LINE('',#3363,#194);
#3363=CARTESIAN_POINT('',(10.5,14.77,-25.50000015));
#3364=PLANE('',#3365);
#3365=AXIS2_PLACEMENT_3D('',#3366,#183,#173);
#3366=CARTESIAN_POINT('',(12.11,14.77,-51.0000003));
#3367=ADVANCED_FACE('',(#3368),#196,.T.);
#3368=FACE_BOUND('',#3369,.T.);
#3369=EDGE_LOOP('',(#3370,#3371,#1637,#3375));
#3370=ORIENTED_EDGE('',*,*,#639,.F.);
#3371=ORIENTED_EDGE('',*,*,#3372,.T.);
#3372=EDGE_CURVE('',#634,#1633,#3373,.T.);
#3373=LINE('',#3374,#132);
#3374=CARTESIAN_POINT('',(10.5,15.71,-25.50000015));
#3375=ORIENTED_EDGE('',*,*,#3361,.T.);
#3376=ADVANCED_FACE('',(#3377),#3385,.T.);
#3377=FACE_BOUND('',#3378,.T.);
#3378=EDGE_LOOP('',(#3379,#3380,#1631,#3384));
#3379=ORIENTED_EDGE('',*,*,#633,.F.);
#3380=ORIENTED_EDGE('',*,*,#3381,.T.);
#3381=EDGE_CURVE('',#627,#1626,#3382,.T.);
#3382=LINE('',#3383,#132);
#3383=CARTESIAN_POINT('',(8.89,15.71,-51.0000003));
#3384=ORIENTED_EDGE('',*,*,#3372,.F.);
#3385=PLANE('',#3386);
#3386=AXIS2_PLACEMENT_3D('',#3383,#149,#14);
#3387=ADVANCED_FACE('',(#3388),#3396,.F.);
#3388=FACE_BOUND('',#3389,.T.);
#3389=EDGE_LOOP('',(#3390,#3391,#1624,#3395));
#3390=ORIENTED_EDGE('',*,*,#626,.F.);
#3391=ORIENTED_EDGE('',*,*,#3392,.T.);
#3392=EDGE_CURVE('',#621,#1620,#3393,.T.);
#3393=LINE('',#3394,#132);
#3394=CARTESIAN_POINT('',(8.89,17.31,-51.0000003));
#3395=ORIENTED_EDGE('',*,*,#3381,.F.);
#3396=CYLINDRICAL_SURFACE('',#3397,0.8);
#3397=AXIS2_PLACEMENT_3D('',#3398,#195,#14);
#3398=CARTESIAN_POINT('',(8.89,16.51,-51.0000003));
#3399=ADVANCED_FACE('',(#3400),#3408,.T.);
#3400=FACE_BOUND('',#3401,.T.);
#3401=EDGE_LOOP('',(#3402,#3403,#3404,#1618));
#3402=ORIENTED_EDGE('',*,*,#3392,.F.);
#3403=ORIENTED_EDGE('',*,*,#620,.F.);
#3404=ORIENTED_EDGE('',*,*,#3405,.F.);
#3405=EDGE_CURVE('',#1616,#617,#3406,.T.);
#3406=LINE('',#3407,#194);
#3407=CARTESIAN_POINT('',(10.5,17.31,-25.50000015));
#3408=PLANE('',#3409);
#3409=AXIS2_PLACEMENT_3D('',#3410,#183,#173);
#3410=CARTESIAN_POINT('',(12.11,17.31,-51.0000003));
#3411=ADVANCED_FACE('',(#3412),#196,.T.);
#3412=FACE_BOUND('',#3413,.T.);
#3413=EDGE_LOOP('',(#3414,#3415,#1614,#3419));
#3414=ORIENTED_EDGE('',*,*,#616,.F.);
#3415=ORIENTED_EDGE('',*,*,#3416,.T.);
#3416=EDGE_CURVE('',#611,#1610,#3417,.T.);
#3417=LINE('',#3418,#132);
#3418=CARTESIAN_POINT('',(10.5,18.25,-25.50000015));
#3419=ORIENTED_EDGE('',*,*,#3405,.T.);
#3420=ADVANCED_FACE('',(#3421),#3429,.T.);
#3421=FACE_BOUND('',#3422,.T.);
#3422=EDGE_LOOP('',(#3423,#3424,#1608,#3428));
#3423=ORIENTED_EDGE('',*,*,#610,.F.);
#3424=ORIENTED_EDGE('',*,*,#3425,.T.);
#3425=EDGE_CURVE('',#604,#1603,#3426,.T.);
#3426=LINE('',#3427,#132);
#3427=CARTESIAN_POINT('',(8.89,18.25,-51.0000003));
#3428=ORIENTED_EDGE('',*,*,#3416,.F.);
#3429=PLANE('',#3430);
#3430=AXIS2_PLACEMENT_3D('',#3427,#149,#14);
#3431=ADVANCED_FACE('',(#3432),#3440,.F.);
#3432=FACE_BOUND('',#3433,.T.);
#3433=EDGE_LOOP('',(#3434,#3435,#1601,#3439));
#3434=ORIENTED_EDGE('',*,*,#603,.F.);
#3435=ORIENTED_EDGE('',*,*,#3436,.T.);
#3436=EDGE_CURVE('',#598,#1597,#3437,.T.);
#3437=LINE('',#3438,#132);
#3438=CARTESIAN_POINT('',(8.89,19.85,-51.0000003));
#3439=ORIENTED_EDGE('',*,*,#3425,.F.);
#3440=CYLINDRICAL_SURFACE('',#3441,0.8);
#3441=AXIS2_PLACEMENT_3D('',#3442,#195,#14);
#3442=CARTESIAN_POINT('',(8.89,19.05,-51.0000003));
#3443=ADVANCED_FACE('',(#3444),#3452,.T.);
#3444=FACE_BOUND('',#3445,.T.);
#3445=EDGE_LOOP('',(#3446,#3447,#3448,#1595));
#3446=ORIENTED_EDGE('',*,*,#3436,.F.);
#3447=ORIENTED_EDGE('',*,*,#597,.F.);
#3448=ORIENTED_EDGE('',*,*,#3449,.F.);
#3449=EDGE_CURVE('',#1593,#594,#3450,.T.);
#3450=LINE('',#3451,#194);
#3451=CARTESIAN_POINT('',(10.5,19.85,-25.50000015));
#3452=PLANE('',#3453);
#3453=AXIS2_PLACEMENT_3D('',#3454,#183,#173);
#3454=CARTESIAN_POINT('',(12.11,19.85,-51.0000003));
#3455=ADVANCED_FACE('',(#3456),#196,.T.);
#3456=FACE_BOUND('',#3457,.T.);
#3457=EDGE_LOOP('',(#3458,#3459,#1591,#3463));
#3458=ORIENTED_EDGE('',*,*,#593,.F.);
#3459=ORIENTED_EDGE('',*,*,#3460,.T.);
#3460=EDGE_CURVE('',#588,#1587,#3461,.T.);
#3461=LINE('',#3462,#132);
#3462=CARTESIAN_POINT('',(10.5,20.79,-25.50000015));
#3463=ORIENTED_EDGE('',*,*,#3449,.T.);
#3464=ADVANCED_FACE('',(#3465),#3473,.T.);
#3465=FACE_BOUND('',#3466,.T.);
#3466=EDGE_LOOP('',(#3467,#3468,#1585,#3472));
#3467=ORIENTED_EDGE('',*,*,#587,.F.);
#3468=ORIENTED_EDGE('',*,*,#3469,.T.);
#3469=EDGE_CURVE('',#581,#1580,#3470,.T.);
#3470=LINE('',#3471,#132);
#3471=CARTESIAN_POINT('',(8.89,20.79,-51.0000003));
#3472=ORIENTED_EDGE('',*,*,#3460,.F.);
#3473=PLANE('',#3474);
#3474=AXIS2_PLACEMENT_3D('',#3471,#149,#14);
#3475=ADVANCED_FACE('',(#3476),#3484,.F.);
#3476=FACE_BOUND('',#3477,.T.);
#3477=EDGE_LOOP('',(#3478,#3479,#1578,#3483));
#3478=ORIENTED_EDGE('',*,*,#580,.F.);
#3479=ORIENTED_EDGE('',*,*,#3480,.T.);
#3480=EDGE_CURVE('',#575,#1574,#3481,.T.);
#3481=LINE('',#3482,#132);
#3482=CARTESIAN_POINT('',(8.89,22.39,-51.0000003));
#3483=ORIENTED_EDGE('',*,*,#3469,.F.);
#3484=CYLINDRICAL_SURFACE('',#3485,0.8);
#3485=AXIS2_PLACEMENT_3D('',#3486,#195,#14);
#3486=CARTESIAN_POINT('',(8.89,21.59,-51.0000003));
#3487=ADVANCED_FACE('',(#3488),#3496,.T.);
#3488=FACE_BOUND('',#3489,.T.);
#3489=EDGE_LOOP('',(#3490,#3491,#3492,#1572));
#3490=ORIENTED_EDGE('',*,*,#3480,.F.);
#3491=ORIENTED_EDGE('',*,*,#574,.F.);
#3492=ORIENTED_EDGE('',*,*,#3493,.F.);
#3493=EDGE_CURVE('',#1570,#571,#3494,.T.);
#3494=LINE('',#3495,#194);
#3495=CARTESIAN_POINT('',(10.5,22.39,-25.50000015));
#3496=PLANE('',#3497);
#3497=AXIS2_PLACEMENT_3D('',#3498,#183,#173);
#3498=CARTESIAN_POINT('',(12.11,22.39,-51.0000003));
#3499=ADVANCED_FACE('',(#3500),#196,.T.);
#3500=FACE_BOUND('',#3501,.T.);
#3501=EDGE_LOOP('',(#3502,#3503,#1568,#3507));
#3502=ORIENTED_EDGE('',*,*,#570,.F.);
#3503=ORIENTED_EDGE('',*,*,#3504,.T.);
#3504=EDGE_CURVE('',#565,#1564,#3505,.T.);
#3505=LINE('',#3506,#132);
#3506=CARTESIAN_POINT('',(10.5,23.33,-25.50000015));
#3507=ORIENTED_EDGE('',*,*,#3493,.T.);
#3508=ADVANCED_FACE('',(#3509),#3517,.T.);
#3509=FACE_BOUND('',#3510,.T.);
#3510=EDGE_LOOP('',(#3511,#3512,#1562,#3516));
#3511=ORIENTED_EDGE('',*,*,#564,.F.);
#3512=ORIENTED_EDGE('',*,*,#3513,.T.);
#3513=EDGE_CURVE('',#558,#1557,#3514,.T.);
#3514=LINE('',#3515,#132);
#3515=CARTESIAN_POINT('',(8.89,23.33,-51.0000003));
#3516=ORIENTED_EDGE('',*,*,#3504,.F.);
#3517=PLANE('',#3518);
#3518=AXIS2_PLACEMENT_3D('',#3515,#149,#14);
#3519=ADVANCED_FACE('',(#3520),#3525,.F.);
#3520=FACE_BOUND('',#3521,.T.);
#3521=EDGE_LOOP('',(#3522,#3523,#1555,#3524));
#3522=ORIENTED_EDGE('',*,*,#557,.F.);
#3523=ORIENTED_EDGE('',*,*,#2282,.T.);
#3524=ORIENTED_EDGE('',*,*,#3513,.F.);
#3525=CYLINDRICAL_SURFACE('',#3526,0.8);
#3526=AXIS2_PLACEMENT_3D('',#3527,#195,#14);
#3527=CARTESIAN_POINT('',(8.89,24.13,-51.0000003));
#3528=ADVANCED_FACE('',(#3529),#3537,.F.);
#3529=FACE_BOUND('',#3530,.T.);
#3530=EDGE_LOOP('',(#3531,#3532,#1538,#3536));
#3531=ORIENTED_EDGE('',*,*,#537,.F.);
#3532=ORIENTED_EDGE('',*,*,#3533,.T.);
#3533=EDGE_CURVE('',#532,#1534,#3534,.T.);
#3534=LINE('',#3535,#132);
#3535=CARTESIAN_POINT('',(-8.89,23.33,-51.0000002));
#3536=ORIENTED_EDGE('',*,*,#2272,.F.);
#3537=CYLINDRICAL_SURFACE('',#3538,0.8);
#3538=AXIS2_PLACEMENT_3D('',#3539,#195,#14);
#3539=CARTESIAN_POINT('',(-8.89,24.13,-51.0000003));
#3540=ADVANCED_FACE('',(#3541),#3549,.T.);
#3541=FACE_BOUND('',#3542,.T.);
#3542=EDGE_LOOP('',(#3543,#3544,#3545,#1532));
#3543=ORIENTED_EDGE('',*,*,#3533,.F.);
#3544=ORIENTED_EDGE('',*,*,#531,.F.);
#3545=ORIENTED_EDGE('',*,*,#3546,.F.);
#3546=EDGE_CURVE('',#1530,#528,#3547,.T.);
#3547=LINE('',#3548,#194);
#3548=CARTESIAN_POINT('',(-10.5,23.33,-25.5000001));
#3549=PLANE('',#3550);
#3550=AXIS2_PLACEMENT_3D('',#3551,#149,#14);
#3551=CARTESIAN_POINT('',(-12.11,23.33,-51.0000002));
#3552=ADVANCED_FACE('',(#3553),#171,.T.);
#3553=FACE_BOUND('',#3554,.T.);
#3554=EDGE_LOOP('',(#3555,#3556,#1528,#3560));
#3555=ORIENTED_EDGE('',*,*,#527,.F.);
#3556=ORIENTED_EDGE('',*,*,#3557,.T.);
#3557=EDGE_CURVE('',#522,#1524,#3558,.T.);
#3558=LINE('',#3559,#132);
#3559=CARTESIAN_POINT('',(-10.5,22.39,-25.50000015));
#3560=ORIENTED_EDGE('',*,*,#3546,.T.);
#3561=ADVANCED_FACE('',(#3562),#3570,.T.);
#3562=FACE_BOUND('',#3563,.T.);
#3563=EDGE_LOOP('',(#3564,#3565,#1522,#3569));
#3564=ORIENTED_EDGE('',*,*,#521,.F.);
#3565=ORIENTED_EDGE('',*,*,#3566,.T.);
#3566=EDGE_CURVE('',#515,#1517,#3567,.T.);
#3567=LINE('',#3568,#132);
#3568=CARTESIAN_POINT('',(-8.89,22.39,-51.0000003));
#3569=ORIENTED_EDGE('',*,*,#3557,.F.);
#3570=PLANE('',#3571);
#3571=AXIS2_PLACEMENT_3D('',#3568,#183,#173);
#3572=ADVANCED_FACE('',(#3573),#3581,.F.);
#3573=FACE_BOUND('',#3574,.T.);
#3574=EDGE_LOOP('',(#3575,#3576,#1515,#3580));
#3575=ORIENTED_EDGE('',*,*,#514,.F.);
#3576=ORIENTED_EDGE('',*,*,#3577,.T.);
#3577=EDGE_CURVE('',#509,#1511,#3578,.T.);
#3578=LINE('',#3579,#132);
#3579=CARTESIAN_POINT('',(-8.89,20.79,-51.0000003));
#3580=ORIENTED_EDGE('',*,*,#3566,.F.);
#3581=CYLINDRICAL_SURFACE('',#3582,0.8);
#3582=AXIS2_PLACEMENT_3D('',#3583,#195,#14);
#3583=CARTESIAN_POINT('',(-8.89,21.59,-51.0000003));
#3584=ADVANCED_FACE('',(#3585),#3593,.T.);
#3585=FACE_BOUND('',#3586,.T.);
#3586=EDGE_LOOP('',(#3587,#3588,#3589,#1509));
#3587=ORIENTED_EDGE('',*,*,#3577,.F.);
#3588=ORIENTED_EDGE('',*,*,#508,.F.);
#3589=ORIENTED_EDGE('',*,*,#3590,.F.);
#3590=EDGE_CURVE('',#1507,#505,#3591,.T.);
#3591=LINE('',#3592,#194);
#3592=CARTESIAN_POINT('',(-10.5,20.79,-25.50000015));
#3593=PLANE('',#3594);
#3594=AXIS2_PLACEMENT_3D('',#3595,#149,#14);
#3595=CARTESIAN_POINT('',(-12.11,20.79,-51.0000003));
#3596=ADVANCED_FACE('',(#3597),#171,.T.);
#3597=FACE_BOUND('',#3598,.T.);
#3598=EDGE_LOOP('',(#3599,#3600,#1505,#3604));
#3599=ORIENTED_EDGE('',*,*,#504,.F.);
#3600=ORIENTED_EDGE('',*,*,#3601,.T.);
#3601=EDGE_CURVE('',#499,#1501,#3602,.T.);
#3602=LINE('',#3603,#132);
#3603=CARTESIAN_POINT('',(-10.5,19.85,-25.50000015));
#3604=ORIENTED_EDGE('',*,*,#3590,.T.);
#3605=ADVANCED_FACE('',(#3606),#3614,.T.);
#3606=FACE_BOUND('',#3607,.T.);
#3607=EDGE_LOOP('',(#3608,#3609,#1499,#3613));
#3608=ORIENTED_EDGE('',*,*,#498,.F.);
#3609=ORIENTED_EDGE('',*,*,#3610,.T.);
#3610=EDGE_CURVE('',#492,#1494,#3611,.T.);
#3611=LINE('',#3612,#132);
#3612=CARTESIAN_POINT('',(-8.89,19.85,-51.0000003));
#3613=ORIENTED_EDGE('',*,*,#3601,.F.);
#3614=PLANE('',#3615);
#3615=AXIS2_PLACEMENT_3D('',#3612,#183,#173);
#3616=ADVANCED_FACE('',(#3617),#3625,.F.);
#3617=FACE_BOUND('',#3618,.T.);
#3618=EDGE_LOOP('',(#3619,#3620,#1492,#3624));
#3619=ORIENTED_EDGE('',*,*,#491,.F.);
#3620=ORIENTED_EDGE('',*,*,#3621,.T.);
#3621=EDGE_CURVE('',#486,#1488,#3622,.T.);
#3622=LINE('',#3623,#132);
#3623=CARTESIAN_POINT('',(-8.89,18.25,-51.0000003));
#3624=ORIENTED_EDGE('',*,*,#3610,.F.);
#3625=CYLINDRICAL_SURFACE('',#3626,0.8);
#3626=AXIS2_PLACEMENT_3D('',#3627,#195,#14);
#3627=CARTESIAN_POINT('',(-8.89,19.05,-51.0000003));
#3628=ADVANCED_FACE('',(#3629),#3637,.T.);
#3629=FACE_BOUND('',#3630,.T.);
#3630=EDGE_LOOP('',(#3631,#3632,#3633,#1486));
#3631=ORIENTED_EDGE('',*,*,#3621,.F.);
#3632=ORIENTED_EDGE('',*,*,#485,.F.);
#3633=ORIENTED_EDGE('',*,*,#3634,.F.);
#3634=EDGE_CURVE('',#1484,#482,#3635,.T.);
#3635=LINE('',#3636,#194);
#3636=CARTESIAN_POINT('',(-10.5,18.25,-25.50000015));
#3637=PLANE('',#3638);
#3638=AXIS2_PLACEMENT_3D('',#3639,#149,#14);
#3639=CARTESIAN_POINT('',(-12.11,18.25,-51.0000003));
#3640=ADVANCED_FACE('',(#3641),#171,.T.);
#3641=FACE_BOUND('',#3642,.T.);
#3642=EDGE_LOOP('',(#3643,#3644,#1482,#3648));
#3643=ORIENTED_EDGE('',*,*,#481,.F.);
#3644=ORIENTED_EDGE('',*,*,#3645,.T.);
#3645=EDGE_CURVE('',#476,#1478,#3646,.T.);
#3646=LINE('',#3647,#132);
#3647=CARTESIAN_POINT('',(-10.5,17.31,-25.50000015));
#3648=ORIENTED_EDGE('',*,*,#3634,.T.);
#3649=ADVANCED_FACE('',(#3650),#3658,.T.);
#3650=FACE_BOUND('',#3651,.T.);
#3651=EDGE_LOOP('',(#3652,#3653,#1476,#3657));
#3652=ORIENTED_EDGE('',*,*,#475,.F.);
#3653=ORIENTED_EDGE('',*,*,#3654,.T.);
#3654=EDGE_CURVE('',#469,#1471,#3655,.T.);
#3655=LINE('',#3656,#132);
#3656=CARTESIAN_POINT('',(-8.89,17.31,-51.0000003));
#3657=ORIENTED_EDGE('',*,*,#3645,.F.);
#3658=PLANE('',#3659);
#3659=AXIS2_PLACEMENT_3D('',#3656,#183,#173);
#3660=ADVANCED_FACE('',(#3661),#3669,.F.);
#3661=FACE_BOUND('',#3662,.T.);
#3662=EDGE_LOOP('',(#3663,#3664,#1469,#3668));
#3663=ORIENTED_EDGE('',*,*,#468,.F.);
#3664=ORIENTED_EDGE('',*,*,#3665,.T.);
#3665=EDGE_CURVE('',#463,#1465,#3666,.T.);
#3666=LINE('',#3667,#132);
#3667=CARTESIAN_POINT('',(-8.89,15.71,-51.0000003));
#3668=ORIENTED_EDGE('',*,*,#3654,.F.);
#3669=CYLINDRICAL_SURFACE('',#3670,0.8);
#3670=AXIS2_PLACEMENT_3D('',#3671,#195,#14);
#3671=CARTESIAN_POINT('',(-8.89,16.51,-51.0000003));
#3672=ADVANCED_FACE('',(#3673),#3681,.T.);
#3673=FACE_BOUND('',#3674,.T.);
#3674=EDGE_LOOP('',(#3675,#3676,#3677,#1463));
#3675=ORIENTED_EDGE('',*,*,#3665,.F.);
#3676=ORIENTED_EDGE('',*,*,#462,.F.);
#3677=ORIENTED_EDGE('',*,*,#3678,.F.);
#3678=EDGE_CURVE('',#1461,#459,#3679,.T.);
#3679=LINE('',#3680,#194);
#3680=CARTESIAN_POINT('',(-10.5,15.71,-25.50000015));
#3681=PLANE('',#3682);
#3682=AXIS2_PLACEMENT_3D('',#3683,#149,#14);
#3683=CARTESIAN_POINT('',(-12.11,15.71,-51.0000003));
#3684=ADVANCED_FACE('',(#3685),#171,.T.);
#3685=FACE_BOUND('',#3686,.T.);
#3686=EDGE_LOOP('',(#3687,#3688,#1459,#3692));
#3687=ORIENTED_EDGE('',*,*,#458,.F.);
#3688=ORIENTED_EDGE('',*,*,#3689,.T.);
#3689=EDGE_CURVE('',#453,#1455,#3690,.T.);
#3690=LINE('',#3691,#132);
#3691=CARTESIAN_POINT('',(-10.5,14.77,-25.50000015));
#3692=ORIENTED_EDGE('',*,*,#3678,.T.);
#3693=ADVANCED_FACE('',(#3694),#3702,.T.);
#3694=FACE_BOUND('',#3695,.T.);
#3695=EDGE_LOOP('',(#3696,#3697,#1453,#3701));
#3696=ORIENTED_EDGE('',*,*,#452,.F.);
#3697=ORIENTED_EDGE('',*,*,#3698,.T.);
#3698=EDGE_CURVE('',#446,#1448,#3699,.T.);
#3699=LINE('',#3700,#132);
#3700=CARTESIAN_POINT('',(-8.89,14.77,-51.0000003));
#3701=ORIENTED_EDGE('',*,*,#3689,.F.);
#3702=PLANE('',#3703);
#3703=AXIS2_PLACEMENT_3D('',#3700,#183,#173);
#3704=ADVANCED_FACE('',(#3705),#3713,.F.);
#3705=FACE_BOUND('',#3706,.T.);
#3706=EDGE_LOOP('',(#3707,#3708,#1446,#3712));
#3707=ORIENTED_EDGE('',*,*,#445,.F.);
#3708=ORIENTED_EDGE('',*,*,#3709,.T.);
#3709=EDGE_CURVE('',#440,#1442,#3710,.T.);
#3710=LINE('',#3711,#132);
#3711=CARTESIAN_POINT('',(-8.89,13.17,-51.0000003));
#3712=ORIENTED_EDGE('',*,*,#3698,.F.);
#3713=CYLINDRICAL_SURFACE('',#3714,0.8);
#3714=AXIS2_PLACEMENT_3D('',#3715,#195,#14);
#3715=CARTESIAN_POINT('',(-8.89,13.97,-51.0000003));
#3716=ADVANCED_FACE('',(#3717),#3725,.T.);
#3717=FACE_BOUND('',#3718,.T.);
#3718=EDGE_LOOP('',(#3719,#3720,#3721,#1440));
#3719=ORIENTED_EDGE('',*,*,#3709,.F.);
#3720=ORIENTED_EDGE('',*,*,#439,.F.);
#3721=ORIENTED_EDGE('',*,*,#3722,.F.);
#3722=EDGE_CURVE('',#1438,#436,#3723,.T.);
#3723=LINE('',#3724,#194);
#3724=CARTESIAN_POINT('',(-10.5,13.17,-25.50000015));
#3725=PLANE('',#3726);
#3726=AXIS2_PLACEMENT_3D('',#3727,#149,#14);
#3727=CARTESIAN_POINT('',(-12.11,13.17,-51.0000003));
#3728=ADVANCED_FACE('',(#3729),#171,.T.);
#3729=FACE_BOUND('',#3730,.T.);
#3730=EDGE_LOOP('',(#3731,#3732,#1436,#3736));
#3731=ORIENTED_EDGE('',*,*,#435,.F.);
#3732=ORIENTED_EDGE('',*,*,#3733,.T.);
#3733=EDGE_CURVE('',#430,#1432,#3734,.T.);
#3734=LINE('',#3735,#132);
#3735=CARTESIAN_POINT('',(-10.5,12.23,-25.50000015));
#3736=ORIENTED_EDGE('',*,*,#3722,.T.);
#3737=ADVANCED_FACE('',(#3738),#3746,.T.);
#3738=FACE_BOUND('',#3739,.T.);
#3739=EDGE_LOOP('',(#3740,#3741,#1430,#3745));
#3740=ORIENTED_EDGE('',*,*,#429,.F.);
#3741=ORIENTED_EDGE('',*,*,#3742,.T.);
#3742=EDGE_CURVE('',#423,#1425,#3743,.T.);
#3743=LINE('',#3744,#132);
#3744=CARTESIAN_POINT('',(-8.89,12.23,-51.0000003));
#3745=ORIENTED_EDGE('',*,*,#3733,.F.);
#3746=PLANE('',#3747);
#3747=AXIS2_PLACEMENT_3D('',#3744,#183,#173);
#3748=ADVANCED_FACE('',(#3749),#3757,.F.);
#3749=FACE_BOUND('',#3750,.T.);
#3750=EDGE_LOOP('',(#3751,#3752,#1423,#3756));
#3751=ORIENTED_EDGE('',*,*,#422,.F.);
#3752=ORIENTED_EDGE('',*,*,#3753,.T.);
#3753=EDGE_CURVE('',#417,#1419,#3754,.T.);
#3754=LINE('',#3755,#132);
#3755=CARTESIAN_POINT('',(-8.89,10.63,-51.0000003));
#3756=ORIENTED_EDGE('',*,*,#3742,.F.);
#3757=CYLINDRICAL_SURFACE('',#3758,0.8);
#3758=AXIS2_PLACEMENT_3D('',#3759,#195,#14);
#3759=CARTESIAN_POINT('',(-8.89,11.43,-51.0000003));
#3760=ADVANCED_FACE('',(#3761),#3769,.T.);
#3761=FACE_BOUND('',#3762,.T.);
#3762=EDGE_LOOP('',(#3763,#3764,#3765,#1417));
#3763=ORIENTED_EDGE('',*,*,#3753,.F.);
#3764=ORIENTED_EDGE('',*,*,#416,.F.);
#3765=ORIENTED_EDGE('',*,*,#3766,.F.);
#3766=EDGE_CURVE('',#1415,#413,#3767,.T.);
#3767=LINE('',#3768,#194);
#3768=CARTESIAN_POINT('',(-10.5,10.63,-25.50000015));
#3769=PLANE('',#3770);
#3770=AXIS2_PLACEMENT_3D('',#3771,#149,#14);
#3771=CARTESIAN_POINT('',(-12.11,10.63,-51.0000003));
#3772=ADVANCED_FACE('',(#3773),#171,.T.);
#3773=FACE_BOUND('',#3774,.T.);
#3774=EDGE_LOOP('',(#3775,#3776,#1413,#3780));
#3775=ORIENTED_EDGE('',*,*,#412,.F.);
#3776=ORIENTED_EDGE('',*,*,#3777,.T.);
#3777=EDGE_CURVE('',#407,#1409,#3778,.T.);
#3778=LINE('',#3779,#132);
#3779=CARTESIAN_POINT('',(-10.5,9.69,-25.50000015));
#3780=ORIENTED_EDGE('',*,*,#3766,.T.);
#3781=ADVANCED_FACE('',(#3782),#3790,.T.);
#3782=FACE_BOUND('',#3783,.T.);
#3783=EDGE_LOOP('',(#3784,#3785,#1407,#3789));
#3784=ORIENTED_EDGE('',*,*,#406,.F.);
#3785=ORIENTED_EDGE('',*,*,#3786,.T.);
#3786=EDGE_CURVE('',#400,#1402,#3787,.T.);
#3787=LINE('',#3788,#132);
#3788=CARTESIAN_POINT('',(-8.89,9.69,-51.0000003));
#3789=ORIENTED_EDGE('',*,*,#3777,.F.);
#3790=PLANE('',#3791);
#3791=AXIS2_PLACEMENT_3D('',#3788,#183,#173);
#3792=ADVANCED_FACE('',(#3793),#3801,.F.);
#3793=FACE_BOUND('',#3794,.T.);
#3794=EDGE_LOOP('',(#3795,#3796,#1400,#3800));
#3795=ORIENTED_EDGE('',*,*,#399,.F.);
#3796=ORIENTED_EDGE('',*,*,#3797,.T.);
#3797=EDGE_CURVE('',#394,#1396,#3798,.T.);
#3798=LINE('',#3799,#132);
#3799=CARTESIAN_POINT('',(-8.89,8.09,-51.0000003));
#3800=ORIENTED_EDGE('',*,*,#3786,.F.);
#3801=CYLINDRICAL_SURFACE('',#3802,0.8);
#3802=AXIS2_PLACEMENT_3D('',#3803,#195,#14);
#3803=CARTESIAN_POINT('',(-8.89,8.89,-51.0000003));
#3804=ADVANCED_FACE('',(#3805),#3813,.T.);
#3805=FACE_BOUND('',#3806,.T.);
#3806=EDGE_LOOP('',(#3807,#3808,#3809,#1394));
#3807=ORIENTED_EDGE('',*,*,#3797,.F.);
#3808=ORIENTED_EDGE('',*,*,#393,.F.);
#3809=ORIENTED_EDGE('',*,*,#3810,.F.);
#3810=EDGE_CURVE('',#1392,#390,#3811,.T.);
#3811=LINE('',#3812,#194);
#3812=CARTESIAN_POINT('',(-10.5,8.09,-25.50000015));
#3813=PLANE('',#3814);
#3814=AXIS2_PLACEMENT_3D('',#3815,#149,#14);
#3815=CARTESIAN_POINT('',(-12.11,8.09,-51.0000003));
#3816=ADVANCED_FACE('',(#3817),#171,.T.);
#3817=FACE_BOUND('',#3818,.T.);
#3818=EDGE_LOOP('',(#3819,#3820,#1390,#3824));
#3819=ORIENTED_EDGE('',*,*,#389,.F.);
#3820=ORIENTED_EDGE('',*,*,#3821,.T.);
#3821=EDGE_CURVE('',#384,#1386,#3822,.T.);
#3822=LINE('',#3823,#132);
#3823=CARTESIAN_POINT('',(-10.5,7.15,-25.50000015));
#3824=ORIENTED_EDGE('',*,*,#3810,.T.);
#3825=ADVANCED_FACE('',(#3826),#3834,.T.);
#3826=FACE_BOUND('',#3827,.T.);
#3827=EDGE_LOOP('',(#3828,#3829,#1384,#3833));
#3828=ORIENTED_EDGE('',*,*,#383,.F.);
#3829=ORIENTED_EDGE('',*,*,#3830,.T.);
#3830=EDGE_CURVE('',#377,#1379,#3831,.T.);
#3831=LINE('',#3832,#132);
#3832=CARTESIAN_POINT('',(-8.89,7.15,-51.0000003));
#3833=ORIENTED_EDGE('',*,*,#3821,.F.);
#3834=PLANE('',#3835);
#3835=AXIS2_PLACEMENT_3D('',#3832,#183,#173);
#3836=ADVANCED_FACE('',(#3837),#3845,.F.);
#3837=FACE_BOUND('',#3838,.T.);
#3838=EDGE_LOOP('',(#3839,#3840,#1377,#3844));
#3839=ORIENTED_EDGE('',*,*,#376,.F.);
#3840=ORIENTED_EDGE('',*,*,#3841,.T.);
#3841=EDGE_CURVE('',#371,#1373,#3842,.T.);
#3842=LINE('',#3843,#132);
#3843=CARTESIAN_POINT('',(-8.89,5.55,-51.0000003));
#3844=ORIENTED_EDGE('',*,*,#3830,.F.);
#3845=CYLINDRICAL_SURFACE('',#3846,0.8);
#3846=AXIS2_PLACEMENT_3D('',#3847,#195,#14);
#3847=CARTESIAN_POINT('',(-8.89,6.35,-51.0000003));
#3848=ADVANCED_FACE('',(#3849),#3857,.T.);
#3849=FACE_BOUND('',#3850,.T.);
#3850=EDGE_LOOP('',(#3851,#3852,#3853,#1371));
#3851=ORIENTED_EDGE('',*,*,#3841,.F.);
#3852=ORIENTED_EDGE('',*,*,#370,.F.);
#3853=ORIENTED_EDGE('',*,*,#3854,.F.);
#3854=EDGE_CURVE('',#1369,#367,#3855,.T.);
#3855=LINE('',#3856,#194);
#3856=CARTESIAN_POINT('',(-10.5,5.55,-25.50000015));
#3857=PLANE('',#3858);
#3858=AXIS2_PLACEMENT_3D('',#3859,#149,#14);
#3859=CARTESIAN_POINT('',(-12.11,5.55,-51.0000003));
#3860=ADVANCED_FACE('',(#3861),#171,.T.);
#3861=FACE_BOUND('',#3862,.T.);
#3862=EDGE_LOOP('',(#3863,#3864,#1367,#3868));
#3863=ORIENTED_EDGE('',*,*,#366,.F.);
#3864=ORIENTED_EDGE('',*,*,#3865,.T.);
#3865=EDGE_CURVE('',#361,#1363,#3866,.T.);
#3866=LINE('',#3867,#132);
#3867=CARTESIAN_POINT('',(-10.5,4.61,-25.50000015));
#3868=ORIENTED_EDGE('',*,*,#3854,.T.);
#3869=ADVANCED_FACE('',(#3870),#3878,.T.);
#3870=FACE_BOUND('',#3871,.T.);
#3871=EDGE_LOOP('',(#3872,#3873,#1361,#3877));
#3872=ORIENTED_EDGE('',*,*,#360,.F.);
#3873=ORIENTED_EDGE('',*,*,#3874,.T.);
#3874=EDGE_CURVE('',#354,#1356,#3875,.T.);
#3875=LINE('',#3876,#132);
#3876=CARTESIAN_POINT('',(-8.89,4.61,-51.0000003));
#3877=ORIENTED_EDGE('',*,*,#3865,.F.);
#3878=PLANE('',#3879);
#3879=AXIS2_PLACEMENT_3D('',#3876,#183,#173);
#3880=ADVANCED_FACE('',(#3881),#3889,.F.);
#3881=FACE_BOUND('',#3882,.T.);
#3882=EDGE_LOOP('',(#3883,#3884,#1354,#3888));
#3883=ORIENTED_EDGE('',*,*,#353,.F.);
#3884=ORIENTED_EDGE('',*,*,#3885,.T.);
#3885=EDGE_CURVE('',#348,#1350,#3886,.T.);
#3886=LINE('',#3887,#132);
#3887=CARTESIAN_POINT('',(-8.89,3.01,-51.0000003));
#3888=ORIENTED_EDGE('',*,*,#3874,.F.);
#3889=CYLINDRICAL_SURFACE('',#3890,0.8);
#3890=AXIS2_PLACEMENT_3D('',#3891,#195,#14);
#3891=CARTESIAN_POINT('',(-8.89,3.81,-51.0000003));
#3892=ADVANCED_FACE('',(#3893),#3901,.T.);
#3893=FACE_BOUND('',#3894,.T.);
#3894=EDGE_LOOP('',(#3895,#3896,#3897,#1348));
#3895=ORIENTED_EDGE('',*,*,#3885,.F.);
#3896=ORIENTED_EDGE('',*,*,#347,.F.);
#3897=ORIENTED_EDGE('',*,*,#3898,.F.);
#3898=EDGE_CURVE('',#1346,#344,#3899,.T.);
#3899=LINE('',#3900,#194);
#3900=CARTESIAN_POINT('',(-10.5,3.01,-25.50000015));
#3901=PLANE('',#3902);
#3902=AXIS2_PLACEMENT_3D('',#3903,#149,#14);
#3903=CARTESIAN_POINT('',(-12.11,3.01,-51.0000003));
#3904=ADVANCED_FACE('',(#3905),#171,.T.);
#3905=FACE_BOUND('',#3906,.T.);
#3906=EDGE_LOOP('',(#3907,#3908,#1344,#3912));
#3907=ORIENTED_EDGE('',*,*,#343,.F.);
#3908=ORIENTED_EDGE('',*,*,#3909,.T.);
#3909=EDGE_CURVE('',#338,#1340,#3910,.T.);
#3910=LINE('',#3911,#132);
#3911=CARTESIAN_POINT('',(-10.5,2.07,-25.50000015));
#3912=ORIENTED_EDGE('',*,*,#3898,.T.);
#3913=ADVANCED_FACE('',(#3914),#3922,.T.);
#3914=FACE_BOUND('',#3915,.T.);
#3915=EDGE_LOOP('',(#3916,#3917,#1338,#3921));
#3916=ORIENTED_EDGE('',*,*,#337,.F.);
#3917=ORIENTED_EDGE('',*,*,#3918,.T.);
#3918=EDGE_CURVE('',#331,#1333,#3919,.T.);
#3919=LINE('',#3920,#132);
#3920=CARTESIAN_POINT('',(-8.89,2.07,-51.0000003));
#3921=ORIENTED_EDGE('',*,*,#3909,.F.);
#3922=PLANE('',#3923);
#3923=AXIS2_PLACEMENT_3D('',#3920,#183,#173);
#3924=ADVANCED_FACE('',(#3925),#3933,.F.);
#3925=FACE_BOUND('',#3926,.T.);
#3926=EDGE_LOOP('',(#3927,#3928,#1331,#3932));
#3927=ORIENTED_EDGE('',*,*,#330,.F.);
#3928=ORIENTED_EDGE('',*,*,#3929,.T.);
#3929=EDGE_CURVE('',#325,#1327,#3930,.T.);
#3930=LINE('',#3931,#132);
#3931=CARTESIAN_POINT('',(-8.89,0.47,-51.0000003));
#3932=ORIENTED_EDGE('',*,*,#3918,.F.);
#3933=CYLINDRICAL_SURFACE('',#3934,0.8);
#3934=AXIS2_PLACEMENT_3D('',#3935,#195,#14);
#3935=CARTESIAN_POINT('',(-8.89,1.27,-51.0000003));
#3936=ADVANCED_FACE('',(#3937),#3945,.T.);
#3937=FACE_BOUND('',#3938,.T.);
#3938=EDGE_LOOP('',(#3939,#3940,#3941,#1325));
#3939=ORIENTED_EDGE('',*,*,#3929,.F.);
#3940=ORIENTED_EDGE('',*,*,#324,.F.);
#3941=ORIENTED_EDGE('',*,*,#3942,.F.);
#3942=EDGE_CURVE('',#1323,#321,#3943,.T.);
#3943=LINE('',#3944,#194);
#3944=CARTESIAN_POINT('',(-10.5,0.47,-25.50000015));
#3945=PLANE('',#3946);
#3946=AXIS2_PLACEMENT_3D('',#3947,#149,#14);
#3947=CARTESIAN_POINT('',(-12.11,0.47,-51.0000003));
#3948=ADVANCED_FACE('',(#3949),#171,.T.);
#3949=FACE_BOUND('',#3950,.T.);
#3950=EDGE_LOOP('',(#3951,#3952,#1321,#3956));
#3951=ORIENTED_EDGE('',*,*,#320,.F.);
#3952=ORIENTED_EDGE('',*,*,#3953,.T.);
#3953=EDGE_CURVE('',#315,#1317,#3954,.T.);
#3954=LINE('',#3955,#132);
#3955=CARTESIAN_POINT('',(-10.5,-0.47,-25.50000015));
#3956=ORIENTED_EDGE('',*,*,#3942,.T.);
#3957=ADVANCED_FACE('',(#3958),#3966,.T.);
#3958=FACE_BOUND('',#3959,.T.);
#3959=EDGE_LOOP('',(#3960,#3961,#1315,#3965));
#3960=ORIENTED_EDGE('',*,*,#314,.F.);
#3961=ORIENTED_EDGE('',*,*,#3962,.T.);
#3962=EDGE_CURVE('',#308,#1310,#3963,.T.);
#3963=LINE('',#3964,#132);
#3964=CARTESIAN_POINT('',(-8.89,-0.47,-51.0000003));
#3965=ORIENTED_EDGE('',*,*,#3953,.F.);
#3966=PLANE('',#3967);
#3967=AXIS2_PLACEMENT_3D('',#3964,#183,#173);
#3968=ADVANCED_FACE('',(#3969),#3977,.F.);
#3969=FACE_BOUND('',#3970,.T.);
#3970=EDGE_LOOP('',(#3971,#3972,#1308,#3976));
#3971=ORIENTED_EDGE('',*,*,#307,.F.);
#3972=ORIENTED_EDGE('',*,*,#3973,.T.);
#3973=EDGE_CURVE('',#302,#1304,#3974,.T.);
#3974=LINE('',#3975,#132);
#3975=CARTESIAN_POINT('',(-8.89,-2.07,-51.0000003));
#3976=ORIENTED_EDGE('',*,*,#3962,.F.);
#3977=CYLINDRICAL_SURFACE('',#3978,0.8);
#3978=AXIS2_PLACEMENT_3D('',#3979,#195,#14);
#3979=CARTESIAN_POINT('',(-8.89,-1.27,-51.0000003));
#3980=ADVANCED_FACE('',(#3981),#3989,.T.);
#3981=FACE_BOUND('',#3982,.T.);
#3982=EDGE_LOOP('',(#3983,#3984,#3985,#1302));
#3983=ORIENTED_EDGE('',*,*,#3973,.F.);
#3984=ORIENTED_EDGE('',*,*,#301,.F.);
#3985=ORIENTED_EDGE('',*,*,#3986,.F.);
#3986=EDGE_CURVE('',#1300,#298,#3987,.T.);
#3987=LINE('',#3988,#194);
#3988=CARTESIAN_POINT('',(-10.5,-2.07,-25.50000015));
#3989=PLANE('',#3990);
#3990=AXIS2_PLACEMENT_3D('',#3991,#149,#14);
#3991=CARTESIAN_POINT('',(-12.11,-2.07,-51.0000003));
#3992=ADVANCED_FACE('',(#3993),#171,.T.);
#3993=FACE_BOUND('',#3994,.T.);
#3994=EDGE_LOOP('',(#3995,#3996,#1298,#4000));
#3995=ORIENTED_EDGE('',*,*,#297,.F.);
#3996=ORIENTED_EDGE('',*,*,#3997,.T.);
#3997=EDGE_CURVE('',#292,#1294,#3998,.T.);
#3998=LINE('',#3999,#132);
#3999=CARTESIAN_POINT('',(-10.5,-3.01,-25.50000015));
#4000=ORIENTED_EDGE('',*,*,#3986,.T.);
#4001=ADVANCED_FACE('',(#4002),#4010,.T.);
#4002=FACE_BOUND('',#4003,.T.);
#4003=EDGE_LOOP('',(#4004,#4005,#1292,#4009));
#4004=ORIENTED_EDGE('',*,*,#291,.F.);
#4005=ORIENTED_EDGE('',*,*,#4006,.T.);
#4006=EDGE_CURVE('',#285,#1287,#4007,.T.);
#4007=LINE('',#4008,#132);
#4008=CARTESIAN_POINT('',(-8.89,-3.01,-51.0000003));
#4009=ORIENTED_EDGE('',*,*,#3997,.F.);
#4010=PLANE('',#4011);
#4011=AXIS2_PLACEMENT_3D('',#4008,#183,#173);
#4012=ADVANCED_FACE('',(#4013),#4021,.F.);
#4013=FACE_BOUND('',#4014,.T.);
#4014=EDGE_LOOP('',(#4015,#4016,#1285,#4020));
#4015=ORIENTED_EDGE('',*,*,#284,.F.);
#4016=ORIENTED_EDGE('',*,*,#4017,.T.);
#4017=EDGE_CURVE('',#279,#1281,#4018,.T.);
#4018=LINE('',#4019,#132);
#4019=CARTESIAN_POINT('',(-8.89,-4.61,-51.0000003));
#4020=ORIENTED_EDGE('',*,*,#4006,.F.);
#4021=CYLINDRICAL_SURFACE('',#4022,0.8);
#4022=AXIS2_PLACEMENT_3D('',#4023,#195,#14);
#4023=CARTESIAN_POINT('',(-8.89,-3.81,-51.0000003));
#4024=ADVANCED_FACE('',(#4025),#4033,.T.);
#4025=FACE_BOUND('',#4026,.T.);
#4026=EDGE_LOOP('',(#4027,#4028,#4029,#1279));
#4027=ORIENTED_EDGE('',*,*,#4017,.F.);
#4028=ORIENTED_EDGE('',*,*,#278,.F.);
#4029=ORIENTED_EDGE('',*,*,#4030,.F.);
#4030=EDGE_CURVE('',#1277,#275,#4031,.T.);
#4031=LINE('',#4032,#194);
#4032=CARTESIAN_POINT('',(-10.5,-4.61,-25.50000015));
#4033=PLANE('',#4034);
#4034=AXIS2_PLACEMENT_3D('',#4035,#149,#14);
#4035=CARTESIAN_POINT('',(-12.11,-4.61,-51.0000003));
#4036=ADVANCED_FACE('',(#4037),#171,.T.);
#4037=FACE_BOUND('',#4038,.T.);
#4038=EDGE_LOOP('',(#4039,#4040,#1275,#4044));
#4039=ORIENTED_EDGE('',*,*,#274,.F.);
#4040=ORIENTED_EDGE('',*,*,#4041,.T.);
#4041=EDGE_CURVE('',#269,#1271,#4042,.T.);
#4042=LINE('',#4043,#132);
#4043=CARTESIAN_POINT('',(-10.5,-5.55,-25.50000015));
#4044=ORIENTED_EDGE('',*,*,#4030,.T.);
#4045=ADVANCED_FACE('',(#4046),#4054,.T.);
#4046=FACE_BOUND('',#4047,.T.);
#4047=EDGE_LOOP('',(#4048,#4049,#1269,#4053));
#4048=ORIENTED_EDGE('',*,*,#268,.F.);
#4049=ORIENTED_EDGE('',*,*,#4050,.T.);
#4050=EDGE_CURVE('',#262,#1264,#4051,.T.);
#4051=LINE('',#4052,#132);
#4052=CARTESIAN_POINT('',(-8.89,-5.55,-51.0000003));
#4053=ORIENTED_EDGE('',*,*,#4041,.F.);
#4054=PLANE('',#4055);
#4055=AXIS2_PLACEMENT_3D('',#4052,#183,#173);
#4056=ADVANCED_FACE('',(#4057),#4065,.F.);
#4057=FACE_BOUND('',#4058,.T.);
#4058=EDGE_LOOP('',(#4059,#4060,#1262,#4064));
#4059=ORIENTED_EDGE('',*,*,#261,.F.);
#4060=ORIENTED_EDGE('',*,*,#4061,.T.);
#4061=EDGE_CURVE('',#256,#1258,#4062,.T.);
#4062=LINE('',#4063,#132);
#4063=CARTESIAN_POINT('',(-8.89,-7.15,-51.0000003));
#4064=ORIENTED_EDGE('',*,*,#4050,.F.);
#4065=CYLINDRICAL_SURFACE('',#4066,0.8);
#4066=AXIS2_PLACEMENT_3D('',#4067,#195,#14);
#4067=CARTESIAN_POINT('',(-8.89,-6.35,-51.0000003));
#4068=ADVANCED_FACE('',(#4069),#4077,.T.);
#4069=FACE_BOUND('',#4070,.T.);
#4070=EDGE_LOOP('',(#4071,#4072,#4073,#1256));
#4071=ORIENTED_EDGE('',*,*,#4061,.F.);
#4072=ORIENTED_EDGE('',*,*,#255,.F.);
#4073=ORIENTED_EDGE('',*,*,#4074,.F.);
#4074=EDGE_CURVE('',#1254,#252,#4075,.T.);
#4075=LINE('',#4076,#194);
#4076=CARTESIAN_POINT('',(-10.5,-7.15,-25.50000015));
#4077=PLANE('',#4078);
#4078=AXIS2_PLACEMENT_3D('',#4079,#149,#14);
#4079=CARTESIAN_POINT('',(-12.11,-7.15,-51.0000003));
#4080=ADVANCED_FACE('',(#4081),#171,.T.);
#4081=FACE_BOUND('',#4082,.T.);
#4082=EDGE_LOOP('',(#4083,#4084,#1252,#4088));
#4083=ORIENTED_EDGE('',*,*,#251,.F.);
#4084=ORIENTED_EDGE('',*,*,#4085,.T.);
#4085=EDGE_CURVE('',#246,#1248,#4086,.T.);
#4086=LINE('',#4087,#132);
#4087=CARTESIAN_POINT('',(-10.5,-8.09,-25.50000015));
#4088=ORIENTED_EDGE('',*,*,#4074,.T.);
#4089=ADVANCED_FACE('',(#4090),#4098,.T.);
#4090=FACE_BOUND('',#4091,.T.);
#4091=EDGE_LOOP('',(#4092,#4093,#1246,#4097));
#4092=ORIENTED_EDGE('',*,*,#245,.F.);
#4093=ORIENTED_EDGE('',*,*,#4094,.T.);
#4094=EDGE_CURVE('',#239,#1239,#4095,.T.);
#4095=LINE('',#4096,#132);
#4096=CARTESIAN_POINT('',(-8.89,-8.09,-51.0000003));
#4097=ORIENTED_EDGE('',*,*,#4085,.F.);
#4098=PLANE('',#4099);
#4099=AXIS2_PLACEMENT_3D('',#4096,#183,#173);
#4100=ADVANCED_FACE('',(#4101),#4109,.F.);
#4101=FACE_BOUND('',#4102,.T.);
#4102=EDGE_LOOP('',(#4103,#4104,#1237,#4108));
#4103=ORIENTED_EDGE('',*,*,#238,.F.);
#4104=ORIENTED_EDGE('',*,*,#4105,.T.);
#4105=EDGE_CURVE('',#233,#1241,#4106,.T.);
#4106=LINE('',#4107,#132);
#4107=CARTESIAN_POINT('',(-8.89,-9.69,-51.0000003));
#4108=ORIENTED_EDGE('',*,*,#4094,.F.);
#4109=CYLINDRICAL_SURFACE('',#4110,0.8);
#4110=AXIS2_PLACEMENT_3D('',#4111,#195,#14);
#4111=CARTESIAN_POINT('',(-8.89,-8.89,-51.0000003));
#4112=ADVANCED_FACE('',(#4113),#4121,.T.);
#4113=FACE_BOUND('',#4114,.T.);
#4114=EDGE_LOOP('',(#4115,#4116,#4117,#2224));
#4115=ORIENTED_EDGE('',*,*,#4105,.F.);
#4116=ORIENTED_EDGE('',*,*,#232,.F.);
#4117=ORIENTED_EDGE('',*,*,#4118,.F.);
#4118=EDGE_CURVE('',#2222,#229,#4119,.T.);
#4119=LINE('',#4120,#194);
#4120=CARTESIAN_POINT('',(-10.5,-9.69,-25.50000015));
#4121=PLANE('',#4122);
#4122=AXIS2_PLACEMENT_3D('',#4123,#149,#14);
#4123=CARTESIAN_POINT('',(-12.11,-9.69,-51.0000003));
#4124=ADVANCED_FACE('',(#4125),#171,.T.);
#4125=FACE_BOUND('',#4126,.T.);
#4126=EDGE_LOOP('',(#4127,#4128,#2220,#4132));
#4127=ORIENTED_EDGE('',*,*,#228,.F.);
#4128=ORIENTED_EDGE('',*,*,#4129,.T.);
#4129=EDGE_CURVE('',#222,#2216,#4130,.T.);
#4130=LINE('',#4131,#132);
#4131=CARTESIAN_POINT('',(-10.5,-10.63,-25.50000015));
#4132=ORIENTED_EDGE('',*,*,#4118,.T.);
#4133=ADVANCED_FACE('',(#4134),#4142,.T.);
#4134=FACE_BOUND('',#4135,.T.);
#4135=EDGE_LOOP('',(#4136,#4137,#2214,#4141));
#4136=ORIENTED_EDGE('',*,*,#221,.F.);
#4137=ORIENTED_EDGE('',*,*,#4138,.T.);
#4138=EDGE_CURVE('',#215,#2209,#4139,.T.);
#4139=LINE('',#4140,#132);
#4140=CARTESIAN_POINT('',(-8.89,-10.63,-51.0000003));
#4141=ORIENTED_EDGE('',*,*,#4129,.F.);
#4142=PLANE('',#4143);
#4143=AXIS2_PLACEMENT_3D('',#4140,#183,#173);
#4144=ADVANCED_FACE('',(#4145),#4153,.F.);
#4145=FACE_BOUND('',#4146,.T.);
#4146=EDGE_LOOP('',(#4147,#4148,#2207,#4152));
#4147=ORIENTED_EDGE('',*,*,#214,.F.);
#4148=ORIENTED_EDGE('',*,*,#4149,.T.);
#4149=EDGE_CURVE('',#209,#2203,#4150,.T.);
#4150=LINE('',#4151,#132);
#4151=CARTESIAN_POINT('',(-8.89,-12.23,-51.0000003));
#4152=ORIENTED_EDGE('',*,*,#4138,.F.);
#4153=CYLINDRICAL_SURFACE('',#4154,0.8);
#4154=AXIS2_PLACEMENT_3D('',#4155,#195,#14);
#4155=CARTESIAN_POINT('',(-8.89,-11.43,-51.0000003));
#4156=ADVANCED_FACE('',(#4157),#4162,.T.);
#4157=FACE_BOUND('',#4158,.T.);
#4158=EDGE_LOOP('',(#4159,#4160,#4161,#2201));
#4159=ORIENTED_EDGE('',*,*,#4149,.F.);
#4160=ORIENTED_EDGE('',*,*,#208,.F.);
#4161=ORIENTED_EDGE('',*,*,#2299,.F.);
#4162=PLANE('',#4163);
#4163=AXIS2_PLACEMENT_3D('',#4164,#149,#14);
#4164=CARTESIAN_POINT('',(-12.11,-12.23,-51.0000003));
#4165=ADVANCED_FACE('',(#4166),#4173,.F.);
#4166=FACE_BOUND('',#4167,.T.);
#4167=EDGE_LOOP('',(#4168,#2230,#4171,#4172));
#4168=ORIENTED_EDGE('',*,*,#4169,.T.);
#4169=EDGE_CURVE('',#1200,#2232,#4170,.T.);
#4170=LINE('',#1201,#132);
#4171=ORIENTED_EDGE('',*,*,#4169,.F.);
#4172=ORIENTED_EDGE('',*,*,#1199,.F.);
#4173=CYLINDRICAL_SURFACE('',#4174,1.05);
#4174=AXIS2_PLACEMENT_3D('',#1204,#195,#14);
#4175=ADVANCED_FACE('',(#4176),#4183,.F.);
#4176=FACE_BOUND('',#4177,.T.);
#4177=EDGE_LOOP('',(#4178,#2239,#4181,#4182));
#4178=ORIENTED_EDGE('',*,*,#4179,.T.);
#4179=EDGE_CURVE('',#1209,#2241,#4180,.T.);
#4180=LINE('',#1210,#132);
#4181=ORIENTED_EDGE('',*,*,#4179,.F.);
#4182=ORIENTED_EDGE('',*,*,#1208,.F.);
#4183=CYLINDRICAL_SURFACE('',#4184,1.05);
#4184=AXIS2_PLACEMENT_3D('',#1213,#195,#14);
#4185=ADVANCED_FACE('',(#4186),#4193,.F.);
#4186=FACE_BOUND('',#4187,.T.);
#4187=EDGE_LOOP('',(#4188,#2248,#4191,#4192));
#4188=ORIENTED_EDGE('',*,*,#4189,.T.);
#4189=EDGE_CURVE('',#1218,#2250,#4190,.T.);
#4190=LINE('',#1219,#132);
#4191=ORIENTED_EDGE('',*,*,#4189,.F.);
#4192=ORIENTED_EDGE('',*,*,#1217,.F.);
#4193=CYLINDRICAL_SURFACE('',#4194,1.05);
#4194=AXIS2_PLACEMENT_3D('',#1222,#195,#14);
#4195=ADVANCED_FACE('',(#4196),#4203,.F.);
#4196=FACE_BOUND('',#4197,.T.);
#4197=EDGE_LOOP('',(#4198,#2257,#4201,#4202));
#4198=ORIENTED_EDGE('',*,*,#4199,.T.);
#4199=EDGE_CURVE('',#1227,#2259,#4200,.T.);
#4200=LINE('',#1228,#132);
#4201=ORIENTED_EDGE('',*,*,#4199,.F.);
#4202=ORIENTED_EDGE('',*,*,#1226,.F.);
#4203=CYLINDRICAL_SURFACE('',#4204,1.05);
#4204=AXIS2_PLACEMENT_3D('',#1231,#195,#14);
#4205=( GEOMETRIC_REPRESENTATION_CONTEXT(3)GLOBAL_UNCERTAINTY_ASSIGNED_CONTEXT((#4206))GLOBAL_UNIT_ASSIGNED_CONTEXT((#108,#109,#110)) REPRESENTATION_CONTEXT('Context #1','3D Context with UNIT and UNCERTAINTY') );
#4206=UNCERTAINTY_MEASURE_WITH_UNIT(LENGTH_MEASURE(2.E-07),#108,'distance_accuracy_value','confusion accuracy');
#4207=CONTEXT_DEPENDENT_SHAPE_REPRESENTATION(#4208,#4210);
#4208=( REPRESENTATION_RELATIONSHIP('','',#119,#10)REPRESENTATION_RELATIONSHIP_WITH_TRANSFORMATION(#4209)SHAPE_REPRESENTATION_RELATIONSHIP() );
#4209=ITEM_DEFINED_TRANSFORMATION('','',#11,#15);
#4210=PRODUCT_DEFINITION_SHAPE('Placement','Placement of an item',#4211);
#4211=NEXT_ASSEMBLY_USAGE_OCCURRENCE('173','PCB','',#5,#115,$);
#4212=PRODUCT_RELATED_PRODUCT_CATEGORY('part',$,(#117));
#4213=SHAPE_DEFINITION_REPRESENTATION(#4214,#4219);
#4214=PRODUCT_DEFINITION_SHAPE('','',#4215);
#4215=PRODUCT_DEFINITION('design','',#4216,#4218);
#4216=PRODUCT_DEFINITION_FORMATION('','',#4217);
#4217=PRODUCT('PAD1','PAD1','',(#8));
#4218=PRODUCT_DEFINITION_CONTEXT('part definition',#2,'design');
#4219=ADVANCED_BREP_SHAPE_REPRESENTATION('',(#11,#4220),#4391);
#4220=MANIFOLD_SOLID_BREP('',#4221);
#4221=CLOSED_SHELL('',(#4222,#4249,#4268,#4304,#4321,#4354,#4363,#4371,#4379));
#4222=ADVANCED_FACE('',(#4223),#4247,.T.);
#4223=FACE_BOUND('',#4224,.T.);
#4224=EDGE_LOOP('',(#4225,#4232,#4237,#4243));
#4225=ORIENTED_EDGE('',*,*,#4226,.F.);
#4226=EDGE_CURVE('',#4227,#4229,#4231,.T.);
#4227=VERTEX_POINT('',#4228);
#4228=CARTESIAN_POINT('',(0.,0.8,0.));
#4229=VERTEX_POINT('',#4230);
#4230=CARTESIAN_POINT('',(0.,0.8,1.7));
#4231=LINE('',#4228,#132);
#4232=ORIENTED_EDGE('',*,*,#4233,.T.);
#4233=EDGE_CURVE('',#4227,#4234,#4236,.T.);
#4234=VERTEX_POINT('',#4235);
#4235=CARTESIAN_POINT('',(0.,0.5,0.));
#4236=LINE('',#4228,#182);
#4237=ORIENTED_EDGE('',*,*,#4238,.F.);
#4238=EDGE_CURVE('',#4239,#4234,#4241,.T.);
#4239=VERTEX_POINT('',#4240);
#4240=CARTESIAN_POINT('',(0.,0.5,1.7));
#4241=LINE('',#4242,#194);
#4242=CARTESIAN_POINT('',(0.,0.5,-2.4100002));
#4243=ORIENTED_EDGE('',*,*,#4244,.T.);
#4244=EDGE_CURVE('',#4239,#4229,#4245,.T.);
#4245=LINE('',#4246,#159);
#4246=CARTESIAN_POINT('',(0.,-0.8,1.7));
#4247=PLANE('',#4248);
#4248=AXIS2_PLACEMENT_3D('',#12,#173,#149);
#4249=ADVANCED_FACE('',(#4250),#4266,.T.);
#4250=FACE_BOUND('',#4251,.T.);
#4251=EDGE_LOOP('',(#4252,#4253,#4258,#4263));
#4252=ORIENTED_EDGE('',*,*,#4226,.T.);
#4253=ORIENTED_EDGE('',*,*,#4254,.T.);
#4254=EDGE_CURVE('',#4229,#4255,#4257,.T.);
#4255=VERTEX_POINT('',#4256);
#4256=CARTESIAN_POINT('',(1.61,0.8,1.7));
#4257=LINE('',#4230,#138);
#4258=ORIENTED_EDGE('',*,*,#4259,.F.);
#4259=EDGE_CURVE('',#4260,#4255,#4262,.T.);
#4260=VERTEX_POINT('',#4261);
#4261=CARTESIAN_POINT('',(1.61,0.8,0.));
#4262=LINE('',#4261,#132);
#4263=ORIENTED_EDGE('',*,*,#4264,.F.);
#4264=EDGE_CURVE('',#4227,#4260,#4265,.T.);
#4265=LINE('',#4228,#138);
#4266=PLANE('',#4267);
#4267=AXIS2_PLACEMENT_3D('',#4228,#149,#14);
#4268=ADVANCED_FACE('',(#4269,#4292),#4301,.F.);
#4269=FACE_BOUND('',#4270,.F.);
#4270=EDGE_LOOP('',(#4243,#4253,#4271,#4279,#4283,#4287));
#4271=ORIENTED_EDGE('',*,*,#4272,.T.);
#4272=EDGE_CURVE('',#4255,#4273,#4275,.T.);
#4273=VERTEX_POINT('',#4274);
#4274=CARTESIAN_POINT('',(1.61,-0.8,1.7));
#4275=CIRCLE('',#4276,0.8);
#4276=AXIS2_PLACEMENT_3D('',#4277,#195,#4278);
#4277=CARTESIAN_POINT('',(1.61,-5.551115123126E-17,1.7));
#4278=DIRECTION('',(-2.775557561563E-16,1.,0.));
#4279=ORIENTED_EDGE('',*,*,#4280,.T.);
#4280=EDGE_CURVE('',#4273,#4281,#4282,.T.);
#4281=VERTEX_POINT('',#4246);
#4282=LINE('',#4274,#226);
#4283=ORIENTED_EDGE('',*,*,#4284,.T.);
#4284=EDGE_CURVE('',#4281,#4285,#4245,.T.);
#4285=VERTEX_POINT('',#4286);
#4286=CARTESIAN_POINT('',(0.,-0.5,1.7));
#4287=ORIENTED_EDGE('',*,*,#4288,.F.);
#4288=EDGE_CURVE('',#4239,#4285,#4289,.T.);
#4289=CIRCLE('',#4290,0.5);
#4290=AXIS2_PLACEMENT_3D('',#4291,#195,#149);
#4291=CARTESIAN_POINT('',(0.,0.,1.7));
#4292=FACE_BOUND('',#4293,.F.);
#4293=EDGE_LOOP('',(#4294));
#4294=ORIENTED_EDGE('',*,*,#4295,.F.);
#4295=EDGE_CURVE('',#4296,#4296,#4298,.T.);
#4296=VERTEX_POINT('',#4297);
#4297=CARTESIAN_POINT('',(2.11,0.,1.7));
#4298=CIRCLE('',#4299,0.5);
#4299=AXIS2_PLACEMENT_3D('',#4300,#195,#14);
#4300=CARTESIAN_POINT('',(1.61,0.,1.7));
#4301=PLANE('',#4302);
#4302=AXIS2_PLACEMENT_3D('',#4303,#195,#173);
#4303=CARTESIAN_POINT('',(1.047730265491,-3.075410040513E-17,1.7));
#4304=ADVANCED_FACE('',(#4305),#4318,.F.);
#4305=FACE_BOUND('',#4306,.T.);
#4306=EDGE_LOOP('',(#4307,#4313,#4287,#4317));
#4307=ORIENTED_EDGE('',*,*,#4308,.T.);
#4308=EDGE_CURVE('',#4234,#4309,#4311,.T.);
#4309=VERTEX_POINT('',#4310);
#4310=CARTESIAN_POINT('',(0.,-0.5,0.));
#4311=CIRCLE('',#4312,0.5);
#4312=AXIS2_PLACEMENT_3D('',#12,#195,#149);
#4313=ORIENTED_EDGE('',*,*,#4314,.F.);
#4314=EDGE_CURVE('',#4285,#4309,#4315,.T.);
#4315=LINE('',#4316,#194);
#4316=CARTESIAN_POINT('',(0.,-0.5,-2.4100002));
#4317=ORIENTED_EDGE('',*,*,#4238,.T.);
#4318=CYLINDRICAL_SURFACE('',#4319,0.5);
#4319=AXIS2_PLACEMENT_3D('',#4320,#195,#14);
#4320=CARTESIAN_POINT('',(0.,0.,-2.4100002));
#4321=ADVANCED_FACE('',(#4322,#4341),#4351,.T.);
#4322=FACE_BOUND('',#4323,.T.);
#4323=EDGE_LOOP('',(#4324,#4325,#4326,#4333,#4338,#4340));
#4324=ORIENTED_EDGE('',*,*,#4233,.F.);
#4325=ORIENTED_EDGE('',*,*,#4264,.T.);
#4326=ORIENTED_EDGE('',*,*,#4327,.T.);
#4327=EDGE_CURVE('',#4260,#4328,#4330,.T.);
#4328=VERTEX_POINT('',#4329);
#4329=CARTESIAN_POINT('',(1.61,-0.8,0.));
#4330=CIRCLE('',#4331,0.8);
#4331=AXIS2_PLACEMENT_3D('',#4332,#195,#4278);
#4332=CARTESIAN_POINT('',(1.61,-5.551115123126E-17,0.));
#4333=ORIENTED_EDGE('',*,*,#4334,.T.);
#4334=EDGE_CURVE('',#4328,#4335,#4337,.T.);
#4335=VERTEX_POINT('',#4336);
#4336=CARTESIAN_POINT('',(0.,-0.8,0.));
#4337=LINE('',#4329,#226);
#4338=ORIENTED_EDGE('',*,*,#4339,.F.);
#4339=EDGE_CURVE('',#4309,#4335,#4236,.T.);
#4340=ORIENTED_EDGE('',*,*,#4308,.F.);
#4341=FACE_BOUND('',#4342,.T.);
#4342=EDGE_LOOP('',(#4343));
#4343=ORIENTED_EDGE('',*,*,#4344,.T.);
#4344=EDGE_CURVE('',#4345,#4345,#4347,.T.);
#4345=VERTEX_POINT('',#4346);
#4346=CARTESIAN_POINT('',(2.11,0.,0.));
#4347=CIRCLE('',#4348,0.5);
#4348=AXIS2_PLACEMENT_3D('',#4349,#13,#4350);
#4349=CARTESIAN_POINT('',(1.61,-2.775557561563E-16,0.));
#4350=DIRECTION('',(1.,8.00040872142E-16,0.));
#4351=PLANE('',#4352);
#4352=AXIS2_PLACEMENT_3D('',#4353,#195,#173);
#4353=CARTESIAN_POINT('',(1.047730265491,-3.075410040513E-17,0.));
#4354=ADVANCED_FACE('',(#4355),#4362,.T.);
#4355=FACE_BOUND('',#4356,.T.);
#4356=EDGE_LOOP('',(#4357,#4271,#4358,#4361));
#4357=ORIENTED_EDGE('',*,*,#4259,.T.);
#4358=ORIENTED_EDGE('',*,*,#4359,.F.);
#4359=EDGE_CURVE('',#4328,#4273,#4360,.T.);
#4360=LINE('',#4329,#132);
#4361=ORIENTED_EDGE('',*,*,#4327,.F.);
#4362=CYLINDRICAL_SURFACE('',#4331,0.8);
#4363=ADVANCED_FACE('',(#4364),#4247,.T.);
#4364=FACE_BOUND('',#4365,.T.);
#4365=EDGE_LOOP('',(#4366,#4367,#4368,#4283));
#4366=ORIENTED_EDGE('',*,*,#4314,.T.);
#4367=ORIENTED_EDGE('',*,*,#4339,.T.);
#4368=ORIENTED_EDGE('',*,*,#4369,.T.);
#4369=EDGE_CURVE('',#4335,#4281,#4370,.T.);
#4370=LINE('',#4336,#132);
#4371=ADVANCED_FACE('',(#4372),#4377,.T.);
#4372=FACE_BOUND('',#4373,.T.);
#4373=EDGE_LOOP('',(#4374,#4279,#4375,#4376));
#4374=ORIENTED_EDGE('',*,*,#4359,.T.);
#4375=ORIENTED_EDGE('',*,*,#4369,.F.);
#4376=ORIENTED_EDGE('',*,*,#4334,.F.);
#4377=PLANE('',#4378);
#4378=AXIS2_PLACEMENT_3D('',#4329,#183,#173);
#4379=ADVANCED_FACE('',(#4380),#4388,.F.);
#4380=FACE_BOUND('',#4381,.T.);
#4381=EDGE_LOOP('',(#4382,#4383,#4294,#4387));
#4382=ORIENTED_EDGE('',*,*,#4344,.F.);
#4383=ORIENTED_EDGE('',*,*,#4384,.T.);
#4384=EDGE_CURVE('',#4345,#4296,#4385,.T.);
#4385=LINE('',#4386,#132);
#4386=CARTESIAN_POINT('',(2.11,0.,-2.4100002));
#4387=ORIENTED_EDGE('',*,*,#4384,.F.);
#4388=CYLINDRICAL_SURFACE('',#4389,0.5);
#4389=AXIS2_PLACEMENT_3D('',#4390,#195,#14);
#4390=CARTESIAN_POINT('',(1.61,0.,-2.4100002));
#4391=( GEOMETRIC_REPRESENTATION_CONTEXT(3)GLOBAL_UNCERTAINTY_ASSIGNED_CONTEXT((#111))GLOBAL_UNIT_ASSIGNED_CONTEXT((#108,#109,#110)) REPRESENTATION_CONTEXT('Context #1','3D Context with UNIT and UNCERTAINTY') );
#4392=CONTEXT_DEPENDENT_SHAPE_REPRESENTATION(#4393,#4395);
#4393=( REPRESENTATION_RELATIONSHIP('','',#4219,#10)REPRESENTATION_RELATIONSHIP_WITH_TRANSFORMATION(#4394)SHAPE_REPRESENTATION_RELATIONSHIP() );
#4394=ITEM_DEFINED_TRANSFORMATION('','',#11,#17);
#4395=PRODUCT_DEFINITION_SHAPE('Placement','Placement of an item',#4396);
#4396=NEXT_ASSEMBLY_USAGE_OCCURRENCE('174','PAD1','',#5,#4215,$);
#4397=PRODUCT_RELATED_PRODUCT_CATEGORY('part',$,(#4217));
#4398=CONTEXT_DEPENDENT_SHAPE_REPRESENTATION(#4399,#4401);
#4399=( REPRESENTATION_RELATIONSHIP('','',#4219,#10)REPRESENTATION_RELATIONSHIP_WITH_TRANSFORMATION(#4400)SHAPE_REPRESENTATION_RELATIONSHIP() );
#4400=ITEM_DEFINED_TRANSFORMATION('','',#11,#19);
#4401=PRODUCT_DEFINITION_SHAPE('Placement','Placement of an item',#4402);
#4402=NEXT_ASSEMBLY_USAGE_OCCURRENCE('175','PAD40','',#5,#4215,$);
#4403=CONTEXT_DEPENDENT_SHAPE_REPRESENTATION(#4404,#4406);
#4404=( REPRESENTATION_RELATIONSHIP('','',#4219,#10)REPRESENTATION_RELATIONSHIP_WITH_TRANSFORMATION(#4405)SHAPE_REPRESENTATION_RELATIONSHIP() );
#4405=ITEM_DEFINED_TRANSFORMATION('','',#11,#22);
#4406=PRODUCT_DEFINITION_SHAPE('Placement','Placement of an item',#4407);
#4407=NEXT_ASSEMBLY_USAGE_OCCURRENCE('176','PAD2','',#5,#4215,$);
#4408=CONTEXT_DEPENDENT_SHAPE_REPRESENTATION(#4409,#4411);
#4409=( REPRESENTATION_RELATIONSHIP('','',#4219,#10)REPRESENTATION_RELATIONSHIP_WITH_TRANSFORMATION(#4410)SHAPE_REPRESENTATION_RELATIONSHIP() );
#4410=ITEM_DEFINED_TRANSFORMATION('','',#11,#24);
#4411=PRODUCT_DEFINITION_SHAPE('Placement','Placement of an item',#4412);
#4412=NEXT_ASSEMBLY_USAGE_OCCURRENCE('177','PAD39','',#5,#4215,$);
#4413=CONTEXT_DEPENDENT_SHAPE_REPRESENTATION(#4414,#4416);
#4414=( REPRESENTATION_RELATIONSHIP('','',#4219,#10)REPRESENTATION_RELATIONSHIP_WITH_TRANSFORMATION(#4415)SHAPE_REPRESENTATION_RELATIONSHIP() );
#4415=ITEM_DEFINED_TRANSFORMATION('','',#11,#26);
#4416=PRODUCT_DEFINITION_SHAPE('Placement','Placement of an item',#4417);
#4417=NEXT_ASSEMBLY_USAGE_OCCURRENCE('178','PAD3','',#5,#4215,$);
#4418=CONTEXT_DEPENDENT_SHAPE_REPRESENTATION(#4419,#4421);
#4419=( REPRESENTATION_RELATIONSHIP('','',#4219,#10)REPRESENTATION_RELATIONSHIP_WITH_TRANSFORMATION(#4420)SHAPE_REPRESENTATION_RELATIONSHIP() );
#4420=ITEM_DEFINED_TRANSFORMATION('','',#11,#28);
#4421=PRODUCT_DEFINITION_SHAPE('Placement','Placement of an item',#4422);
#4422=NEXT_ASSEMBLY_USAGE_OCCURRENCE('179','PAD38','',#5,#4215,$);
#4423=CONTEXT_DEPENDENT_SHAPE_REPRESENTATION(#4424,#4426);
#4424=( REPRESENTATION_RELATIONSHIP('','',#4219,#10)REPRESENTATION_RELATIONSHIP_WITH_TRANSFORMATION(#4425)SHAPE_REPRESENTATION_RELATIONSHIP() );
#4425=ITEM_DEFINED_TRANSFORMATION('','',#11,#30);
#4426=PRODUCT_DEFINITION_SHAPE('Placement','Placement of an item',#4427);
#4427=NEXT_ASSEMBLY_USAGE_OCCURRENCE('180','PAD4','',#5,#4215,$);
#4428=CONTEXT_DEPENDENT_SHAPE_REPRESENTATION(#4429,#4431);
#4429=( REPRESENTATION_RELATIONSHIP('','',#4219,#10)REPRESENTATION_RELATIONSHIP_WITH_TRANSFORMATION(#4430)SHAPE_REPRESENTATION_RELATIONSHIP() );
#4430=ITEM_DEFINED_TRANSFORMATION('','',#11,#32);
#4431=PRODUCT_DEFINITION_SHAPE('Placement','Placement of an item',#4432);
#4432=NEXT_ASSEMBLY_USAGE_OCCURRENCE('181','PAD37','',#5,#4215,$);
#4433=CONTEXT_DEPENDENT_SHAPE_REPRESENTATION(#4434,#4436);
#4434=( REPRESENTATION_RELATIONSHIP('','',#4219,#10)REPRESENTATION_RELATIONSHIP_WITH_TRANSFORMATION(#4435)SHAPE_REPRESENTATION_RELATIONSHIP() );
#4435=ITEM_DEFINED_TRANSFORMATION('','',#11,#34);
#4436=PRODUCT_DEFINITION_SHAPE('Placement','Placement of an item',#4437);
#4437=NEXT_ASSEMBLY_USAGE_OCCURRENCE('182','PAD5','',#5,#4215,$);
#4438=CONTEXT_DEPENDENT_SHAPE_REPRESENTATION(#4439,#4441);
#4439=( REPRESENTATION_RELATIONSHIP('','',#4219,#10)REPRESENTATION_RELATIONSHIP_WITH_TRANSFORMATION(#4440)SHAPE_REPRESENTATION_RELATIONSHIP() );
#4440=ITEM_DEFINED_TRANSFORMATION('','',#11,#36);
#4441=PRODUCT_DEFINITION_SHAPE('Placement','Placement of an item',#4442);
#4442=NEXT_ASSEMBLY_USAGE_OCCURRENCE('183','PAD36','',#5,#4215,$);
#4443=CONTEXT_DEPENDENT_SHAPE_REPRESENTATION(#4444,#4446);
#4444=( REPRESENTATION_RELATIONSHIP('','',#4219,#10)REPRESENTATION_RELATIONSHIP_WITH_TRANSFORMATION(#4445)SHAPE_REPRESENTATION_RELATIONSHIP() );
#4445=ITEM_DEFINED_TRANSFORMATION('','',#11,#38);
#4446=PRODUCT_DEFINITION_SHAPE('Placement','Placement of an item',#4447);
#4447=NEXT_ASSEMBLY_USAGE_OCCURRENCE('184','PAD6','',#5,#4215,$);
#4448=CONTEXT_DEPENDENT_SHAPE_REPRESENTATION(#4449,#4451);
#4449=( REPRESENTATION_RELATIONSHIP('','',#4219,#10)REPRESENTATION_RELATIONSHIP_WITH_TRANSFORMATION(#4450)SHAPE_REPRESENTATION_RELATIONSHIP() );
#4450=ITEM_DEFINED_TRANSFORMATION('','',#11,#40);
#4451=PRODUCT_DEFINITION_SHAPE('Placement','Placement of an item',#4452);
#4452=NEXT_ASSEMBLY_USAGE_OCCURRENCE('185','PAD35','',#5,#4215,$);
#4453=CONTEXT_DEPENDENT_SHAPE_REPRESENTATION(#4454,#4456);
#4454=( REPRESENTATION_RELATIONSHIP('','',#4219,#10)REPRESENTATION_RELATIONSHIP_WITH_TRANSFORMATION(#4455)SHAPE_REPRESENTATION_RELATIONSHIP() );
#4455=ITEM_DEFINED_TRANSFORMATION('','',#11,#42);
#4456=PRODUCT_DEFINITION_SHAPE('Placement','Placement of an item',#4457);
#4457=NEXT_ASSEMBLY_USAGE_OCCURRENCE('186','PAD7','',#5,#4215,$);
#4458=CONTEXT_DEPENDENT_SHAPE_REPRESENTATION(#4459,#4461);
#4459=( REPRESENTATION_RELATIONSHIP('','',#4219,#10)REPRESENTATION_RELATIONSHIP_WITH_TRANSFORMATION(#4460)SHAPE_REPRESENTATION_RELATIONSHIP() );
#4460=ITEM_DEFINED_TRANSFORMATION('','',#11,#44);
#4461=PRODUCT_DEFINITION_SHAPE('Placement','Placement of an item',#4462);
#4462=NEXT_ASSEMBLY_USAGE_OCCURRENCE('187','PAD34','',#5,#4215,$);
#4463=CONTEXT_DEPENDENT_SHAPE_REPRESENTATION(#4464,#4466);
#4464=( REPRESENTATION_RELATIONSHIP('','',#4219,#10)REPRESENTATION_RELATIONSHIP_WITH_TRANSFORMATION(#4465)SHAPE_REPRESENTATION_RELATIONSHIP() );
#4465=ITEM_DEFINED_TRANSFORMATION('','',#11,#46);
#4466=PRODUCT_DEFINITION_SHAPE('Placement','Placement of an item',#4467);
#4467=NEXT_ASSEMBLY_USAGE_OCCURRENCE('188','PAD8','',#5,#4215,$);
#4468=CONTEXT_DEPENDENT_SHAPE_REPRESENTATION(#4469,#4471);
#4469=( REPRESENTATION_RELATIONSHIP('','',#4219,#10)REPRESENTATION_RELATIONSHIP_WITH_TRANSFORMATION(#4470)SHAPE_REPRESENTATION_RELATIONSHIP() );
#4470=ITEM_DEFINED_TRANSFORMATION('','',#11,#48);
#4471=PRODUCT_DEFINITION_SHAPE('Placement','Placement of an item',#4472);
#4472=NEXT_ASSEMBLY_USAGE_OCCURRENCE('189','PAD33','',#5,#4215,$);
#4473=CONTEXT_DEPENDENT_SHAPE_REPRESENTATION(#4474,#4476);
#4474=( REPRESENTATION_RELATIONSHIP('','',#4219,#10)REPRESENTATION_RELATIONSHIP_WITH_TRANSFORMATION(#4475)SHAPE_REPRESENTATION_RELATIONSHIP() );
#4475=ITEM_DEFINED_TRANSFORMATION('','',#11,#50);
#4476=PRODUCT_DEFINITION_SHAPE('Placement','Placement of an item',#4477);
#4477=NEXT_ASSEMBLY_USAGE_OCCURRENCE('190','PAD9','',#5,#4215,$);
#4478=CONTEXT_DEPENDENT_SHAPE_REPRESENTATION(#4479,#4481);
#4479=( REPRESENTATION_RELATIONSHIP('','',#4219,#10)REPRESENTATION_RELATIONSHIP_WITH_TRANSFORMATION(#4480)SHAPE_REPRESENTATION_RELATIONSHIP() );
#4480=ITEM_DEFINED_TRANSFORMATION('','',#11,#52);
#4481=PRODUCT_DEFINITION_SHAPE('Placement','Placement of an item',#4482);
#4482=NEXT_ASSEMBLY_USAGE_OCCURRENCE('191','PAD32','',#5,#4215,$);
#4483=CONTEXT_DEPENDENT_SHAPE_REPRESENTATION(#4484,#4486);
#4484=( REPRESENTATION_RELATIONSHIP('','',#4219,#10)REPRESENTATION_RELATIONSHIP_WITH_TRANSFORMATION(#4485)SHAPE_REPRESENTATION_RELATIONSHIP() );
#4485=ITEM_DEFINED_TRANSFORMATION('','',#11,#54);
#4486=PRODUCT_DEFINITION_SHAPE('Placement','Placement of an item',#4487);
#4487=NEXT_ASSEMBLY_USAGE_OCCURRENCE('192','PAD10','',#5,#4215,$);
#4488=CONTEXT_DEPENDENT_SHAPE_REPRESENTATION(#4489,#4491);
#4489=( REPRESENTATION_RELATIONSHIP('','',#4219,#10)REPRESENTATION_RELATIONSHIP_WITH_TRANSFORMATION(#4490)SHAPE_REPRESENTATION_RELATIONSHIP() );
#4490=ITEM_DEFINED_TRANSFORMATION('','',#11,#56);
#4491=PRODUCT_DEFINITION_SHAPE('Placement','Placement of an item',#4492);
#4492=NEXT_ASSEMBLY_USAGE_OCCURRENCE('193','PAD31','',#5,#4215,$);
#4493=CONTEXT_DEPENDENT_SHAPE_REPRESENTATION(#4494,#4496);
#4494=( REPRESENTATION_RELATIONSHIP('','',#4219,#10)REPRESENTATION_RELATIONSHIP_WITH_TRANSFORMATION(#4495)SHAPE_REPRESENTATION_RELATIONSHIP() );
#4495=ITEM_DEFINED_TRANSFORMATION('','',#11,#58);
#4496=PRODUCT_DEFINITION_SHAPE('Placement','Placement of an item',#4497);
#4497=NEXT_ASSEMBLY_USAGE_OCCURRENCE('194','PAD11','',#5,#4215,$);
#4498=CONTEXT_DEPENDENT_SHAPE_REPRESENTATION(#4499,#4501);
#4499=( REPRESENTATION_RELATIONSHIP('','',#4219,#10)REPRESENTATION_RELATIONSHIP_WITH_TRANSFORMATION(#4500)SHAPE_REPRESENTATION_RELATIONSHIP() );
#4500=ITEM_DEFINED_TRANSFORMATION('','',#11,#60);
#4501=PRODUCT_DEFINITION_SHAPE('Placement','Placement of an item',#4502);
#4502=NEXT_ASSEMBLY_USAGE_OCCURRENCE('195','PAD30','',#5,#4215,$);
#4503=CONTEXT_DEPENDENT_SHAPE_REPRESENTATION(#4504,#4506);
#4504=( REPRESENTATION_RELATIONSHIP('','',#4219,#10)REPRESENTATION_RELATIONSHIP_WITH_TRANSFORMATION(#4505)SHAPE_REPRESENTATION_RELATIONSHIP() );
#4505=ITEM_DEFINED_TRANSFORMATION('','',#11,#62);
#4506=PRODUCT_DEFINITION_SHAPE('Placement','Placement of an item',#4507);
#4507=NEXT_ASSEMBLY_USAGE_OCCURRENCE('196','PAD12','',#5,#4215,$);
#4508=CONTEXT_DEPENDENT_SHAPE_REPRESENTATION(#4509,#4511);
#4509=( REPRESENTATION_RELATIONSHIP('','',#4219,#10)REPRESENTATION_RELATIONSHIP_WITH_TRANSFORMATION(#4510)SHAPE_REPRESENTATION_RELATIONSHIP() );
#4510=ITEM_DEFINED_TRANSFORMATION('','',#11,#64);
#4511=PRODUCT_DEFINITION_SHAPE('Placement','Placement of an item',#4512);
#4512=NEXT_ASSEMBLY_USAGE_OCCURRENCE('197','PAD29','',#5,#4215,$);
#4513=CONTEXT_DEPENDENT_SHAPE_REPRESENTATION(#4514,#4516);
#4514=( REPRESENTATION_RELATIONSHIP('','',#4219,#10)REPRESENTATION_RELATIONSHIP_WITH_TRANSFORMATION(#4515)SHAPE_REPRESENTATION_RELATIONSHIP() );
#4515=ITEM_DEFINED_TRANSFORMATION('','',#11,#66);
#4516=PRODUCT_DEFINITION_SHAPE('Placement','Placement of an item',#4517);
#4517=NEXT_ASSEMBLY_USAGE_OCCURRENCE('198','PAD13','',#5,#4215,$);
#4518=CONTEXT_DEPENDENT_SHAPE_REPRESENTATION(#4519,#4521);
#4519=( REPRESENTATION_RELATIONSHIP('','',#4219,#10)REPRESENTATION_RELATIONSHIP_WITH_TRANSFORMATION(#4520)SHAPE_REPRESENTATION_RELATIONSHIP() );
#4520=ITEM_DEFINED_TRANSFORMATION('','',#11,#68);
#4521=PRODUCT_DEFINITION_SHAPE('Placement','Placement of an item',#4522);
#4522=NEXT_ASSEMBLY_USAGE_OCCURRENCE('199','PAD28','',#5,#4215,$);
#4523=CONTEXT_DEPENDENT_SHAPE_REPRESENTATION(#4524,#4526);
#4524=( REPRESENTATION_RELATIONSHIP('','',#4219,#10)REPRESENTATION_RELATIONSHIP_WITH_TRANSFORMATION(#4525)SHAPE_REPRESENTATION_RELATIONSHIP() );
#4525=ITEM_DEFINED_TRANSFORMATION('','',#11,#70);
#4526=PRODUCT_DEFINITION_SHAPE('Placement','Placement of an item',#4527);
#4527=NEXT_ASSEMBLY_USAGE_OCCURRENCE('200','PAD14','',#5,#4215,$);
#4528=CONTEXT_DEPENDENT_SHAPE_REPRESENTATION(#4529,#4531);
#4529=( REPRESENTATION_RELATIONSHIP('','',#4219,#10)REPRESENTATION_RELATIONSHIP_WITH_TRANSFORMATION(#4530)SHAPE_REPRESENTATION_RELATIONSHIP() );
#4530=ITEM_DEFINED_TRANSFORMATION('','',#11,#72);
#4531=PRODUCT_DEFINITION_SHAPE('Placement','Placement of an item',#4532);
#4532=NEXT_ASSEMBLY_USAGE_OCCURRENCE('201','PAD27','',#5,#4215,$);
#4533=CONTEXT_DEPENDENT_SHAPE_REPRESENTATION(#4534,#4536);
#4534=( REPRESENTATION_RELATIONSHIP('','',#4219,#10)REPRESENTATION_RELATIONSHIP_WITH_TRANSFORMATION(#4535)SHAPE_REPRESENTATION_RELATIONSHIP() );
#4535=ITEM_DEFINED_TRANSFORMATION('','',#11,#74);
#4536=PRODUCT_DEFINITION_SHAPE('Placement','Placement of an item',#4537);
#4537=NEXT_ASSEMBLY_USAGE_OCCURRENCE('202','PAD15','',#5,#4215,$);
#4538=CONTEXT_DEPENDENT_SHAPE_REPRESENTATION(#4539,#4541);
#4539=( REPRESENTATION_RELATIONSHIP('','',#4219,#10)REPRESENTATION_RELATIONSHIP_WITH_TRANSFORMATION(#4540)SHAPE_REPRESENTATION_RELATIONSHIP() );
#4540=ITEM_DEFINED_TRANSFORMATION('','',#11,#76);
#4541=PRODUCT_DEFINITION_SHAPE('Placement','Placement of an item',#4542);
#4542=NEXT_ASSEMBLY_USAGE_OCCURRENCE('203','PAD26','',#5,#4215,$);
#4543=CONTEXT_DEPENDENT_SHAPE_REPRESENTATION(#4544,#4546);
#4544=( REPRESENTATION_RELATIONSHIP('','',#4219,#10)REPRESENTATION_RELATIONSHIP_WITH_TRANSFORMATION(#4545)SHAPE_REPRESENTATION_RELATIONSHIP() );
#4545=ITEM_DEFINED_TRANSFORMATION('','',#11,#78);
#4546=PRODUCT_DEFINITION_SHAPE('Placement','Placement of an item',#4547);
#4547=NEXT_ASSEMBLY_USAGE_OCCURRENCE('204','PAD16','',#5,#4215,$);
#4548=CONTEXT_DEPENDENT_SHAPE_REPRESENTATION(#4549,#4551);
#4549=( REPRESENTATION_RELATIONSHIP('','',#4219,#10)REPRESENTATION_RELATIONSHIP_WITH_TRANSFORMATION(#4550)SHAPE_REPRESENTATION_RELATIONSHIP() );
#4550=ITEM_DEFINED_TRANSFORMATION('','',#11,#80);
#4551=PRODUCT_DEFINITION_SHAPE('Placement','Placement of an item',#4552);
#4552=NEXT_ASSEMBLY_USAGE_OCCURRENCE('205','PAD25','',#5,#4215,$);
#4553=CONTEXT_DEPENDENT_SHAPE_REPRESENTATION(#4554,#4556);
#4554=( REPRESENTATION_RELATIONSHIP('','',#4219,#10)REPRESENTATION_RELATIONSHIP_WITH_TRANSFORMATION(#4555)SHAPE_REPRESENTATION_RELATIONSHIP() );
#4555=ITEM_DEFINED_TRANSFORMATION('','',#11,#82);
#4556=PRODUCT_DEFINITION_SHAPE('Placement','Placement of an item',#4557);
#4557=NEXT_ASSEMBLY_USAGE_OCCURRENCE('206','PAD17','',#5,#4215,$);
#4558=CONTEXT_DEPENDENT_SHAPE_REPRESENTATION(#4559,#4561);
#4559=( REPRESENTATION_RELATIONSHIP('','',#4219,#10)REPRESENTATION_RELATIONSHIP_WITH_TRANSFORMATION(#4560)SHAPE_REPRESENTATION_RELATIONSHIP() );
#4560=ITEM_DEFINED_TRANSFORMATION('','',#11,#84);
#4561=PRODUCT_DEFINITION_SHAPE('Placement','Placement of an item',#4562);
#4562=NEXT_ASSEMBLY_USAGE_OCCURRENCE('207','PAD24','',#5,#4215,$);
#4563=CONTEXT_DEPENDENT_SHAPE_REPRESENTATION(#4564,#4566);
#4564=( REPRESENTATION_RELATIONSHIP('','',#4219,#10)REPRESENTATION_RELATIONSHIP_WITH_TRANSFORMATION(#4565)SHAPE_REPRESENTATION_RELATIONSHIP() );
#4565=ITEM_DEFINED_TRANSFORMATION('','',#11,#86);
#4566=PRODUCT_DEFINITION_SHAPE('Placement','Placement of an item',#4567);
#4567=NEXT_ASSEMBLY_USAGE_OCCURRENCE('208','PAD18','',#5,#4215,$);
#4568=CONTEXT_DEPENDENT_SHAPE_REPRESENTATION(#4569,#4571);
#4569=( REPRESENTATION_RELATIONSHIP('','',#4219,#10)REPRESENTATION_RELATIONSHIP_WITH_TRANSFORMATION(#4570)SHAPE_REPRESENTATION_RELATIONSHIP() );
#4570=ITEM_DEFINED_TRANSFORMATION('','',#11,#88);
#4571=PRODUCT_DEFINITION_SHAPE('Placement','Placement of an item',#4572);
#4572=NEXT_ASSEMBLY_USAGE_OCCURRENCE('209','PAD23','',#5,#4215,$);
#4573=CONTEXT_DEPENDENT_SHAPE_REPRESENTATION(#4574,#4576);
#4574=( REPRESENTATION_RELATIONSHIP('','',#4219,#10)REPRESENTATION_RELATIONSHIP_WITH_TRANSFORMATION(#4575)SHAPE_REPRESENTATION_RELATIONSHIP() );
#4575=ITEM_DEFINED_TRANSFORMATION('','',#11,#90);
#4576=PRODUCT_DEFINITION_SHAPE('Placement','Placement of an item',#4577);
#4577=NEXT_ASSEMBLY_USAGE_OCCURRENCE('210','PAD19','',#5,#4215,$);
#4578=CONTEXT_DEPENDENT_SHAPE_REPRESENTATION(#4579,#4581);
#4579=( REPRESENTATION_RELATIONSHIP('','',#4219,#10)REPRESENTATION_RELATIONSHIP_WITH_TRANSFORMATION(#4580)SHAPE_REPRESENTATION_RELATIONSHIP() );
#4580=ITEM_DEFINED_TRANSFORMATION('','',#11,#92);
#4581=PRODUCT_DEFINITION_SHAPE('Placement','Placement of an item',#4582);
#4582=NEXT_ASSEMBLY_USAGE_OCCURRENCE('211','PAD22','',#5,#4215,$);
#4583=CONTEXT_DEPENDENT_SHAPE_REPRESENTATION(#4584,#4586);
#4584=( REPRESENTATION_RELATIONSHIP('','',#4219,#10)REPRESENTATION_RELATIONSHIP_WITH_TRANSFORMATION(#4585)SHAPE_REPRESENTATION_RELATIONSHIP() );
#4585=ITEM_DEFINED_TRANSFORMATION('','',#11,#94);
#4586=PRODUCT_DEFINITION_SHAPE('Placement','Placement of an item',#4587);
#4587=NEXT_ASSEMBLY_USAGE_OCCURRENCE('212','PAD20','',#5,#4215,$);
#4588=CONTEXT_DEPENDENT_SHAPE_REPRESENTATION(#4589,#4591);
#4589=( REPRESENTATION_RELATIONSHIP('','',#4219,#10)REPRESENTATION_RELATIONSHIP_WITH_TRANSFORMATION(#4590)SHAPE_REPRESENTATION_RELATIONSHIP() );
#4590=ITEM_DEFINED_TRANSFORMATION('','',#11,#96);
#4591=PRODUCT_DEFINITION_SHAPE('Placement','Placement of an item',#4592);
#4592=NEXT_ASSEMBLY_USAGE_OCCURRENCE('213','PAD21','',#5,#4215,$);
#4593=CONTEXT_DEPENDENT_SHAPE_REPRESENTATION(#4594,#4596);
#4594=( REPRESENTATION_RELATIONSHIP('','',#4219,#10)REPRESENTATION_RELATIONSHIP_WITH_TRANSFORMATION(#4595)SHAPE_REPRESENTATION_RELATIONSHIP() );
#4595=ITEM_DEFINED_TRANSFORMATION('','',#11,#98);
#4596=PRODUCT_DEFINITION_SHAPE('Placement','Placement of an item',#4597);
#4597=NEXT_ASSEMBLY_USAGE_OCCURRENCE('214','DBGPAD1','',#5,#4215,$);
#4598=CONTEXT_DEPENDENT_SHAPE_REPRESENTATION(#4599,#4601);
#4599=( REPRESENTATION_RELATIONSHIP('','',#4219,#10)REPRESENTATION_RELATIONSHIP_WITH_TRANSFORMATION(#4600)SHAPE_REPRESENTATION_RELATIONSHIP() );
#4600=ITEM_DEFINED_TRANSFORMATION('','',#11,#101);
#4601=PRODUCT_DEFINITION_SHAPE('Placement','Placement of an item',#4602);
#4602=NEXT_ASSEMBLY_USAGE_OCCURRENCE('215','DBGPAD2','',#5,#4215,$);
#4603=CONTEXT_DEPENDENT_SHAPE_REPRESENTATION(#4604,#4606);
#4604=( REPRESENTATION_RELATIONSHIP('','',#4219,#10)REPRESENTATION_RELATIONSHIP_WITH_TRANSFORMATION(#4605)SHAPE_REPRESENTATION_RELATIONSHIP() );
#4605=ITEM_DEFINED_TRANSFORMATION('','',#11,#103);
#4606=PRODUCT_DEFINITION_SHAPE('Placement','Placement of an item',#4607);
#4607=NEXT_ASSEMBLY_USAGE_OCCURRENCE('216','DBGPAD3','',#5,#4215,$);
#4608=SHAPE_DEFINITION_REPRESENTATION(#4609,#4614);
#4609=PRODUCT_DEFINITION_SHAPE('','',#4610);
#4610=PRODUCT_DEFINITION('design','',#4611,#4613);
#4611=PRODUCT_DEFINITION_FORMATION('','',#4612);
#4612=PRODUCT('USB','USB','',(#8));
#4613=PRODUCT_DEFINITION_CONTEXT('part definition',#2,'design');
#4614=ADVANCED_BREP_SHAPE_REPRESENTATION('',(#11,#4615),#4705);
#4615=MANIFOLD_SOLID_BREP('',#4616);
#4616=CLOSED_SHELL('',(#4617,#4642,#4667,#4679,#4691,#4698));
#4617=ADVANCED_FACE('',(#4618),#4640,.F.);
#4618=FACE_BOUND('',#4619,.F.);
#4619=EDGE_LOOP('',(#4620,#4627,#4632,#4637));
#4620=ORIENTED_EDGE('',*,*,#4621,.F.);
#4621=EDGE_CURVE('',#4622,#4624,#4626,.T.);
#4622=VERTEX_POINT('',#4623);
#4623=CARTESIAN_POINT('',(-4.,0.,0.));
#4624=VERTEX_POINT('',#4625);
#4625=CARTESIAN_POINT('',(-4.,0.,4.));
#4626=LINE('',#4623,#132);
#4627=ORIENTED_EDGE('',*,*,#4628,.T.);
#4628=EDGE_CURVE('',#4622,#4629,#4631,.T.);
#4629=VERTEX_POINT('',#4630);
#4630=CARTESIAN_POINT('',(-4.,5.8,0.));
#4631=LINE('',#4623,#159);
#4632=ORIENTED_EDGE('',*,*,#4633,.T.);
#4633=EDGE_CURVE('',#4629,#4634,#4636,.T.);
#4634=VERTEX_POINT('',#4635);
#4635=CARTESIAN_POINT('',(-4.,5.8,4.));
#4636=LINE('',#4630,#132);
#4637=ORIENTED_EDGE('',*,*,#4638,.F.);
#4638=EDGE_CURVE('',#4624,#4634,#4639,.T.);
#4639=LINE('',#4625,#159);
#4640=PLANE('',#4641);
#4641=AXIS2_PLACEMENT_3D('',#4623,#14,#13);
#4642=ADVANCED_FACE('',(#4643),#4665,.T.);
#4643=FACE_BOUND('',#4644,.T.);
#4644=EDGE_LOOP('',(#4645,#4652,#4657,#4662));
#4645=ORIENTED_EDGE('',*,*,#4646,.F.);
#4646=EDGE_CURVE('',#4647,#4649,#4651,.T.);
#4647=VERTEX_POINT('',#4648);
#4648=CARTESIAN_POINT('',(4.,0.,0.));
#4649=VERTEX_POINT('',#4650);
#4650=CARTESIAN_POINT('',(4.,0.,4.));
#4651=LINE('',#4648,#132);
#4652=ORIENTED_EDGE('',*,*,#4653,.T.);
#4653=EDGE_CURVE('',#4647,#4654,#4656,.T.);
#4654=VERTEX_POINT('',#4655);
#4655=CARTESIAN_POINT('',(4.,5.8,0.));
#4656=LINE('',#4648,#159);
#4657=ORIENTED_EDGE('',*,*,#4658,.T.);
#4658=EDGE_CURVE('',#4654,#4659,#4661,.T.);
#4659=VERTEX_POINT('',#4660);
#4660=CARTESIAN_POINT('',(4.,5.8,4.));
#4661=LINE('',#4655,#132);
#4662=ORIENTED_EDGE('',*,*,#4663,.F.);
#4663=EDGE_CURVE('',#4649,#4659,#4664,.T.);
#4664=LINE('',#4650,#159);
#4665=PLANE('',#4666);
#4666=AXIS2_PLACEMENT_3D('',#4648,#14,#13);
#4667=ADVANCED_FACE('',(#4668),#4677,.F.);
#4668=FACE_BOUND('',#4669,.F.);
#4669=EDGE_LOOP('',(#4670,#4673,#4674,#4645));
#4670=ORIENTED_EDGE('',*,*,#4671,.F.);
#4671=EDGE_CURVE('',#4622,#4647,#4672,.T.);
#4672=LINE('',#4623,#138);
#4673=ORIENTED_EDGE('',*,*,#4621,.T.);
#4674=ORIENTED_EDGE('',*,*,#4675,.T.);
#4675=EDGE_CURVE('',#4624,#4649,#4676,.T.);
#4676=LINE('',#4625,#138);
#4677=PLANE('',#4678);
#4678=AXIS2_PLACEMENT_3D('',#4623,#149,#13);
#4679=ADVANCED_FACE('',(#4680),#4689,.T.);
#4680=FACE_BOUND('',#4681,.T.);
#4681=EDGE_LOOP('',(#4682,#4632,#4685,#4688));
#4682=ORIENTED_EDGE('',*,*,#4683,.F.);
#4683=EDGE_CURVE('',#4629,#4654,#4684,.T.);
#4684=LINE('',#4630,#138);
#4685=ORIENTED_EDGE('',*,*,#4686,.T.);
#4686=EDGE_CURVE('',#4634,#4659,#4687,.T.);
#4687=LINE('',#4635,#138);
#4688=ORIENTED_EDGE('',*,*,#4658,.F.);
#4689=PLANE('',#4690);
#4690=AXIS2_PLACEMENT_3D('',#4630,#149,#13);
#4691=ADVANCED_FACE('',(#4692),#4696,.F.);
#4692=FACE_BOUND('',#4693,.F.);
#4693=EDGE_LOOP('',(#4694,#4695,#4652,#4682));
#4694=ORIENTED_EDGE('',*,*,#4628,.F.);
#4695=ORIENTED_EDGE('',*,*,#4671,.T.);
#4696=PLANE('',#4697);
#4697=AXIS2_PLACEMENT_3D('',#4623,#13,#14);
#4698=ADVANCED_FACE('',(#4699),#4703,.T.);
#4699=FACE_BOUND('',#4700,.T.);
#4700=EDGE_LOOP('',(#4637,#4674,#4701,#4702));
#4701=ORIENTED_EDGE('',*,*,#4663,.T.);
#4702=ORIENTED_EDGE('',*,*,#4686,.F.);
#4703=PLANE('',#4704);
#4704=AXIS2_PLACEMENT_3D('',#4625,#13,#14);
#4705=( GEOMETRIC_REPRESENTATION_CONTEXT(3)GLOBAL_UNCERTAINTY_ASSIGNED_CONTEXT((#111))GLOBAL_UNIT_ASSIGNED_CONTEXT((#108,#109,#110)) REPRESENTATION_CONTEXT('Context #1','3D Context with UNIT and UNCERTAINTY') );
#4706=CONTEXT_DEPENDENT_SHAPE_REPRESENTATION(#4707,#4709);
#4707=( REPRESENTATION_RELATIONSHIP('','',#4614,#10)REPRESENTATION_RELATIONSHIP_WITH_TRANSFORMATION(#4708)SHAPE_REPRESENTATION_RELATIONSHIP() );
#4708=ITEM_DEFINED_TRANSFORMATION('','',#11,#105);
#4709=PRODUCT_DEFINITION_SHAPE('Placement','Placement of an item',#4710);
#4710=NEXT_ASSEMBLY_USAGE_OCCURRENCE('217','USB','',#5,#4610,$);
#4711=PRODUCT_RELATED_PRODUCT_CATEGORY('part',$,(#4612));
#4712=MECHANICAL_DESIGN_GEOMETRIC_PRESENTATION_REPRESENTATION('',(#4713),#4205);
#4713=STYLED_ITEM('color',(#4714),#120);
#4714=PRESENTATION_STYLE_ASSIGNMENT((#4715));
#4715=SURFACE_STYLE_USAGE(.BOTH.,#4716);
#4716=SURFACE_SIDE_STYLE('',(#4717));
#4717=SURFACE_STYLE_FILL_AREA(#4718);
#4718=FILL_AREA_STYLE('',(#4719));
#4719=FILL_AREA_STYLE_COLOUR('',#4720);
#4720=COLOUR_RGB('',0.,0.803921811173,0.);
#4721=MECHANICAL_DESIGN_GEOMETRIC_PRESENTATION_REPRESENTATION('',(#4722),#4391);
#4722=STYLED_ITEM('color',(#4723),#4220);
#4723=PRESENTATION_STYLE_ASSIGNMENT((#4724));
#4724=SURFACE_STYLE_USAGE(.BOTH.,#4725);
#4725=SURFACE_SIDE_STYLE('',(#4726));
#4726=SURFACE_STYLE_FILL_AREA(#4727);
#4727=FILL_AREA_STYLE('',(#4728));
#4728=FILL_AREA_STYLE_COLOUR('',#4729);
#4729=COLOUR_RGB('',0.93333302716,0.788235051098,0.);
#4730=MECHANICAL_DESIGN_GEOMETRIC_PRESENTATION_REPRESENTATION('',(#4731),#4705);
#4731=STYLED_ITEM('color',(#4732),#4615);
#4732=PRESENTATION_STYLE_ASSIGNMENT((#4733));
#4733=SURFACE_STYLE_USAGE(.BOTH.,#4734);
#4734=SURFACE_SIDE_STYLE('',(#4735));
#4735=SURFACE_STYLE_FILL_AREA(#4736);
#4736=FILL_AREA_STYLE('',(#4737));
#4737=FILL_AREA_STYLE_COLOUR('',#4738);
#4738=COLOUR_RGB('',0.862744829005,0.862744829005,0.862744829005);
ENDSEC;
END-ISO-10303-21;
