ISO-10303-21;
HEADER;
FILE_DESCRIPTION(('Open CASCADE Model'),'2;1');
FILE_NAME('Open CASCADE Shape Model','2026-01-18T22:06:42',('Author'),(
'Open CASCADE'),'Open CASCADE STEP processor 7.8','Open CASCADE 7.8'
,'Unknown');
FILE_SCHEMA(('AUTOMOTIVE_DESIGN { 1 0 10303 214 1 1 1 1 }'));
ENDSEC;
DATA;
#1=APPLICATION_PROTOCOL_DEFINITION('international standard','automotive_design',2000,#2);
#2=APPLICATION_CONTEXT('core data for automotive mechanical design processes');
#3=SHAPE_DEFINITION_REPRESENTATION(#4,#10);
#4=PRODUCT_DEFINITION_SHAPE('','',#5);
#5=PRODUCT_DEFINITION('design','',#6,#9);
#6=PRODUCT_DEFINITION_FORMATION('','',#7);
#7=PRODUCT('Pico W (THT)','Pico W (THT)','',(#8));
#8=PRODUCT_CONTEXT('',#2,'mechanical');
#9=PRODUCT_DEFINITION_CONTEXT('part definition',#2,'design');
#10=SHAPE_REPRESENTATION('',(#11,#15,#17,#19,#22,#24,#26,#28,#30,#32,#34,#36,#38,#40,#42,#44,#46,#48,#50,#52,#54,#56,#58,#60,#62,#64,#66,#68,#70,#72,#74,#76,#78,#80,#82,#84,#86,#88,#90,#92,#94,#96,#98,#100,#102,#104,#106,#108,#110,#112,#114,#116,#118,#120,#122,#124,#126,#128,#130,#132,#134,#136,#138,#140,#142,#144,#146,#148,#150,#152,#154,#156,#158,#160,#162,#164,#166,#168,#170,#172,#174,#176,#178,#180,#182,#184,#186,#188,#190),#192);
#11=AXIS2_PLACEMENT_3D('',#12,#13,#14);
#12=CARTESIAN_POINT('',(0.,0.,0.));
#13=DIRECTION('',(0.,0.,1.));
#14=DIRECTION('',(1.,0.,0.));
#15=AXIS2_PLACEMENT_3D('',#16,#13,#14);
#16=CARTESIAN_POINT('',(0.,0.,9.5));
#17=AXIS2_PLACEMENT_3D('',#18,#13,#14);
#18=CARTESIAN_POINT('',(-10.5,24.13,9.5));
#19=AXIS2_PLACEMENT_3D('',#20,#13,#21);
#20=CARTESIAN_POINT('',(10.5,24.13,9.5));
#21=DIRECTION('',(-1.,1.224646799147E-16,0.));
#22=AXIS2_PLACEMENT_3D('',#23,#13,#14);
#23=CARTESIAN_POINT('',(-10.5,21.59,9.5));
#24=AXIS2_PLACEMENT_3D('',#25,#13,#21);
#25=CARTESIAN_POINT('',(10.5,21.59,9.5));
#26=AXIS2_PLACEMENT_3D('',#27,#13,#14);
#27=CARTESIAN_POINT('',(-10.5,19.05,9.5));
#28=AXIS2_PLACEMENT_3D('',#29,#13,#21);
#29=CARTESIAN_POINT('',(10.5,19.05,9.5));
#30=AXIS2_PLACEMENT_3D('',#31,#13,#14);
#31=CARTESIAN_POINT('',(-10.5,16.51,9.5));
#32=AXIS2_PLACEMENT_3D('',#33,#13,#21);
#33=CARTESIAN_POINT('',(10.5,16.51,9.5));
#34=AXIS2_PLACEMENT_3D('',#35,#13,#14);
#35=CARTESIAN_POINT('',(-10.5,13.97,9.5));
#36=AXIS2_PLACEMENT_3D('',#37,#13,#21);
#37=CARTESIAN_POINT('',(10.5,13.97,9.5));
#38=AXIS2_PLACEMENT_3D('',#39,#13,#14);
#39=CARTESIAN_POINT('',(-10.5,11.43,9.5));
#40=AXIS2_PLACEMENT_3D('',#41,#13,#21);
#41=CARTESIAN_POINT('',(10.5,11.43,9.5));
#42=AXIS2_PLACEMENT_3D('',#43,#13,#14);
#43=CARTESIAN_POINT('',(-10.5,8.89,9.5));
#44=AXIS2_PLACEMENT_3D('',#45,#13,#21);
#45=CARTESIAN_POINT('',(10.5,8.89,9.5));
#46=AXIS2_PLACEMENT_3D('',#47,#13,#14);
#47=CARTESIAN_POINT('',(-10.5,6.35,9.5));
#48=AXIS2_PLACEMENT_3D('',#49,#13,#21);
#49=CARTESIAN_POINT('',(10.5,6.35,9.5));
#50=AXIS2_PLACEMENT_3D('',#51,#13,#14);
#51=CARTESIAN_POINT('',(-10.5,3.81,9.5));
#52=AXIS2_PLACEMENT_3D('',#53,#13,#21);
#53=CARTESIAN_POINT('',(10.5,3.81,9.5));
#54=AXIS2_PLACEMENT_3D('',#55,#13,#14);
#55=CARTESIAN_POINT('',(-10.5,1.27,9.5));
#56=AXIS2_PLACEMENT_3D('',#57,#13,#21);
#57=CARTESIAN_POINT('',(10.5,1.27,9.5));
#58=AXIS2_PLACEMENT_3D('',#59,#13,#14);
#59=CARTESIAN_POINT('',(-10.5,-1.27,9.5));
#60=AXIS2_PLACEMENT_3D('',#61,#13,#21);
#61=CARTESIAN_POINT('',(10.5,-1.27,9.5));
#62=AXIS2_PLACEMENT_3D('',#63,#13,#14);
#63=CARTESIAN_POINT('',(-10.5,-3.81,9.5));
#64=AXIS2_PLACEMENT_3D('',#65,#13,#21);
#65=CARTESIAN_POINT('',(10.5,-3.81,9.5));
#66=AXIS2_PLACEMENT_3D('',#67,#13,#14);
#67=CARTESIAN_POINT('',(-10.5,-6.35,9.5));
#68=AXIS2_PLACEMENT_3D('',#69,#13,#21);
#69=CARTESIAN_POINT('',(10.5,-6.35,9.5));
#70=AXIS2_PLACEMENT_3D('',#71,#13,#14);
#71=CARTESIAN_POINT('',(-10.5,-8.89,9.5));
#72=AXIS2_PLACEMENT_3D('',#73,#13,#21);
#73=CARTESIAN_POINT('',(10.5,-8.89,9.5));
#74=AXIS2_PLACEMENT_3D('',#75,#13,#14);
#75=CARTESIAN_POINT('',(-10.5,-11.43,9.5));
#76=AXIS2_PLACEMENT_3D('',#77,#13,#21);
#77=CARTESIAN_POINT('',(10.5,-11.43,9.5));
#78=AXIS2_PLACEMENT_3D('',#79,#13,#14);
#79=CARTESIAN_POINT('',(-10.5,-13.97,9.5));
#80=AXIS2_PLACEMENT_3D('',#81,#13,#21);
#81=CARTESIAN_POINT('',(10.5,-13.97,9.5));
#82=AXIS2_PLACEMENT_3D('',#83,#13,#14);
#83=CARTESIAN_POINT('',(-10.5,-16.51,9.5));
#84=AXIS2_PLACEMENT_3D('',#85,#13,#21);
#85=CARTESIAN_POINT('',(10.5,-16.51,9.5));
#86=AXIS2_PLACEMENT_3D('',#87,#13,#14);
#87=CARTESIAN_POINT('',(-10.5,-19.05,9.5));
#88=AXIS2_PLACEMENT_3D('',#89,#13,#21);
#89=CARTESIAN_POINT('',(10.5,-19.05,9.5));
#90=AXIS2_PLACEMENT_3D('',#91,#13,#14);
#91=CARTESIAN_POINT('',(-10.5,-21.59,9.5));
#92=AXIS2_PLACEMENT_3D('',#93,#13,#21);
#93=CARTESIAN_POINT('',(10.5,-21.59,9.5));
#94=AXIS2_PLACEMENT_3D('',#95,#13,#14);
#95=CARTESIAN_POINT('',(-10.5,-24.13,9.5));
#96=AXIS2_PLACEMENT_3D('',#97,#13,#21);
#97=CARTESIAN_POINT('',(10.5,-24.13,9.5));
#98=AXIS2_PLACEMENT_3D('',#99,#13,#14);
#99=CARTESIAN_POINT('',(0.,21.,11.1));
#100=AXIS2_PLACEMENT_3D('',#101,#13,#14);
#101=CARTESIAN_POINT('',(-8.89,0.,0.));
#102=AXIS2_PLACEMENT_3D('',#103,#13,#14);
#103=CARTESIAN_POINT('',(8.89,0.,0.));
#104=AXIS2_PLACEMENT_3D('',#105,#13,#14);
#105=CARTESIAN_POINT('',(3.1241,-5.7,0.));
#106=AXIS2_PLACEMENT_3D('',#107,#13,#14);
#107=CARTESIAN_POINT('',(-8.89,24.13,4.75));
#108=AXIS2_PLACEMENT_3D('',#109,#13,#14);
#109=CARTESIAN_POINT('',(8.89,24.13,4.75));
#110=AXIS2_PLACEMENT_3D('',#111,#13,#14);
#111=CARTESIAN_POINT('',(-8.89,21.59,4.75));
#112=AXIS2_PLACEMENT_3D('',#113,#13,#14);
#113=CARTESIAN_POINT('',(8.89,21.59,4.75));
#114=AXIS2_PLACEMENT_3D('',#115,#13,#14);
#115=CARTESIAN_POINT('',(-8.89,19.05,4.75));
#116=AXIS2_PLACEMENT_3D('',#117,#13,#14);
#117=CARTESIAN_POINT('',(8.89,19.05,4.75));
#118=AXIS2_PLACEMENT_3D('',#119,#13,#14);
#119=CARTESIAN_POINT('',(-8.89,16.51,4.75));
#120=AXIS2_PLACEMENT_3D('',#121,#13,#14);
#121=CARTESIAN_POINT('',(8.89,16.51,4.75));
#122=AXIS2_PLACEMENT_3D('',#123,#13,#14);
#123=CARTESIAN_POINT('',(-8.89,13.97,4.75));
#124=AXIS2_PLACEMENT_3D('',#125,#13,#14);
#125=CARTESIAN_POINT('',(8.89,13.97,4.75));
#126=AXIS2_PLACEMENT_3D('',#127,#13,#14);
#127=CARTESIAN_POINT('',(-8.89,11.43,4.75));
#128=AXIS2_PLACEMENT_3D('',#129,#13,#14);
#129=CARTESIAN_POINT('',(8.89,11.43,4.75));
#130=AXIS2_PLACEMENT_3D('',#131,#13,#14);
#131=CARTESIAN_POINT('',(-8.89,8.89,4.75));
#132=AXIS2_PLACEMENT_3D('',#133,#13,#14);
#133=CARTESIAN_POINT('',(8.89,8.89,4.75));
#134=AXIS2_PLACEMENT_3D('',#135,#13,#14);
#135=CARTESIAN_POINT('',(-8.89,6.35,4.75));
#136=AXIS2_PLACEMENT_3D('',#137,#13,#14);
#137=CARTESIAN_POINT('',(8.89,6.35,4.75));
#138=AXIS2_PLACEMENT_3D('',#139,#13,#14);
#139=CARTESIAN_POINT('',(-8.89,3.81,4.75));
#140=AXIS2_PLACEMENT_3D('',#141,#13,#14);
#141=CARTESIAN_POINT('',(8.89,3.81,4.75));
#142=AXIS2_PLACEMENT_3D('',#143,#13,#14);
#143=CARTESIAN_POINT('',(-8.89,1.27,4.75));
#144=AXIS2_PLACEMENT_3D('',#145,#13,#14);
#145=CARTESIAN_POINT('',(8.89,1.27,4.75));
#146=AXIS2_PLACEMENT_3D('',#147,#13,#14);
#147=CARTESIAN_POINT('',(-8.89,-1.27,4.75));
#148=AXIS2_PLACEMENT_3D('',#149,#13,#14);
#149=CARTESIAN_POINT('',(8.89,-1.27,4.75));
#150=AXIS2_PLACEMENT_3D('',#151,#13,#14);
#151=CARTESIAN_POINT('',(-8.89,-3.81,4.75));
#152=AXIS2_PLACEMENT_3D('',#153,#13,#14);
#153=CARTESIAN_POINT('',(8.89,-3.81,4.75));
#154=AXIS2_PLACEMENT_3D('',#155,#13,#14);
#155=CARTESIAN_POINT('',(-8.89,-6.35,4.75));
#156=AXIS2_PLACEMENT_3D('',#157,#13,#14);
#157=CARTESIAN_POINT('',(8.89,-6.35,4.75));
#158=AXIS2_PLACEMENT_3D('',#159,#13,#14);
#159=CARTESIAN_POINT('',(-8.89,-8.89,4.75));
#160=AXIS2_PLACEMENT_3D('',#161,#13,#14);
#161=CARTESIAN_POINT('',(8.89,-8.89,4.75));
#162=AXIS2_PLACEMENT_3D('',#163,#13,#14);
#163=CARTESIAN_POINT('',(-8.89,-11.43,4.75));
#164=AXIS2_PLACEMENT_3D('',#165,#13,#14);
#165=CARTESIAN_POINT('',(8.89,-11.43,4.75));
#166=AXIS2_PLACEMENT_3D('',#167,#13,#14);
#167=CARTESIAN_POINT('',(-8.89,-13.97,4.75));
#168=AXIS2_PLACEMENT_3D('',#169,#13,#14);
#169=CARTESIAN_POINT('',(8.89,-13.97,4.75));
#170=AXIS2_PLACEMENT_3D('',#171,#13,#14);
#171=CARTESIAN_POINT('',(-8.89,-16.51,4.75));
#172=AXIS2_PLACEMENT_3D('',#173,#13,#14);
#173=CARTESIAN_POINT('',(8.89,-16.51,4.75));
#174=AXIS2_PLACEMENT_3D('',#175,#13,#14);
#175=CARTESIAN_POINT('',(-8.89,-19.05,4.75));
#176=AXIS2_PLACEMENT_3D('',#177,#13,#14);
#177=CARTESIAN_POINT('',(8.89,-19.05,4.75));
#178=AXIS2_PLACEMENT_3D('',#179,#13,#14);
#179=CARTESIAN_POINT('',(-8.89,-21.59,4.75));
#180=AXIS2_PLACEMENT_3D('',#181,#13,#14);
#181=CARTESIAN_POINT('',(8.89,-21.59,4.75));
#182=AXIS2_PLACEMENT_3D('',#183,#13,#14);
#183=CARTESIAN_POINT('',(-8.89,-24.13,4.75));
#184=AXIS2_PLACEMENT_3D('',#185,#13,#14);
#185=CARTESIAN_POINT('',(8.89,-24.13,4.75));
#186=AXIS2_PLACEMENT_3D('',#187,#13,#14);
#187=CARTESIAN_POINT('',(0.5841,-5.7,4.75));
#188=AXIS2_PLACEMENT_3D('',#189,#13,#14);
#189=CARTESIAN_POINT('',(3.1241,-5.7,4.75));
#190=AXIS2_PLACEMENT_3D('',#191,#13,#14);
#191=CARTESIAN_POINT('',(5.6641,-5.7,4.75));
#192=( GEOMETRIC_REPRESENTATION_CONTEXT(3)GLOBAL_UNCERTAINTY_ASSIGNED_CONTEXT((#196)) GLOBAL_UNIT_ASSIGNED_CONTEXT((#193,#194,#195)) REPRESENTATION_CONTEXT('Context #1','3D Context with UNIT and UNCERTAINTY') );
#193=( LENGTH_UNIT() NAMED_UNIT(*) SI_UNIT(.MILLI.,.METRE.) );
#194=( NAMED_UNIT(*) PLANE_ANGLE_UNIT() SI_UNIT($,.RADIAN.) );
#195=( NAMED_UNIT(*) SI_UNIT($,.STERADIAN.) SOLID_ANGLE_UNIT() );
#196=UNCERTAINTY_MEASURE_WITH_UNIT(LENGTH_MEASURE(1.E-07),#193,'distance_accuracy_value','confusion accuracy');
#197=PRODUCT_RELATED_PRODUCT_CATEGORY('part',$,(#7));
#198=SHAPE_DEFINITION_REPRESENTATION(#199,#204);
#199=PRODUCT_DEFINITION_SHAPE('','',#200);
#200=PRODUCT_DEFINITION('design','',#201,#203);
#201=PRODUCT_DEFINITION_FORMATION('','',#202);
#202=PRODUCT('PCB','PCB','',(#8));
#203=PRODUCT_DEFINITION_CONTEXT('part definition',#2,'design');
#204=ADVANCED_BREP_SHAPE_REPRESENTATION('',(#11,#205),#4110);
#205=MANIFOLD_SOLID_BREP('',#206);
#206=CLOSED_SHELL('',(#207,#235,#259,#283,#1277,#2268,#2279,#2291,#2306,#2318,#2327,#2338,#2350,#2362,#2371,#2382,#2394,#2406,#2415,#2426,#2438,#2450,#2459,#2470,#2482,#2494,#2503,#2514,#2526,#2538,#2547,#2558,#2570,#2582,#2590,#2600,#2609,#2620,#2632,#2644,#2653,#2664,#2676,#2688,#2697,#2708,#2720,#2732,#2741,#2752,#2764,#2776,#2785,#2796,#2808,#2820,#2829,#2840,#2852,#2864,#2873,#2884,#2896,#2908,#2917,#2928,#2940,#2952,#2961,#2972,#2984,#2996,#3005,#3016,#3028,#3040,#3049,#3060,#3072,#3084,#3093,#3104,#3116,#3128,#3137,#3148,#3160,#3172,#3181,#3192,#3204,#3216,#3225,#3236,#3248,#3260,#3269,#3280,#3292,#3304,#3313,#3324,#3336,#3348,#3357,#3368,#3380,#3392,#3401,#3412,#3424,#3436,#3445,#3456,#3465,#3477,#3489,#3498,#3509,#3521,#3533,#3542,#3553,#3565,#3577,#3586,#3597,#3609,#3621,#3630,#3641,#3653,#3665,#3674,#3685,#3697,#3709,#3718,#3729,#3741,#3753,#3762,#3773,#3785,#3797,#3806,#3817,#3829,#3841,#3850,#3861,#3873,#3885,#3894,#3905,#3917,#3929,#3938,#3949,#3961,#3973,#3982,#3993,#4005,#4017,#4026,#4034,#4044,#4056,#4068,#4080,#4090,#4100));
#207=ADVANCED_FACE('',(#208),#232,.T.);
#208=FACE_BOUND('',#209,.T.);
#209=EDGE_LOOP('',(#210,#218,#224,#229));
#210=ORIENTED_EDGE('',*,*,#211,.T.);
#211=EDGE_CURVE('',#212,#214,#216,.T.);
#212=VERTEX_POINT('',#213);
#213=CARTESIAN_POINT('',(-10.5,25.5,0.));
#214=VERTEX_POINT('',#215);
#215=CARTESIAN_POINT('',(-10.5,25.5,1.6));
#216=LINE('',#213,#217);
#217=VECTOR('',#13,1.);
#218=ORIENTED_EDGE('',*,*,#219,.T.);
#219=EDGE_CURVE('',#214,#220,#222,.T.);
#220=VERTEX_POINT('',#221);
#221=CARTESIAN_POINT('',(10.5,25.5,1.6));
#222=LINE('',#215,#223);
#223=VECTOR('',#14,1.);
#224=ORIENTED_EDGE('',*,*,#225,.F.);
#225=EDGE_CURVE('',#226,#220,#228,.T.);
#226=VERTEX_POINT('',#227);
#227=CARTESIAN_POINT('',(10.5,25.5,0.));
#228=LINE('',#227,#217);
#229=ORIENTED_EDGE('',*,*,#230,.F.);
#230=EDGE_CURVE('',#212,#226,#231,.T.);
#231=LINE('',#213,#223);
#232=PLANE('',#233);
#233=AXIS2_PLACEMENT_3D('',#213,#234,#14);
#234=DIRECTION('',(0.,1.,0.));
#235=ADVANCED_FACE('',(#236),#256,.T.);
#236=FACE_BOUND('',#237,.T.);
#237=EDGE_LOOP('',(#238,#245,#251,#255));
#238=ORIENTED_EDGE('',*,*,#239,.F.);
#239=EDGE_CURVE('',#240,#212,#242,.T.);
#240=VERTEX_POINT('',#241);
#241=CARTESIAN_POINT('',(-10.5,24.93,0.));
#242=LINE('',#243,#244);
#243=CARTESIAN_POINT('',(-10.5,-25.5,0.));
#244=VECTOR('',#234,1.);
#245=ORIENTED_EDGE('',*,*,#246,.T.);
#246=EDGE_CURVE('',#240,#247,#249,.T.);
#247=VERTEX_POINT('',#248);
#248=CARTESIAN_POINT('',(-10.5,24.93,1.6));
#249=LINE('',#250,#217);
#250=CARTESIAN_POINT('',(-10.5,24.93,-25.5000001));
#251=ORIENTED_EDGE('',*,*,#252,.T.);
#252=EDGE_CURVE('',#247,#214,#253,.T.);
#253=LINE('',#254,#244);
#254=CARTESIAN_POINT('',(-10.5,-25.5,1.6));
#255=ORIENTED_EDGE('',*,*,#211,.F.);
#256=PLANE('',#257);
#257=AXIS2_PLACEMENT_3D('',#243,#258,#234);
#258=DIRECTION('',(-1.,0.,0.));
#259=ADVANCED_FACE('',(#260),#281,.T.);
#260=FACE_BOUND('',#261,.T.);
#261=EDGE_LOOP('',(#262,#269,#270,#275));
#262=ORIENTED_EDGE('',*,*,#263,.F.);
#263=EDGE_CURVE('',#226,#264,#266,.T.);
#264=VERTEX_POINT('',#265);
#265=CARTESIAN_POINT('',(10.5,24.93,0.));
#266=LINE('',#227,#267);
#267=VECTOR('',#268,1.);
#268=DIRECTION('',(0.,-1.,0.));
#269=ORIENTED_EDGE('',*,*,#225,.T.);
#270=ORIENTED_EDGE('',*,*,#271,.T.);
#271=EDGE_CURVE('',#220,#272,#274,.T.);
#272=VERTEX_POINT('',#273);
#273=CARTESIAN_POINT('',(10.5,24.93,1.6));
#274=LINE('',#221,#267);
#275=ORIENTED_EDGE('',*,*,#276,.T.);
#276=EDGE_CURVE('',#272,#264,#277,.T.);
#277=LINE('',#278,#279);
#278=CARTESIAN_POINT('',(10.5,24.93,-25.50000015));
#279=VECTOR('',#280,1.);
#280=DIRECTION('',(0.,0.,-1.));
#281=PLANE('',#282);
#282=AXIS2_PLACEMENT_3D('',#227,#14,#268);
#283=ADVANCED_FACE('',(#284,#1212,#1221,#1231,#1239,#1248,#1257,#1266),#1275,.T.);
#284=FACE_BOUND('',#285,.T.);
#285=EDGE_LOOP('',(#286,#295,#302,#306,#312,#319,#325,#329,#335,#342,#348,#352,#358,#365,#371,#375,#381,#388,#394,#398,#404,#411,#417,#421,#427,#434,#440,#444,#450,#457,#463,#467,#473,#480,#486,#490,#496,#503,#509,#513,#519,#526,#532,#536,#542,#549,#555,#559,#565,#572,#578,#582,#588,#595,#599,#600,#601,#602,#608,#615,#621,#625,#631,#638,#644,#648,#654,#661,#667,#671,#677,#684,#690,#694,#700,#707,#713,#717,#723,#730,#736,#740,#746,#753,#759,#763,#769,#776,#782,#786,#792,#799,#805,#809,#815,#822,#828,#832,#838,#845,#851,#855,#861,#868,#874,#878,#884,#891,#897,#901,#907,#914,#920,#924,#930,#937,#943,#947,#953,#960,#966,#970,#976,#983,#989,#993,#999,#1006,#1012,#1016,#1022,#1029,#1035,#1039,#1045,#1052,#1058,#1062,#1066,#1070,#1076,#1083,#1089,#1093,#1099,#1106,#1112,#1116,#1122,#1129,#1135,#1139,#1145,#1152,#1158,#1162,#1168,#1175,#1181,#1185,#1191,#1198,#1204,#1208));
#286=ORIENTED_EDGE('',*,*,#287,.T.);
#287=EDGE_CURVE('',#288,#290,#292,.T.);
#288=VERTEX_POINT('',#289);
#289=CARTESIAN_POINT('',(-8.89,-9.69,0.));
#290=VERTEX_POINT('',#291);
#291=CARTESIAN_POINT('',(-8.89,-8.09,0.));
#292=CIRCLE('',#293,0.8);
#293=AXIS2_PLACEMENT_3D('',#294,#13,#268);
#294=CARTESIAN_POINT('',(-8.89,-8.89,0.));
#295=ORIENTED_EDGE('',*,*,#296,.T.);
#296=EDGE_CURVE('',#290,#297,#299,.T.);
#297=VERTEX_POINT('',#298);
#298=CARTESIAN_POINT('',(-10.5,-8.09,0.));
#299=LINE('',#300,#301);
#300=CARTESIAN_POINT('',(-4.445,-8.09,0.));
#301=VECTOR('',#258,1.);
#302=ORIENTED_EDGE('',*,*,#303,.T.);
#303=EDGE_CURVE('',#297,#304,#242,.T.);
#304=VERTEX_POINT('',#305);
#305=CARTESIAN_POINT('',(-10.5,-7.15,0.));
#306=ORIENTED_EDGE('',*,*,#307,.T.);
#307=EDGE_CURVE('',#304,#308,#310,.T.);
#308=VERTEX_POINT('',#309);
#309=CARTESIAN_POINT('',(-8.89,-7.15,0.));
#310=LINE('',#311,#223);
#311=CARTESIAN_POINT('',(-6.055,-7.15,0.));
#312=ORIENTED_EDGE('',*,*,#313,.T.);
#313=EDGE_CURVE('',#308,#314,#316,.T.);
#314=VERTEX_POINT('',#315);
#315=CARTESIAN_POINT('',(-8.89,-5.55,0.));
#316=CIRCLE('',#317,0.8);
#317=AXIS2_PLACEMENT_3D('',#318,#13,#268);
#318=CARTESIAN_POINT('',(-8.89,-6.35,0.));
#319=ORIENTED_EDGE('',*,*,#320,.T.);
#320=EDGE_CURVE('',#314,#321,#323,.T.);
#321=VERTEX_POINT('',#322);
#322=CARTESIAN_POINT('',(-10.5,-5.55,0.));
#323=LINE('',#324,#301);
#324=CARTESIAN_POINT('',(-4.445,-5.55,0.));
#325=ORIENTED_EDGE('',*,*,#326,.T.);
#326=EDGE_CURVE('',#321,#327,#242,.T.);
#327=VERTEX_POINT('',#328);
#328=CARTESIAN_POINT('',(-10.5,-4.61,0.));
#329=ORIENTED_EDGE('',*,*,#330,.T.);
#330=EDGE_CURVE('',#327,#331,#333,.T.);
#331=VERTEX_POINT('',#332);
#332=CARTESIAN_POINT('',(-8.89,-4.61,0.));
#333=LINE('',#334,#223);
#334=CARTESIAN_POINT('',(-6.055,-4.61,0.));
#335=ORIENTED_EDGE('',*,*,#336,.T.);
#336=EDGE_CURVE('',#331,#337,#339,.T.);
#337=VERTEX_POINT('',#338);
#338=CARTESIAN_POINT('',(-8.89,-3.01,0.));
#339=CIRCLE('',#340,0.8);
#340=AXIS2_PLACEMENT_3D('',#341,#13,#268);
#341=CARTESIAN_POINT('',(-8.89,-3.81,0.));
#342=ORIENTED_EDGE('',*,*,#343,.T.);
#343=EDGE_CURVE('',#337,#344,#346,.T.);
#344=VERTEX_POINT('',#345);
#345=CARTESIAN_POINT('',(-10.5,-3.01,0.));
#346=LINE('',#347,#301);
#347=CARTESIAN_POINT('',(-4.445,-3.01,0.));
#348=ORIENTED_EDGE('',*,*,#349,.T.);
#349=EDGE_CURVE('',#344,#350,#242,.T.);
#350=VERTEX_POINT('',#351);
#351=CARTESIAN_POINT('',(-10.5,-2.07,0.));
#352=ORIENTED_EDGE('',*,*,#353,.T.);
#353=EDGE_CURVE('',#350,#354,#356,.T.);
#354=VERTEX_POINT('',#355);
#355=CARTESIAN_POINT('',(-8.89,-2.07,0.));
#356=LINE('',#357,#223);
#357=CARTESIAN_POINT('',(-6.055,-2.07,0.));
#358=ORIENTED_EDGE('',*,*,#359,.T.);
#359=EDGE_CURVE('',#354,#360,#362,.T.);
#360=VERTEX_POINT('',#361);
#361=CARTESIAN_POINT('',(-8.89,-0.47,0.));
#362=CIRCLE('',#363,0.8);
#363=AXIS2_PLACEMENT_3D('',#364,#13,#268);
#364=CARTESIAN_POINT('',(-8.89,-1.27,0.));
#365=ORIENTED_EDGE('',*,*,#366,.T.);
#366=EDGE_CURVE('',#360,#367,#369,.T.);
#367=VERTEX_POINT('',#368);
#368=CARTESIAN_POINT('',(-10.5,-0.47,0.));
#369=LINE('',#370,#301);
#370=CARTESIAN_POINT('',(-4.445,-0.47,0.));
#371=ORIENTED_EDGE('',*,*,#372,.T.);
#372=EDGE_CURVE('',#367,#373,#242,.T.);
#373=VERTEX_POINT('',#374);
#374=CARTESIAN_POINT('',(-10.5,0.47,0.));
#375=ORIENTED_EDGE('',*,*,#376,.T.);
#376=EDGE_CURVE('',#373,#377,#379,.T.);
#377=VERTEX_POINT('',#378);
#378=CARTESIAN_POINT('',(-8.89,0.47,0.));
#379=LINE('',#380,#223);
#380=CARTESIAN_POINT('',(-6.055,0.47,0.));
#381=ORIENTED_EDGE('',*,*,#382,.T.);
#382=EDGE_CURVE('',#377,#383,#385,.T.);
#383=VERTEX_POINT('',#384);
#384=CARTESIAN_POINT('',(-8.89,2.07,0.));
#385=CIRCLE('',#386,0.8);
#386=AXIS2_PLACEMENT_3D('',#387,#13,#268);
#387=CARTESIAN_POINT('',(-8.89,1.27,0.));
#388=ORIENTED_EDGE('',*,*,#389,.T.);
#389=EDGE_CURVE('',#383,#390,#392,.T.);
#390=VERTEX_POINT('',#391);
#391=CARTESIAN_POINT('',(-10.5,2.07,0.));
#392=LINE('',#393,#301);
#393=CARTESIAN_POINT('',(-4.445,2.07,0.));
#394=ORIENTED_EDGE('',*,*,#395,.T.);
#395=EDGE_CURVE('',#390,#396,#242,.T.);
#396=VERTEX_POINT('',#397);
#397=CARTESIAN_POINT('',(-10.5,3.01,0.));
#398=ORIENTED_EDGE('',*,*,#399,.T.);
#399=EDGE_CURVE('',#396,#400,#402,.T.);
#400=VERTEX_POINT('',#401);
#401=CARTESIAN_POINT('',(-8.89,3.01,0.));
#402=LINE('',#403,#223);
#403=CARTESIAN_POINT('',(-6.055,3.01,0.));
#404=ORIENTED_EDGE('',*,*,#405,.T.);
#405=EDGE_CURVE('',#400,#406,#408,.T.);
#406=VERTEX_POINT('',#407);
#407=CARTESIAN_POINT('',(-8.89,4.61,0.));
#408=CIRCLE('',#409,0.8);
#409=AXIS2_PLACEMENT_3D('',#410,#13,#268);
#410=CARTESIAN_POINT('',(-8.89,3.81,0.));
#411=ORIENTED_EDGE('',*,*,#412,.T.);
#412=EDGE_CURVE('',#406,#413,#415,.T.);
#413=VERTEX_POINT('',#414);
#414=CARTESIAN_POINT('',(-10.5,4.61,0.));
#415=LINE('',#416,#301);
#416=CARTESIAN_POINT('',(-4.445,4.61,0.));
#417=ORIENTED_EDGE('',*,*,#418,.T.);
#418=EDGE_CURVE('',#413,#419,#242,.T.);
#419=VERTEX_POINT('',#420);
#420=CARTESIAN_POINT('',(-10.5,5.55,0.));
#421=ORIENTED_EDGE('',*,*,#422,.T.);
#422=EDGE_CURVE('',#419,#423,#425,.T.);
#423=VERTEX_POINT('',#424);
#424=CARTESIAN_POINT('',(-8.89,5.55,0.));
#425=LINE('',#426,#223);
#426=CARTESIAN_POINT('',(-6.055,5.55,0.));
#427=ORIENTED_EDGE('',*,*,#428,.T.);
#428=EDGE_CURVE('',#423,#429,#431,.T.);
#429=VERTEX_POINT('',#430);
#430=CARTESIAN_POINT('',(-8.89,7.15,0.));
#431=CIRCLE('',#432,0.8);
#432=AXIS2_PLACEMENT_3D('',#433,#13,#268);
#433=CARTESIAN_POINT('',(-8.89,6.35,0.));
#434=ORIENTED_EDGE('',*,*,#435,.T.);
#435=EDGE_CURVE('',#429,#436,#438,.T.);
#436=VERTEX_POINT('',#437);
#437=CARTESIAN_POINT('',(-10.5,7.15,0.));
#438=LINE('',#439,#301);
#439=CARTESIAN_POINT('',(-4.445,7.15,0.));
#440=ORIENTED_EDGE('',*,*,#441,.T.);
#441=EDGE_CURVE('',#436,#442,#242,.T.);
#442=VERTEX_POINT('',#443);
#443=CARTESIAN_POINT('',(-10.5,8.09,0.));
#444=ORIENTED_EDGE('',*,*,#445,.T.);
#445=EDGE_CURVE('',#442,#446,#448,.T.);
#446=VERTEX_POINT('',#447);
#447=CARTESIAN_POINT('',(-8.89,8.09,0.));
#448=LINE('',#449,#223);
#449=CARTESIAN_POINT('',(-6.055,8.09,0.));
#450=ORIENTED_EDGE('',*,*,#451,.T.);
#451=EDGE_CURVE('',#446,#452,#454,.T.);
#452=VERTEX_POINT('',#453);
#453=CARTESIAN_POINT('',(-8.89,9.69,0.));
#454=CIRCLE('',#455,0.8);
#455=AXIS2_PLACEMENT_3D('',#456,#13,#268);
#456=CARTESIAN_POINT('',(-8.89,8.89,0.));
#457=ORIENTED_EDGE('',*,*,#458,.T.);
#458=EDGE_CURVE('',#452,#459,#461,.T.);
#459=VERTEX_POINT('',#460);
#460=CARTESIAN_POINT('',(-10.5,9.69,0.));
#461=LINE('',#462,#301);
#462=CARTESIAN_POINT('',(-4.445,9.69,0.));
#463=ORIENTED_EDGE('',*,*,#464,.T.);
#464=EDGE_CURVE('',#459,#465,#242,.T.);
#465=VERTEX_POINT('',#466);
#466=CARTESIAN_POINT('',(-10.5,10.63,0.));
#467=ORIENTED_EDGE('',*,*,#468,.T.);
#468=EDGE_CURVE('',#465,#469,#471,.T.);
#469=VERTEX_POINT('',#470);
#470=CARTESIAN_POINT('',(-8.89,10.63,0.));
#471=LINE('',#472,#223);
#472=CARTESIAN_POINT('',(-6.055,10.63,0.));
#473=ORIENTED_EDGE('',*,*,#474,.T.);
#474=EDGE_CURVE('',#469,#475,#477,.T.);
#475=VERTEX_POINT('',#476);
#476=CARTESIAN_POINT('',(-8.89,12.23,0.));
#477=CIRCLE('',#478,0.8);
#478=AXIS2_PLACEMENT_3D('',#479,#13,#268);
#479=CARTESIAN_POINT('',(-8.89,11.43,0.));
#480=ORIENTED_EDGE('',*,*,#481,.T.);
#481=EDGE_CURVE('',#475,#482,#484,.T.);
#482=VERTEX_POINT('',#483);
#483=CARTESIAN_POINT('',(-10.5,12.23,0.));
#484=LINE('',#485,#301);
#485=CARTESIAN_POINT('',(-4.445,12.23,0.));
#486=ORIENTED_EDGE('',*,*,#487,.T.);
#487=EDGE_CURVE('',#482,#488,#242,.T.);
#488=VERTEX_POINT('',#489);
#489=CARTESIAN_POINT('',(-10.5,13.17,0.));
#490=ORIENTED_EDGE('',*,*,#491,.T.);
#491=EDGE_CURVE('',#488,#492,#494,.T.);
#492=VERTEX_POINT('',#493);
#493=CARTESIAN_POINT('',(-8.89,13.17,0.));
#494=LINE('',#495,#223);
#495=CARTESIAN_POINT('',(-6.055,13.17,0.));
#496=ORIENTED_EDGE('',*,*,#497,.T.);
#497=EDGE_CURVE('',#492,#498,#500,.T.);
#498=VERTEX_POINT('',#499);
#499=CARTESIAN_POINT('',(-8.89,14.77,0.));
#500=CIRCLE('',#501,0.8);
#501=AXIS2_PLACEMENT_3D('',#502,#13,#268);
#502=CARTESIAN_POINT('',(-8.89,13.97,0.));
#503=ORIENTED_EDGE('',*,*,#504,.T.);
#504=EDGE_CURVE('',#498,#505,#507,.T.);
#505=VERTEX_POINT('',#506);
#506=CARTESIAN_POINT('',(-10.5,14.77,0.));
#507=LINE('',#508,#301);
#508=CARTESIAN_POINT('',(-4.445,14.77,0.));
#509=ORIENTED_EDGE('',*,*,#510,.T.);
#510=EDGE_CURVE('',#505,#511,#242,.T.);
#511=VERTEX_POINT('',#512);
#512=CARTESIAN_POINT('',(-10.5,15.71,0.));
#513=ORIENTED_EDGE('',*,*,#514,.T.);
#514=EDGE_CURVE('',#511,#515,#517,.T.);
#515=VERTEX_POINT('',#516);
#516=CARTESIAN_POINT('',(-8.89,15.71,0.));
#517=LINE('',#518,#223);
#518=CARTESIAN_POINT('',(-6.055,15.71,0.));
#519=ORIENTED_EDGE('',*,*,#520,.T.);
#520=EDGE_CURVE('',#515,#521,#523,.T.);
#521=VERTEX_POINT('',#522);
#522=CARTESIAN_POINT('',(-8.89,17.31,0.));
#523=CIRCLE('',#524,0.8);
#524=AXIS2_PLACEMENT_3D('',#525,#13,#268);
#525=CARTESIAN_POINT('',(-8.89,16.51,0.));
#526=ORIENTED_EDGE('',*,*,#527,.T.);
#527=EDGE_CURVE('',#521,#528,#530,.T.);
#528=VERTEX_POINT('',#529);
#529=CARTESIAN_POINT('',(-10.5,17.31,0.));
#530=LINE('',#531,#301);
#531=CARTESIAN_POINT('',(-4.445,17.31,0.));
#532=ORIENTED_EDGE('',*,*,#533,.T.);
#533=EDGE_CURVE('',#528,#534,#242,.T.);
#534=VERTEX_POINT('',#535);
#535=CARTESIAN_POINT('',(-10.5,18.25,0.));
#536=ORIENTED_EDGE('',*,*,#537,.T.);
#537=EDGE_CURVE('',#534,#538,#540,.T.);
#538=VERTEX_POINT('',#539);
#539=CARTESIAN_POINT('',(-8.89,18.25,0.));
#540=LINE('',#541,#223);
#541=CARTESIAN_POINT('',(-6.055,18.25,0.));
#542=ORIENTED_EDGE('',*,*,#543,.T.);
#543=EDGE_CURVE('',#538,#544,#546,.T.);
#544=VERTEX_POINT('',#545);
#545=CARTESIAN_POINT('',(-8.89,19.85,0.));
#546=CIRCLE('',#547,0.8);
#547=AXIS2_PLACEMENT_3D('',#548,#13,#268);
#548=CARTESIAN_POINT('',(-8.89,19.05,0.));
#549=ORIENTED_EDGE('',*,*,#550,.T.);
#550=EDGE_CURVE('',#544,#551,#553,.T.);
#551=VERTEX_POINT('',#552);
#552=CARTESIAN_POINT('',(-10.5,19.85,0.));
#553=LINE('',#554,#301);
#554=CARTESIAN_POINT('',(-4.445,19.85,0.));
#555=ORIENTED_EDGE('',*,*,#556,.T.);
#556=EDGE_CURVE('',#551,#557,#242,.T.);
#557=VERTEX_POINT('',#558);
#558=CARTESIAN_POINT('',(-10.5,20.79,0.));
#559=ORIENTED_EDGE('',*,*,#560,.T.);
#560=EDGE_CURVE('',#557,#561,#563,.T.);
#561=VERTEX_POINT('',#562);
#562=CARTESIAN_POINT('',(-8.89,20.79,0.));
#563=LINE('',#564,#223);
#564=CARTESIAN_POINT('',(-6.055,20.79,0.));
#565=ORIENTED_EDGE('',*,*,#566,.T.);
#566=EDGE_CURVE('',#561,#567,#569,.T.);
#567=VERTEX_POINT('',#568);
#568=CARTESIAN_POINT('',(-8.89,22.39,0.));
#569=CIRCLE('',#570,0.8);
#570=AXIS2_PLACEMENT_3D('',#571,#13,#268);
#571=CARTESIAN_POINT('',(-8.89,21.59,0.));
#572=ORIENTED_EDGE('',*,*,#573,.T.);
#573=EDGE_CURVE('',#567,#574,#576,.T.);
#574=VERTEX_POINT('',#575);
#575=CARTESIAN_POINT('',(-10.5,22.39,0.));
#576=LINE('',#577,#301);
#577=CARTESIAN_POINT('',(-4.445,22.39,0.));
#578=ORIENTED_EDGE('',*,*,#579,.T.);
#579=EDGE_CURVE('',#574,#580,#242,.T.);
#580=VERTEX_POINT('',#581);
#581=CARTESIAN_POINT('',(-10.5,23.33,0.));
#582=ORIENTED_EDGE('',*,*,#583,.T.);
#583=EDGE_CURVE('',#580,#584,#586,.T.);
#584=VERTEX_POINT('',#585);
#585=CARTESIAN_POINT('',(-8.89,23.33,0.));
#586=LINE('',#587,#223);
#587=CARTESIAN_POINT('',(-6.055,23.33,0.));
#588=ORIENTED_EDGE('',*,*,#589,.T.);
#589=EDGE_CURVE('',#584,#590,#592,.T.);
#590=VERTEX_POINT('',#591);
#591=CARTESIAN_POINT('',(-8.89,24.93,0.));
#592=CIRCLE('',#593,0.8);
#593=AXIS2_PLACEMENT_3D('',#594,#13,#268);
#594=CARTESIAN_POINT('',(-8.89,24.13,0.));
#595=ORIENTED_EDGE('',*,*,#596,.T.);
#596=EDGE_CURVE('',#590,#240,#597,.T.);
#597=LINE('',#598,#301);
#598=CARTESIAN_POINT('',(-4.445,24.93,0.));
#599=ORIENTED_EDGE('',*,*,#239,.T.);
#600=ORIENTED_EDGE('',*,*,#230,.T.);
#601=ORIENTED_EDGE('',*,*,#263,.T.);
#602=ORIENTED_EDGE('',*,*,#603,.T.);
#603=EDGE_CURVE('',#264,#604,#606,.T.);
#604=VERTEX_POINT('',#605);
#605=CARTESIAN_POINT('',(8.89,24.93,0.));
#606=LINE('',#607,#301);
#607=CARTESIAN_POINT('',(6.055,24.93,0.));
#608=ORIENTED_EDGE('',*,*,#609,.T.);
#609=EDGE_CURVE('',#604,#610,#612,.T.);
#610=VERTEX_POINT('',#611);
#611=CARTESIAN_POINT('',(8.89,23.33,0.));
#612=CIRCLE('',#613,0.8);
#613=AXIS2_PLACEMENT_3D('',#614,#13,#234);
#614=CARTESIAN_POINT('',(8.89,24.13,0.));
#615=ORIENTED_EDGE('',*,*,#616,.T.);
#616=EDGE_CURVE('',#610,#617,#619,.T.);
#617=VERTEX_POINT('',#618);
#618=CARTESIAN_POINT('',(10.5,23.33,0.));
#619=LINE('',#620,#223);
#620=CARTESIAN_POINT('',(4.445,23.33,0.));
#621=ORIENTED_EDGE('',*,*,#622,.T.);
#622=EDGE_CURVE('',#617,#623,#266,.T.);
#623=VERTEX_POINT('',#624);
#624=CARTESIAN_POINT('',(10.5,22.39,0.));
#625=ORIENTED_EDGE('',*,*,#626,.T.);
#626=EDGE_CURVE('',#623,#627,#629,.T.);
#627=VERTEX_POINT('',#628);
#628=CARTESIAN_POINT('',(8.89,22.39,0.));
#629=LINE('',#630,#301);
#630=CARTESIAN_POINT('',(6.055,22.39,0.));
#631=ORIENTED_EDGE('',*,*,#632,.T.);
#632=EDGE_CURVE('',#627,#633,#635,.T.);
#633=VERTEX_POINT('',#634);
#634=CARTESIAN_POINT('',(8.89,20.79,0.));
#635=CIRCLE('',#636,0.8);
#636=AXIS2_PLACEMENT_3D('',#637,#13,#234);
#637=CARTESIAN_POINT('',(8.89,21.59,0.));
#638=ORIENTED_EDGE('',*,*,#639,.T.);
#639=EDGE_CURVE('',#633,#640,#642,.T.);
#640=VERTEX_POINT('',#641);
#641=CARTESIAN_POINT('',(10.5,20.79,0.));
#642=LINE('',#643,#223);
#643=CARTESIAN_POINT('',(4.445,20.79,0.));
#644=ORIENTED_EDGE('',*,*,#645,.T.);
#645=EDGE_CURVE('',#640,#646,#266,.T.);
#646=VERTEX_POINT('',#647);
#647=CARTESIAN_POINT('',(10.5,19.85,0.));
#648=ORIENTED_EDGE('',*,*,#649,.T.);
#649=EDGE_CURVE('',#646,#650,#652,.T.);
#650=VERTEX_POINT('',#651);
#651=CARTESIAN_POINT('',(8.89,19.85,0.));
#652=LINE('',#653,#301);
#653=CARTESIAN_POINT('',(6.055,19.85,0.));
#654=ORIENTED_EDGE('',*,*,#655,.T.);
#655=EDGE_CURVE('',#650,#656,#658,.T.);
#656=VERTEX_POINT('',#657);
#657=CARTESIAN_POINT('',(8.89,18.25,0.));
#658=CIRCLE('',#659,0.8);
#659=AXIS2_PLACEMENT_3D('',#660,#13,#234);
#660=CARTESIAN_POINT('',(8.89,19.05,0.));
#661=ORIENTED_EDGE('',*,*,#662,.T.);
#662=EDGE_CURVE('',#656,#663,#665,.T.);
#663=VERTEX_POINT('',#664);
#664=CARTESIAN_POINT('',(10.5,18.25,0.));
#665=LINE('',#666,#223);
#666=CARTESIAN_POINT('',(4.445,18.25,0.));
#667=ORIENTED_EDGE('',*,*,#668,.T.);
#668=EDGE_CURVE('',#663,#669,#266,.T.);
#669=VERTEX_POINT('',#670);
#670=CARTESIAN_POINT('',(10.5,17.31,0.));
#671=ORIENTED_EDGE('',*,*,#672,.T.);
#672=EDGE_CURVE('',#669,#673,#675,.T.);
#673=VERTEX_POINT('',#674);
#674=CARTESIAN_POINT('',(8.89,17.31,0.));
#675=LINE('',#676,#301);
#676=CARTESIAN_POINT('',(6.055,17.31,0.));
#677=ORIENTED_EDGE('',*,*,#678,.T.);
#678=EDGE_CURVE('',#673,#679,#681,.T.);
#679=VERTEX_POINT('',#680);
#680=CARTESIAN_POINT('',(8.89,15.71,0.));
#681=CIRCLE('',#682,0.8);
#682=AXIS2_PLACEMENT_3D('',#683,#13,#234);
#683=CARTESIAN_POINT('',(8.89,16.51,0.));
#684=ORIENTED_EDGE('',*,*,#685,.T.);
#685=EDGE_CURVE('',#679,#686,#688,.T.);
#686=VERTEX_POINT('',#687);
#687=CARTESIAN_POINT('',(10.5,15.71,0.));
#688=LINE('',#689,#223);
#689=CARTESIAN_POINT('',(4.445,15.71,0.));
#690=ORIENTED_EDGE('',*,*,#691,.T.);
#691=EDGE_CURVE('',#686,#692,#266,.T.);
#692=VERTEX_POINT('',#693);
#693=CARTESIAN_POINT('',(10.5,14.77,0.));
#694=ORIENTED_EDGE('',*,*,#695,.T.);
#695=EDGE_CURVE('',#692,#696,#698,.T.);
#696=VERTEX_POINT('',#697);
#697=CARTESIAN_POINT('',(8.89,14.77,0.));
#698=LINE('',#699,#301);
#699=CARTESIAN_POINT('',(6.055,14.77,0.));
#700=ORIENTED_EDGE('',*,*,#701,.T.);
#701=EDGE_CURVE('',#696,#702,#704,.T.);
#702=VERTEX_POINT('',#703);
#703=CARTESIAN_POINT('',(8.89,13.17,0.));
#704=CIRCLE('',#705,0.8);
#705=AXIS2_PLACEMENT_3D('',#706,#13,#234);
#706=CARTESIAN_POINT('',(8.89,13.97,0.));
#707=ORIENTED_EDGE('',*,*,#708,.T.);
#708=EDGE_CURVE('',#702,#709,#711,.T.);
#709=VERTEX_POINT('',#710);
#710=CARTESIAN_POINT('',(10.5,13.17,0.));
#711=LINE('',#712,#223);
#712=CARTESIAN_POINT('',(4.445,13.17,0.));
#713=ORIENTED_EDGE('',*,*,#714,.T.);
#714=EDGE_CURVE('',#709,#715,#266,.T.);
#715=VERTEX_POINT('',#716);
#716=CARTESIAN_POINT('',(10.5,12.23,0.));
#717=ORIENTED_EDGE('',*,*,#718,.T.);
#718=EDGE_CURVE('',#715,#719,#721,.T.);
#719=VERTEX_POINT('',#720);
#720=CARTESIAN_POINT('',(8.89,12.23,0.));
#721=LINE('',#722,#301);
#722=CARTESIAN_POINT('',(6.055,12.23,0.));
#723=ORIENTED_EDGE('',*,*,#724,.T.);
#724=EDGE_CURVE('',#719,#725,#727,.T.);
#725=VERTEX_POINT('',#726);
#726=CARTESIAN_POINT('',(8.89,10.63,0.));
#727=CIRCLE('',#728,0.8);
#728=AXIS2_PLACEMENT_3D('',#729,#13,#234);
#729=CARTESIAN_POINT('',(8.89,11.43,0.));
#730=ORIENTED_EDGE('',*,*,#731,.T.);
#731=EDGE_CURVE('',#725,#732,#734,.T.);
#732=VERTEX_POINT('',#733);
#733=CARTESIAN_POINT('',(10.5,10.63,0.));
#734=LINE('',#735,#223);
#735=CARTESIAN_POINT('',(4.445,10.63,0.));
#736=ORIENTED_EDGE('',*,*,#737,.T.);
#737=EDGE_CURVE('',#732,#738,#266,.T.);
#738=VERTEX_POINT('',#739);
#739=CARTESIAN_POINT('',(10.5,9.69,0.));
#740=ORIENTED_EDGE('',*,*,#741,.T.);
#741=EDGE_CURVE('',#738,#742,#744,.T.);
#742=VERTEX_POINT('',#743);
#743=CARTESIAN_POINT('',(8.89,9.69,0.));
#744=LINE('',#745,#301);
#745=CARTESIAN_POINT('',(6.055,9.69,0.));
#746=ORIENTED_EDGE('',*,*,#747,.T.);
#747=EDGE_CURVE('',#742,#748,#750,.T.);
#748=VERTEX_POINT('',#749);
#749=CARTESIAN_POINT('',(8.89,8.09,0.));
#750=CIRCLE('',#751,0.8);
#751=AXIS2_PLACEMENT_3D('',#752,#13,#234);
#752=CARTESIAN_POINT('',(8.89,8.89,0.));
#753=ORIENTED_EDGE('',*,*,#754,.T.);
#754=EDGE_CURVE('',#748,#755,#757,.T.);
#755=VERTEX_POINT('',#756);
#756=CARTESIAN_POINT('',(10.5,8.09,0.));
#757=LINE('',#758,#223);
#758=CARTESIAN_POINT('',(4.445,8.09,0.));
#759=ORIENTED_EDGE('',*,*,#760,.T.);
#760=EDGE_CURVE('',#755,#761,#266,.T.);
#761=VERTEX_POINT('',#762);
#762=CARTESIAN_POINT('',(10.5,7.15,0.));
#763=ORIENTED_EDGE('',*,*,#764,.T.);
#764=EDGE_CURVE('',#761,#765,#767,.T.);
#765=VERTEX_POINT('',#766);
#766=CARTESIAN_POINT('',(8.89,7.15,0.));
#767=LINE('',#768,#301);
#768=CARTESIAN_POINT('',(6.055,7.15,0.));
#769=ORIENTED_EDGE('',*,*,#770,.T.);
#770=EDGE_CURVE('',#765,#771,#773,.T.);
#771=VERTEX_POINT('',#772);
#772=CARTESIAN_POINT('',(8.89,5.55,0.));
#773=CIRCLE('',#774,0.8);
#774=AXIS2_PLACEMENT_3D('',#775,#13,#234);
#775=CARTESIAN_POINT('',(8.89,6.35,0.));
#776=ORIENTED_EDGE('',*,*,#777,.T.);
#777=EDGE_CURVE('',#771,#778,#780,.T.);
#778=VERTEX_POINT('',#779);
#779=CARTESIAN_POINT('',(10.5,5.55,0.));
#780=LINE('',#781,#223);
#781=CARTESIAN_POINT('',(4.445,5.55,0.));
#782=ORIENTED_EDGE('',*,*,#783,.T.);
#783=EDGE_CURVE('',#778,#784,#266,.T.);
#784=VERTEX_POINT('',#785);
#785=CARTESIAN_POINT('',(10.5,4.61,0.));
#786=ORIENTED_EDGE('',*,*,#787,.T.);
#787=EDGE_CURVE('',#784,#788,#790,.T.);
#788=VERTEX_POINT('',#789);
#789=CARTESIAN_POINT('',(8.89,4.61,0.));
#790=LINE('',#791,#301);
#791=CARTESIAN_POINT('',(6.055,4.61,0.));
#792=ORIENTED_EDGE('',*,*,#793,.T.);
#793=EDGE_CURVE('',#788,#794,#796,.T.);
#794=VERTEX_POINT('',#795);
#795=CARTESIAN_POINT('',(8.89,3.01,0.));
#796=CIRCLE('',#797,0.8);
#797=AXIS2_PLACEMENT_3D('',#798,#13,#234);
#798=CARTESIAN_POINT('',(8.89,3.81,0.));
#799=ORIENTED_EDGE('',*,*,#800,.T.);
#800=EDGE_CURVE('',#794,#801,#803,.T.);
#801=VERTEX_POINT('',#802);
#802=CARTESIAN_POINT('',(10.5,3.01,0.));
#803=LINE('',#804,#223);
#804=CARTESIAN_POINT('',(4.445,3.01,0.));
#805=ORIENTED_EDGE('',*,*,#806,.T.);
#806=EDGE_CURVE('',#801,#807,#266,.T.);
#807=VERTEX_POINT('',#808);
#808=CARTESIAN_POINT('',(10.5,2.07,0.));
#809=ORIENTED_EDGE('',*,*,#810,.T.);
#810=EDGE_CURVE('',#807,#811,#813,.T.);
#811=VERTEX_POINT('',#812);
#812=CARTESIAN_POINT('',(8.89,2.07,0.));
#813=LINE('',#814,#301);
#814=CARTESIAN_POINT('',(6.055,2.07,0.));
#815=ORIENTED_EDGE('',*,*,#816,.T.);
#816=EDGE_CURVE('',#811,#817,#819,.T.);
#817=VERTEX_POINT('',#818);
#818=CARTESIAN_POINT('',(8.89,0.47,0.));
#819=CIRCLE('',#820,0.8);
#820=AXIS2_PLACEMENT_3D('',#821,#13,#234);
#821=CARTESIAN_POINT('',(8.89,1.27,0.));
#822=ORIENTED_EDGE('',*,*,#823,.T.);
#823=EDGE_CURVE('',#817,#824,#826,.T.);
#824=VERTEX_POINT('',#825);
#825=CARTESIAN_POINT('',(10.5,0.47,0.));
#826=LINE('',#827,#223);
#827=CARTESIAN_POINT('',(4.445,0.47,0.));
#828=ORIENTED_EDGE('',*,*,#829,.T.);
#829=EDGE_CURVE('',#824,#830,#266,.T.);
#830=VERTEX_POINT('',#831);
#831=CARTESIAN_POINT('',(10.5,-0.47,0.));
#832=ORIENTED_EDGE('',*,*,#833,.T.);
#833=EDGE_CURVE('',#830,#834,#836,.T.);
#834=VERTEX_POINT('',#835);
#835=CARTESIAN_POINT('',(8.89,-0.47,0.));
#836=LINE('',#837,#301);
#837=CARTESIAN_POINT('',(6.055,-0.47,0.));
#838=ORIENTED_EDGE('',*,*,#839,.T.);
#839=EDGE_CURVE('',#834,#840,#842,.T.);
#840=VERTEX_POINT('',#841);
#841=CARTESIAN_POINT('',(8.89,-2.07,0.));
#842=CIRCLE('',#843,0.8);
#843=AXIS2_PLACEMENT_3D('',#844,#13,#234);
#844=CARTESIAN_POINT('',(8.89,-1.27,0.));
#845=ORIENTED_EDGE('',*,*,#846,.T.);
#846=EDGE_CURVE('',#840,#847,#849,.T.);
#847=VERTEX_POINT('',#848);
#848=CARTESIAN_POINT('',(10.5,-2.07,0.));
#849=LINE('',#850,#223);
#850=CARTESIAN_POINT('',(4.445,-2.07,0.));
#851=ORIENTED_EDGE('',*,*,#852,.T.);
#852=EDGE_CURVE('',#847,#853,#266,.T.);
#853=VERTEX_POINT('',#854);
#854=CARTESIAN_POINT('',(10.5,-3.01,0.));
#855=ORIENTED_EDGE('',*,*,#856,.T.);
#856=EDGE_CURVE('',#853,#857,#859,.T.);
#857=VERTEX_POINT('',#858);
#858=CARTESIAN_POINT('',(8.89,-3.01,0.));
#859=LINE('',#860,#301);
#860=CARTESIAN_POINT('',(6.055,-3.01,0.));
#861=ORIENTED_EDGE('',*,*,#862,.T.);
#862=EDGE_CURVE('',#857,#863,#865,.T.);
#863=VERTEX_POINT('',#864);
#864=CARTESIAN_POINT('',(8.89,-4.61,0.));
#865=CIRCLE('',#866,0.8);
#866=AXIS2_PLACEMENT_3D('',#867,#13,#234);
#867=CARTESIAN_POINT('',(8.89,-3.81,0.));
#868=ORIENTED_EDGE('',*,*,#869,.T.);
#869=EDGE_CURVE('',#863,#870,#872,.T.);
#870=VERTEX_POINT('',#871);
#871=CARTESIAN_POINT('',(10.5,-4.61,0.));
#872=LINE('',#873,#223);
#873=CARTESIAN_POINT('',(4.445,-4.61,0.));
#874=ORIENTED_EDGE('',*,*,#875,.T.);
#875=EDGE_CURVE('',#870,#876,#266,.T.);
#876=VERTEX_POINT('',#877);
#877=CARTESIAN_POINT('',(10.5,-5.55,0.));
#878=ORIENTED_EDGE('',*,*,#879,.T.);
#879=EDGE_CURVE('',#876,#880,#882,.T.);
#880=VERTEX_POINT('',#881);
#881=CARTESIAN_POINT('',(8.89,-5.55,0.));
#882=LINE('',#883,#301);
#883=CARTESIAN_POINT('',(6.055,-5.55,0.));
#884=ORIENTED_EDGE('',*,*,#885,.T.);
#885=EDGE_CURVE('',#880,#886,#888,.T.);
#886=VERTEX_POINT('',#887);
#887=CARTESIAN_POINT('',(8.89,-7.15,0.));
#888=CIRCLE('',#889,0.8);
#889=AXIS2_PLACEMENT_3D('',#890,#13,#234);
#890=CARTESIAN_POINT('',(8.89,-6.35,0.));
#891=ORIENTED_EDGE('',*,*,#892,.T.);
#892=EDGE_CURVE('',#886,#893,#895,.T.);
#893=VERTEX_POINT('',#894);
#894=CARTESIAN_POINT('',(10.5,-7.15,0.));
#895=LINE('',#896,#223);
#896=CARTESIAN_POINT('',(4.445,-7.15,0.));
#897=ORIENTED_EDGE('',*,*,#898,.T.);
#898=EDGE_CURVE('',#893,#899,#266,.T.);
#899=VERTEX_POINT('',#900);
#900=CARTESIAN_POINT('',(10.5,-8.09,0.));
#901=ORIENTED_EDGE('',*,*,#902,.T.);
#902=EDGE_CURVE('',#899,#903,#905,.T.);
#903=VERTEX_POINT('',#904);
#904=CARTESIAN_POINT('',(8.89,-8.09,0.));
#905=LINE('',#906,#301);
#906=CARTESIAN_POINT('',(6.055,-8.09,0.));
#907=ORIENTED_EDGE('',*,*,#908,.T.);
#908=EDGE_CURVE('',#903,#909,#911,.T.);
#909=VERTEX_POINT('',#910);
#910=CARTESIAN_POINT('',(8.89,-9.69,0.));
#911=CIRCLE('',#912,0.8);
#912=AXIS2_PLACEMENT_3D('',#913,#13,#234);
#913=CARTESIAN_POINT('',(8.89,-8.89,0.));
#914=ORIENTED_EDGE('',*,*,#915,.T.);
#915=EDGE_CURVE('',#909,#916,#918,.T.);
#916=VERTEX_POINT('',#917);
#917=CARTESIAN_POINT('',(10.5,-9.69,0.));
#918=LINE('',#919,#223);
#919=CARTESIAN_POINT('',(4.445,-9.69,0.));
#920=ORIENTED_EDGE('',*,*,#921,.T.);
#921=EDGE_CURVE('',#916,#922,#266,.T.);
#922=VERTEX_POINT('',#923);
#923=CARTESIAN_POINT('',(10.5,-10.63,0.));
#924=ORIENTED_EDGE('',*,*,#925,.T.);
#925=EDGE_CURVE('',#922,#926,#928,.T.);
#926=VERTEX_POINT('',#927);
#927=CARTESIAN_POINT('',(8.89,-10.63,0.));
#928=LINE('',#929,#301);
#929=CARTESIAN_POINT('',(6.055,-10.63,0.));
#930=ORIENTED_EDGE('',*,*,#931,.T.);
#931=EDGE_CURVE('',#926,#932,#934,.T.);
#932=VERTEX_POINT('',#933);
#933=CARTESIAN_POINT('',(8.89,-12.23,0.));
#934=CIRCLE('',#935,0.8);
#935=AXIS2_PLACEMENT_3D('',#936,#13,#234);
#936=CARTESIAN_POINT('',(8.89,-11.43,0.));
#937=ORIENTED_EDGE('',*,*,#938,.T.);
#938=EDGE_CURVE('',#932,#939,#941,.T.);
#939=VERTEX_POINT('',#940);
#940=CARTESIAN_POINT('',(10.5,-12.23,0.));
#941=LINE('',#942,#223);
#942=CARTESIAN_POINT('',(4.445,-12.23,0.));
#943=ORIENTED_EDGE('',*,*,#944,.T.);
#944=EDGE_CURVE('',#939,#945,#266,.T.);
#945=VERTEX_POINT('',#946);
#946=CARTESIAN_POINT('',(10.5,-13.17,0.));
#947=ORIENTED_EDGE('',*,*,#948,.T.);
#948=EDGE_CURVE('',#945,#949,#951,.T.);
#949=VERTEX_POINT('',#950);
#950=CARTESIAN_POINT('',(8.89,-13.17,0.));
#951=LINE('',#952,#301);
#952=CARTESIAN_POINT('',(6.055,-13.17,0.));
#953=ORIENTED_EDGE('',*,*,#954,.T.);
#954=EDGE_CURVE('',#949,#955,#957,.T.);
#955=VERTEX_POINT('',#956);
#956=CARTESIAN_POINT('',(8.89,-14.77,0.));
#957=CIRCLE('',#958,0.8);
#958=AXIS2_PLACEMENT_3D('',#959,#13,#234);
#959=CARTESIAN_POINT('',(8.89,-13.97,0.));
#960=ORIENTED_EDGE('',*,*,#961,.T.);
#961=EDGE_CURVE('',#955,#962,#964,.T.);
#962=VERTEX_POINT('',#963);
#963=CARTESIAN_POINT('',(10.5,-14.77,0.));
#964=LINE('',#965,#223);
#965=CARTESIAN_POINT('',(4.445,-14.77,0.));
#966=ORIENTED_EDGE('',*,*,#967,.T.);
#967=EDGE_CURVE('',#962,#968,#266,.T.);
#968=VERTEX_POINT('',#969);
#969=CARTESIAN_POINT('',(10.5,-15.71,0.));
#970=ORIENTED_EDGE('',*,*,#971,.T.);
#971=EDGE_CURVE('',#968,#972,#974,.T.);
#972=VERTEX_POINT('',#973);
#973=CARTESIAN_POINT('',(8.89,-15.71,0.));
#974=LINE('',#975,#301);
#975=CARTESIAN_POINT('',(6.055,-15.71,0.));
#976=ORIENTED_EDGE('',*,*,#977,.T.);
#977=EDGE_CURVE('',#972,#978,#980,.T.);
#978=VERTEX_POINT('',#979);
#979=CARTESIAN_POINT('',(8.89,-17.31,0.));
#980=CIRCLE('',#981,0.8);
#981=AXIS2_PLACEMENT_3D('',#982,#13,#234);
#982=CARTESIAN_POINT('',(8.89,-16.51,0.));
#983=ORIENTED_EDGE('',*,*,#984,.T.);
#984=EDGE_CURVE('',#978,#985,#987,.T.);
#985=VERTEX_POINT('',#986);
#986=CARTESIAN_POINT('',(10.5,-17.31,0.));
#987=LINE('',#988,#223);
#988=CARTESIAN_POINT('',(4.445,-17.31,0.));
#989=ORIENTED_EDGE('',*,*,#990,.T.);
#990=EDGE_CURVE('',#985,#991,#266,.T.);
#991=VERTEX_POINT('',#992);
#992=CARTESIAN_POINT('',(10.5,-18.25,0.));
#993=ORIENTED_EDGE('',*,*,#994,.T.);
#994=EDGE_CURVE('',#991,#995,#997,.T.);
#995=VERTEX_POINT('',#996);
#996=CARTESIAN_POINT('',(8.89,-18.25,0.));
#997=LINE('',#998,#301);
#998=CARTESIAN_POINT('',(6.055,-18.25,0.));
#999=ORIENTED_EDGE('',*,*,#1000,.T.);
#1000=EDGE_CURVE('',#995,#1001,#1003,.T.);
#1001=VERTEX_POINT('',#1002);
#1002=CARTESIAN_POINT('',(8.89,-19.85,0.));
#1003=CIRCLE('',#1004,0.8);
#1004=AXIS2_PLACEMENT_3D('',#1005,#13,#234);
#1005=CARTESIAN_POINT('',(8.89,-19.05,0.));
#1006=ORIENTED_EDGE('',*,*,#1007,.T.);
#1007=EDGE_CURVE('',#1001,#1008,#1010,.T.);
#1008=VERTEX_POINT('',#1009);
#1009=CARTESIAN_POINT('',(10.5,-19.85,0.));
#1010=LINE('',#1011,#223);
#1011=CARTESIAN_POINT('',(4.445,-19.85,0.));
#1012=ORIENTED_EDGE('',*,*,#1013,.T.);
#1013=EDGE_CURVE('',#1008,#1014,#266,.T.);
#1014=VERTEX_POINT('',#1015);
#1015=CARTESIAN_POINT('',(10.5,-20.79,0.));
#1016=ORIENTED_EDGE('',*,*,#1017,.T.);
#1017=EDGE_CURVE('',#1014,#1018,#1020,.T.);
#1018=VERTEX_POINT('',#1019);
#1019=CARTESIAN_POINT('',(8.89,-20.79,0.));
#1020=LINE('',#1021,#301);
#1021=CARTESIAN_POINT('',(6.055,-20.79,0.));
#1022=ORIENTED_EDGE('',*,*,#1023,.T.);
#1023=EDGE_CURVE('',#1018,#1024,#1026,.T.);
#1024=VERTEX_POINT('',#1025);
#1025=CARTESIAN_POINT('',(8.89,-22.39,0.));
#1026=CIRCLE('',#1027,0.8);
#1027=AXIS2_PLACEMENT_3D('',#1028,#13,#234);
#1028=CARTESIAN_POINT('',(8.89,-21.59,0.));
#1029=ORIENTED_EDGE('',*,*,#1030,.T.);
#1030=EDGE_CURVE('',#1024,#1031,#1033,.T.);
#1031=VERTEX_POINT('',#1032);
#1032=CARTESIAN_POINT('',(10.5,-22.39,0.));
#1033=LINE('',#1034,#223);
#1034=CARTESIAN_POINT('',(4.445,-22.39,0.));
#1035=ORIENTED_EDGE('',*,*,#1036,.T.);
#1036=EDGE_CURVE('',#1031,#1037,#266,.T.);
#1037=VERTEX_POINT('',#1038);
#1038=CARTESIAN_POINT('',(10.5,-23.33,0.));
#1039=ORIENTED_EDGE('',*,*,#1040,.T.);
#1040=EDGE_CURVE('',#1037,#1041,#1043,.T.);
#1041=VERTEX_POINT('',#1042);
#1042=CARTESIAN_POINT('',(8.89,-23.33,0.));
#1043=LINE('',#1044,#301);
#1044=CARTESIAN_POINT('',(6.055,-23.33,0.));
#1045=ORIENTED_EDGE('',*,*,#1046,.T.);
#1046=EDGE_CURVE('',#1041,#1047,#1049,.T.);
#1047=VERTEX_POINT('',#1048);
#1048=CARTESIAN_POINT('',(8.89,-24.93,0.));
#1049=CIRCLE('',#1050,0.8);
#1050=AXIS2_PLACEMENT_3D('',#1051,#13,#234);
#1051=CARTESIAN_POINT('',(8.89,-24.13,0.));
#1052=ORIENTED_EDGE('',*,*,#1053,.T.);
#1053=EDGE_CURVE('',#1047,#1054,#1056,.T.);
#1054=VERTEX_POINT('',#1055);
#1055=CARTESIAN_POINT('',(10.5,-24.93,0.));
#1056=LINE('',#1057,#223);
#1057=CARTESIAN_POINT('',(4.445,-24.93,0.));
#1058=ORIENTED_EDGE('',*,*,#1059,.T.);
#1059=EDGE_CURVE('',#1054,#1060,#266,.T.);
#1060=VERTEX_POINT('',#1061);
#1061=CARTESIAN_POINT('',(10.5,-25.5,0.));
#1062=ORIENTED_EDGE('',*,*,#1063,.T.);
#1063=EDGE_CURVE('',#1060,#1064,#1065,.T.);
#1064=VERTEX_POINT('',#243);
#1065=LINE('',#1061,#301);
#1066=ORIENTED_EDGE('',*,*,#1067,.T.);
#1067=EDGE_CURVE('',#1064,#1068,#242,.T.);
#1068=VERTEX_POINT('',#1069);
#1069=CARTESIAN_POINT('',(-10.5,-24.93,0.));
#1070=ORIENTED_EDGE('',*,*,#1071,.T.);
#1071=EDGE_CURVE('',#1068,#1072,#1074,.T.);
#1072=VERTEX_POINT('',#1073);
#1073=CARTESIAN_POINT('',(-8.89,-24.93,0.));
#1074=LINE('',#1075,#223);
#1075=CARTESIAN_POINT('',(-6.055,-24.93,0.));
#1076=ORIENTED_EDGE('',*,*,#1077,.T.);
#1077=EDGE_CURVE('',#1072,#1078,#1080,.T.);
#1078=VERTEX_POINT('',#1079);
#1079=CARTESIAN_POINT('',(-8.89,-23.33,0.));
#1080=CIRCLE('',#1081,0.8);
#1081=AXIS2_PLACEMENT_3D('',#1082,#13,#268);
#1082=CARTESIAN_POINT('',(-8.89,-24.13,0.));
#1083=ORIENTED_EDGE('',*,*,#1084,.T.);
#1084=EDGE_CURVE('',#1078,#1085,#1087,.T.);
#1085=VERTEX_POINT('',#1086);
#1086=CARTESIAN_POINT('',(-10.5,-23.33,0.));
#1087=LINE('',#1088,#301);
#1088=CARTESIAN_POINT('',(-4.445,-23.33,0.));
#1089=ORIENTED_EDGE('',*,*,#1090,.T.);
#1090=EDGE_CURVE('',#1085,#1091,#242,.T.);
#1091=VERTEX_POINT('',#1092);
#1092=CARTESIAN_POINT('',(-10.5,-22.39,0.));
#1093=ORIENTED_EDGE('',*,*,#1094,.T.);
#1094=EDGE_CURVE('',#1091,#1095,#1097,.T.);
#1095=VERTEX_POINT('',#1096);
#1096=CARTESIAN_POINT('',(-8.89,-22.39,0.));
#1097=LINE('',#1098,#223);
#1098=CARTESIAN_POINT('',(-6.055,-22.39,0.));
#1099=ORIENTED_EDGE('',*,*,#1100,.T.);
#1100=EDGE_CURVE('',#1095,#1101,#1103,.T.);
#1101=VERTEX_POINT('',#1102);
#1102=CARTESIAN_POINT('',(-8.89,-20.79,0.));
#1103=CIRCLE('',#1104,0.8);
#1104=AXIS2_PLACEMENT_3D('',#1105,#13,#268);
#1105=CARTESIAN_POINT('',(-8.89,-21.59,0.));
#1106=ORIENTED_EDGE('',*,*,#1107,.T.);
#1107=EDGE_CURVE('',#1101,#1108,#1110,.T.);
#1108=VERTEX_POINT('',#1109);
#1109=CARTESIAN_POINT('',(-10.5,-20.79,0.));
#1110=LINE('',#1111,#301);
#1111=CARTESIAN_POINT('',(-4.445,-20.79,0.));
#1112=ORIENTED_EDGE('',*,*,#1113,.T.);
#1113=EDGE_CURVE('',#1108,#1114,#242,.T.);
#1114=VERTEX_POINT('',#1115);
#1115=CARTESIAN_POINT('',(-10.5,-19.85,0.));
#1116=ORIENTED_EDGE('',*,*,#1117,.T.);
#1117=EDGE_CURVE('',#1114,#1118,#1120,.T.);
#1118=VERTEX_POINT('',#1119);
#1119=CARTESIAN_POINT('',(-8.89,-19.85,0.));
#1120=LINE('',#1121,#223);
#1121=CARTESIAN_POINT('',(-6.055,-19.85,0.));
#1122=ORIENTED_EDGE('',*,*,#1123,.T.);
#1123=EDGE_CURVE('',#1118,#1124,#1126,.T.);
#1124=VERTEX_POINT('',#1125);
#1125=CARTESIAN_POINT('',(-8.89,-18.25,0.));
#1126=CIRCLE('',#1127,0.8);
#1127=AXIS2_PLACEMENT_3D('',#1128,#13,#268);
#1128=CARTESIAN_POINT('',(-8.89,-19.05,0.));
#1129=ORIENTED_EDGE('',*,*,#1130,.T.);
#1130=EDGE_CURVE('',#1124,#1131,#1133,.T.);
#1131=VERTEX_POINT('',#1132);
#1132=CARTESIAN_POINT('',(-10.5,-18.25,0.));
#1133=LINE('',#1134,#301);
#1134=CARTESIAN_POINT('',(-4.445,-18.25,0.));
#1135=ORIENTED_EDGE('',*,*,#1136,.T.);
#1136=EDGE_CURVE('',#1131,#1137,#242,.T.);
#1137=VERTEX_POINT('',#1138);
#1138=CARTESIAN_POINT('',(-10.5,-17.31,0.));
#1139=ORIENTED_EDGE('',*,*,#1140,.T.);
#1140=EDGE_CURVE('',#1137,#1141,#1143,.T.);
#1141=VERTEX_POINT('',#1142);
#1142=CARTESIAN_POINT('',(-8.89,-17.31,0.));
#1143=LINE('',#1144,#223);
#1144=CARTESIAN_POINT('',(-6.055,-17.31,0.));
#1145=ORIENTED_EDGE('',*,*,#1146,.T.);
#1146=EDGE_CURVE('',#1141,#1147,#1149,.T.);
#1147=VERTEX_POINT('',#1148);
#1148=CARTESIAN_POINT('',(-8.89,-15.71,0.));
#1149=CIRCLE('',#1150,0.8);
#1150=AXIS2_PLACEMENT_3D('',#1151,#13,#268);
#1151=CARTESIAN_POINT('',(-8.89,-16.51,0.));
#1152=ORIENTED_EDGE('',*,*,#1153,.T.);
#1153=EDGE_CURVE('',#1147,#1154,#1156,.T.);
#1154=VERTEX_POINT('',#1155);
#1155=CARTESIAN_POINT('',(-10.5,-15.71,0.));
#1156=LINE('',#1157,#301);
#1157=CARTESIAN_POINT('',(-4.445,-15.71,0.));
#1158=ORIENTED_EDGE('',*,*,#1159,.T.);
#1159=EDGE_CURVE('',#1154,#1160,#242,.T.);
#1160=VERTEX_POINT('',#1161);
#1161=CARTESIAN_POINT('',(-10.5,-14.77,0.));
#1162=ORIENTED_EDGE('',*,*,#1163,.T.);
#1163=EDGE_CURVE('',#1160,#1164,#1166,.T.);
#1164=VERTEX_POINT('',#1165);
#1165=CARTESIAN_POINT('',(-8.89,-14.77,0.));
#1166=LINE('',#1167,#223);
#1167=CARTESIAN_POINT('',(-6.055,-14.77,0.));
#1168=ORIENTED_EDGE('',*,*,#1169,.T.);
#1169=EDGE_CURVE('',#1164,#1170,#1172,.T.);
#1170=VERTEX_POINT('',#1171);
#1171=CARTESIAN_POINT('',(-8.89,-13.17,0.));
#1172=CIRCLE('',#1173,0.8);
#1173=AXIS2_PLACEMENT_3D('',#1174,#13,#268);
#1174=CARTESIAN_POINT('',(-8.89,-13.97,0.));
#1175=ORIENTED_EDGE('',*,*,#1176,.T.);
#1176=EDGE_CURVE('',#1170,#1177,#1179,.T.);
#1177=VERTEX_POINT('',#1178);
#1178=CARTESIAN_POINT('',(-10.5,-13.17,0.));
#1179=LINE('',#1180,#301);
#1180=CARTESIAN_POINT('',(-4.445,-13.17,0.));
#1181=ORIENTED_EDGE('',*,*,#1182,.T.);
#1182=EDGE_CURVE('',#1177,#1183,#242,.T.);
#1183=VERTEX_POINT('',#1184);
#1184=CARTESIAN_POINT('',(-10.5,-12.23,0.));
#1185=ORIENTED_EDGE('',*,*,#1186,.T.);
#1186=EDGE_CURVE('',#1183,#1187,#1189,.T.);
#1187=VERTEX_POINT('',#1188);
#1188=CARTESIAN_POINT('',(-8.89,-12.23,0.));
#1189=LINE('',#1190,#223);
#1190=CARTESIAN_POINT('',(-6.055,-12.23,0.));
#1191=ORIENTED_EDGE('',*,*,#1192,.T.);
#1192=EDGE_CURVE('',#1187,#1193,#1195,.T.);
#1193=VERTEX_POINT('',#1194);
#1194=CARTESIAN_POINT('',(-8.89,-10.63,0.));
#1195=CIRCLE('',#1196,0.8);
#1196=AXIS2_PLACEMENT_3D('',#1197,#13,#268);
#1197=CARTESIAN_POINT('',(-8.89,-11.43,0.));
#1198=ORIENTED_EDGE('',*,*,#1199,.T.);
#1199=EDGE_CURVE('',#1193,#1200,#1202,.T.);
#1200=VERTEX_POINT('',#1201);
#1201=CARTESIAN_POINT('',(-10.5,-10.63,0.));
#1202=LINE('',#1203,#301);
#1203=CARTESIAN_POINT('',(-4.445,-10.63,0.));
#1204=ORIENTED_EDGE('',*,*,#1205,.T.);
#1205=EDGE_CURVE('',#1200,#1206,#242,.T.);
#1206=VERTEX_POINT('',#1207);
#1207=CARTESIAN_POINT('',(-10.5,-9.69,0.));
#1208=ORIENTED_EDGE('',*,*,#1209,.T.);
#1209=EDGE_CURVE('',#1206,#288,#1210,.T.);
#1210=LINE('',#1211,#223);
#1211=CARTESIAN_POINT('',(-6.055,-9.69,0.));
#1212=FACE_BOUND('',#1213,.T.);
#1213=EDGE_LOOP('',(#1214));
#1214=ORIENTED_EDGE('',*,*,#1215,.T.);
#1215=EDGE_CURVE('',#1216,#1216,#1218,.T.);
#1216=VERTEX_POINT('',#1217);
#1217=CARTESIAN_POINT('',(6.75,-23.5,0.));
#1218=CIRCLE('',#1219,1.05);
#1219=AXIS2_PLACEMENT_3D('',#1220,#13,#14);
#1220=CARTESIAN_POINT('',(5.7,-23.5,0.));
#1221=FACE_BOUND('',#1222,.T.);
#1222=EDGE_LOOP('',(#1223));
#1223=ORIENTED_EDGE('',*,*,#1224,.T.);
#1224=EDGE_CURVE('',#1225,#1225,#1227,.T.);
#1225=VERTEX_POINT('',#1226);
#1226=CARTESIAN_POINT('',(6.1641,-5.7,0.));
#1227=CIRCLE('',#1228,0.5);
#1228=AXIS2_PLACEMENT_3D('',#1229,#13,#1230);
#1229=CARTESIAN_POINT('',(5.6641,-5.7,0.));
#1230=DIRECTION('',(1.,-1.7763568394E-15,0.));
#1231=FACE_BOUND('',#1232,.T.);
#1232=EDGE_LOOP('',(#1233));
#1233=ORIENTED_EDGE('',*,*,#1234,.T.);
#1234=EDGE_CURVE('',#1235,#1235,#1237,.T.);
#1235=VERTEX_POINT('',#1236);
#1236=CARTESIAN_POINT('',(3.6241,-5.7,0.));
#1237=CIRCLE('',#1238,0.5);
#1238=AXIS2_PLACEMENT_3D('',#105,#13,#1230);
#1239=FACE_BOUND('',#1240,.T.);
#1240=EDGE_LOOP('',(#1241));
#1241=ORIENTED_EDGE('',*,*,#1242,.T.);
#1242=EDGE_CURVE('',#1243,#1243,#1245,.T.);
#1243=VERTEX_POINT('',#1244);
#1244=CARTESIAN_POINT('',(1.0841,-5.7,0.));
#1245=CIRCLE('',#1246,0.5);
#1246=AXIS2_PLACEMENT_3D('',#1247,#13,#1230);
#1247=CARTESIAN_POINT('',(0.5841,-5.7,0.));
#1248=FACE_BOUND('',#1249,.T.);
#1249=EDGE_LOOP('',(#1250));
#1250=ORIENTED_EDGE('',*,*,#1251,.T.);
#1251=EDGE_CURVE('',#1252,#1252,#1254,.T.);
#1252=VERTEX_POINT('',#1253);
#1253=CARTESIAN_POINT('',(-4.65,-23.5,0.));
#1254=CIRCLE('',#1255,1.05);
#1255=AXIS2_PLACEMENT_3D('',#1256,#13,#14);
#1256=CARTESIAN_POINT('',(-5.7,-23.5,0.));
#1257=FACE_BOUND('',#1258,.T.);
#1258=EDGE_LOOP('',(#1259));
#1259=ORIENTED_EDGE('',*,*,#1260,.T.);
#1260=EDGE_CURVE('',#1261,#1261,#1263,.T.);
#1261=VERTEX_POINT('',#1262);
#1262=CARTESIAN_POINT('',(6.75,23.5,0.));
#1263=CIRCLE('',#1264,1.05);
#1264=AXIS2_PLACEMENT_3D('',#1265,#13,#14);
#1265=CARTESIAN_POINT('',(5.7,23.5,0.));
#1266=FACE_BOUND('',#1267,.T.);
#1267=EDGE_LOOP('',(#1268));
#1268=ORIENTED_EDGE('',*,*,#1269,.T.);
#1269=EDGE_CURVE('',#1270,#1270,#1272,.T.);
#1270=VERTEX_POINT('',#1271);
#1271=CARTESIAN_POINT('',(-4.65,23.5,0.));
#1272=CIRCLE('',#1273,1.05);
#1273=AXIS2_PLACEMENT_3D('',#1274,#13,#14);
#1274=CARTESIAN_POINT('',(-5.7,23.5,0.));
#1275=PLANE('',#1276);
#1276=AXIS2_PLACEMENT_3D('',#12,#280,#258);
#1277=ADVANCED_FACE('',(#1278,#2202,#2211,#2220,#2229,#2238,#2247,#2256),#2265,.F.);
#1278=FACE_BOUND('',#1279,.F.);
#1279=EDGE_LOOP('',(#1280,#1289,#1295,#1299,#1305,#1312,#1318,#1322,#1328,#1335,#1341,#1345,#1351,#1358,#1364,#1368,#1374,#1381,#1387,#1391,#1397,#1404,#1410,#1414,#1420,#1427,#1433,#1437,#1443,#1450,#1456,#1460,#1466,#1473,#1479,#1483,#1489,#1496,#1502,#1506,#1512,#1519,#1525,#1529,#1535,#1542,#1548,#1552,#1558,#1565,#1571,#1575,#1581,#1588,#251,#218,#270,#1592,#1598,#1605,#1611,#1615,#1621,#1628,#1634,#1638,#1644,#1651,#1657,#1661,#1667,#1674,#1680,#1684,#1690,#1697,#1703,#1707,#1713,#1720,#1726,#1730,#1736,#1743,#1749,#1753,#1759,#1766,#1772,#1776,#1782,#1789,#1795,#1799,#1805,#1812,#1818,#1822,#1828,#1835,#1841,#1845,#1851,#1858,#1864,#1868,#1874,#1881,#1887,#1891,#1897,#1904,#1910,#1914,#1920,#1927,#1933,#1937,#1943,#1950,#1956,#1960,#1966,#1973,#1979,#1983,#1989,#1996,#2002,#2006,#2012,#2019,#2025,#2029,#2035,#2042,#2048,#2052,#2056,#2060,#2066,#2073,#2079,#2083,#2089,#2096,#2102,#2106,#2112,#2119,#2125,#2129,#2135,#2142,#2148,#2152,#2158,#2165,#2171,#2175,#2181,#2188,#2194,#2198));
#1280=ORIENTED_EDGE('',*,*,#1281,.F.);
#1281=EDGE_CURVE('',#1282,#1284,#1286,.T.);
#1282=VERTEX_POINT('',#1283);
#1283=CARTESIAN_POINT('',(-8.89,-8.09,1.6));
#1284=VERTEX_POINT('',#1285);
#1285=CARTESIAN_POINT('',(-8.89,-9.69,1.6));
#1286=CIRCLE('',#1287,0.8);
#1287=AXIS2_PLACEMENT_3D('',#1288,#280,#234);
#1288=CARTESIAN_POINT('',(-8.89,-8.89,1.6));
#1289=ORIENTED_EDGE('',*,*,#1290,.T.);
#1290=EDGE_CURVE('',#1282,#1291,#1293,.T.);
#1291=VERTEX_POINT('',#1292);
#1292=CARTESIAN_POINT('',(-10.5,-8.09,1.6));
#1293=LINE('',#1294,#301);
#1294=CARTESIAN_POINT('',(-4.445,-8.09,1.6));
#1295=ORIENTED_EDGE('',*,*,#1296,.T.);
#1296=EDGE_CURVE('',#1291,#1297,#253,.T.);
#1297=VERTEX_POINT('',#1298);
#1298=CARTESIAN_POINT('',(-10.5,-7.15,1.6));
#1299=ORIENTED_EDGE('',*,*,#1300,.T.);
#1300=EDGE_CURVE('',#1297,#1301,#1303,.T.);
#1301=VERTEX_POINT('',#1302);
#1302=CARTESIAN_POINT('',(-8.89,-7.15,1.6));
#1303=LINE('',#1304,#223);
#1304=CARTESIAN_POINT('',(-6.055,-7.15,1.6));
#1305=ORIENTED_EDGE('',*,*,#1306,.F.);
#1306=EDGE_CURVE('',#1307,#1301,#1309,.T.);
#1307=VERTEX_POINT('',#1308);
#1308=CARTESIAN_POINT('',(-8.89,-5.55,1.6));
#1309=CIRCLE('',#1310,0.8);
#1310=AXIS2_PLACEMENT_3D('',#1311,#280,#234);
#1311=CARTESIAN_POINT('',(-8.89,-6.35,1.6));
#1312=ORIENTED_EDGE('',*,*,#1313,.T.);
#1313=EDGE_CURVE('',#1307,#1314,#1316,.T.);
#1314=VERTEX_POINT('',#1315);
#1315=CARTESIAN_POINT('',(-10.5,-5.55,1.6));
#1316=LINE('',#1317,#301);
#1317=CARTESIAN_POINT('',(-4.445,-5.55,1.6));
#1318=ORIENTED_EDGE('',*,*,#1319,.T.);
#1319=EDGE_CURVE('',#1314,#1320,#253,.T.);
#1320=VERTEX_POINT('',#1321);
#1321=CARTESIAN_POINT('',(-10.5,-4.61,1.6));
#1322=ORIENTED_EDGE('',*,*,#1323,.T.);
#1323=EDGE_CURVE('',#1320,#1324,#1326,.T.);
#1324=VERTEX_POINT('',#1325);
#1325=CARTESIAN_POINT('',(-8.89,-4.61,1.6));
#1326=LINE('',#1327,#223);
#1327=CARTESIAN_POINT('',(-6.055,-4.61,1.6));
#1328=ORIENTED_EDGE('',*,*,#1329,.F.);
#1329=EDGE_CURVE('',#1330,#1324,#1332,.T.);
#1330=VERTEX_POINT('',#1331);
#1331=CARTESIAN_POINT('',(-8.89,-3.01,1.6));
#1332=CIRCLE('',#1333,0.8);
#1333=AXIS2_PLACEMENT_3D('',#1334,#280,#234);
#1334=CARTESIAN_POINT('',(-8.89,-3.81,1.6));
#1335=ORIENTED_EDGE('',*,*,#1336,.T.);
#1336=EDGE_CURVE('',#1330,#1337,#1339,.T.);
#1337=VERTEX_POINT('',#1338);
#1338=CARTESIAN_POINT('',(-10.5,-3.01,1.6));
#1339=LINE('',#1340,#301);
#1340=CARTESIAN_POINT('',(-4.445,-3.01,1.6));
#1341=ORIENTED_EDGE('',*,*,#1342,.T.);
#1342=EDGE_CURVE('',#1337,#1343,#253,.T.);
#1343=VERTEX_POINT('',#1344);
#1344=CARTESIAN_POINT('',(-10.5,-2.07,1.6));
#1345=ORIENTED_EDGE('',*,*,#1346,.T.);
#1346=EDGE_CURVE('',#1343,#1347,#1349,.T.);
#1347=VERTEX_POINT('',#1348);
#1348=CARTESIAN_POINT('',(-8.89,-2.07,1.6));
#1349=LINE('',#1350,#223);
#1350=CARTESIAN_POINT('',(-6.055,-2.07,1.6));
#1351=ORIENTED_EDGE('',*,*,#1352,.F.);
#1352=EDGE_CURVE('',#1353,#1347,#1355,.T.);
#1353=VERTEX_POINT('',#1354);
#1354=CARTESIAN_POINT('',(-8.89,-0.47,1.6));
#1355=CIRCLE('',#1356,0.8);
#1356=AXIS2_PLACEMENT_3D('',#1357,#280,#234);
#1357=CARTESIAN_POINT('',(-8.89,-1.27,1.6));
#1358=ORIENTED_EDGE('',*,*,#1359,.T.);
#1359=EDGE_CURVE('',#1353,#1360,#1362,.T.);
#1360=VERTEX_POINT('',#1361);
#1361=CARTESIAN_POINT('',(-10.5,-0.47,1.6));
#1362=LINE('',#1363,#301);
#1363=CARTESIAN_POINT('',(-4.445,-0.47,1.6));
#1364=ORIENTED_EDGE('',*,*,#1365,.T.);
#1365=EDGE_CURVE('',#1360,#1366,#253,.T.);
#1366=VERTEX_POINT('',#1367);
#1367=CARTESIAN_POINT('',(-10.5,0.47,1.6));
#1368=ORIENTED_EDGE('',*,*,#1369,.T.);
#1369=EDGE_CURVE('',#1366,#1370,#1372,.T.);
#1370=VERTEX_POINT('',#1371);
#1371=CARTESIAN_POINT('',(-8.89,0.47,1.6));
#1372=LINE('',#1373,#223);
#1373=CARTESIAN_POINT('',(-6.055,0.47,1.6));
#1374=ORIENTED_EDGE('',*,*,#1375,.F.);
#1375=EDGE_CURVE('',#1376,#1370,#1378,.T.);
#1376=VERTEX_POINT('',#1377);
#1377=CARTESIAN_POINT('',(-8.89,2.07,1.6));
#1378=CIRCLE('',#1379,0.8);
#1379=AXIS2_PLACEMENT_3D('',#1380,#280,#234);
#1380=CARTESIAN_POINT('',(-8.89,1.27,1.6));
#1381=ORIENTED_EDGE('',*,*,#1382,.T.);
#1382=EDGE_CURVE('',#1376,#1383,#1385,.T.);
#1383=VERTEX_POINT('',#1384);
#1384=CARTESIAN_POINT('',(-10.5,2.07,1.6));
#1385=LINE('',#1386,#301);
#1386=CARTESIAN_POINT('',(-4.445,2.07,1.6));
#1387=ORIENTED_EDGE('',*,*,#1388,.T.);
#1388=EDGE_CURVE('',#1383,#1389,#253,.T.);
#1389=VERTEX_POINT('',#1390);
#1390=CARTESIAN_POINT('',(-10.5,3.01,1.6));
#1391=ORIENTED_EDGE('',*,*,#1392,.T.);
#1392=EDGE_CURVE('',#1389,#1393,#1395,.T.);
#1393=VERTEX_POINT('',#1394);
#1394=CARTESIAN_POINT('',(-8.89,3.01,1.6));
#1395=LINE('',#1396,#223);
#1396=CARTESIAN_POINT('',(-6.055,3.01,1.6));
#1397=ORIENTED_EDGE('',*,*,#1398,.F.);
#1398=EDGE_CURVE('',#1399,#1393,#1401,.T.);
#1399=VERTEX_POINT('',#1400);
#1400=CARTESIAN_POINT('',(-8.89,4.61,1.6));
#1401=CIRCLE('',#1402,0.8);
#1402=AXIS2_PLACEMENT_3D('',#1403,#280,#234);
#1403=CARTESIAN_POINT('',(-8.89,3.81,1.6));
#1404=ORIENTED_EDGE('',*,*,#1405,.T.);
#1405=EDGE_CURVE('',#1399,#1406,#1408,.T.);
#1406=VERTEX_POINT('',#1407);
#1407=CARTESIAN_POINT('',(-10.5,4.61,1.6));
#1408=LINE('',#1409,#301);
#1409=CARTESIAN_POINT('',(-4.445,4.61,1.6));
#1410=ORIENTED_EDGE('',*,*,#1411,.T.);
#1411=EDGE_CURVE('',#1406,#1412,#253,.T.);
#1412=VERTEX_POINT('',#1413);
#1413=CARTESIAN_POINT('',(-10.5,5.55,1.6));
#1414=ORIENTED_EDGE('',*,*,#1415,.T.);
#1415=EDGE_CURVE('',#1412,#1416,#1418,.T.);
#1416=VERTEX_POINT('',#1417);
#1417=CARTESIAN_POINT('',(-8.89,5.55,1.6));
#1418=LINE('',#1419,#223);
#1419=CARTESIAN_POINT('',(-6.055,5.55,1.6));
#1420=ORIENTED_EDGE('',*,*,#1421,.F.);
#1421=EDGE_CURVE('',#1422,#1416,#1424,.T.);
#1422=VERTEX_POINT('',#1423);
#1423=CARTESIAN_POINT('',(-8.89,7.15,1.6));
#1424=CIRCLE('',#1425,0.8);
#1425=AXIS2_PLACEMENT_3D('',#1426,#280,#234);
#1426=CARTESIAN_POINT('',(-8.89,6.35,1.6));
#1427=ORIENTED_EDGE('',*,*,#1428,.T.);
#1428=EDGE_CURVE('',#1422,#1429,#1431,.T.);
#1429=VERTEX_POINT('',#1430);
#1430=CARTESIAN_POINT('',(-10.5,7.15,1.6));
#1431=LINE('',#1432,#301);
#1432=CARTESIAN_POINT('',(-4.445,7.15,1.6));
#1433=ORIENTED_EDGE('',*,*,#1434,.T.);
#1434=EDGE_CURVE('',#1429,#1435,#253,.T.);
#1435=VERTEX_POINT('',#1436);
#1436=CARTESIAN_POINT('',(-10.5,8.09,1.6));
#1437=ORIENTED_EDGE('',*,*,#1438,.T.);
#1438=EDGE_CURVE('',#1435,#1439,#1441,.T.);
#1439=VERTEX_POINT('',#1440);
#1440=CARTESIAN_POINT('',(-8.89,8.09,1.6));
#1441=LINE('',#1442,#223);
#1442=CARTESIAN_POINT('',(-6.055,8.09,1.6));
#1443=ORIENTED_EDGE('',*,*,#1444,.F.);
#1444=EDGE_CURVE('',#1445,#1439,#1447,.T.);
#1445=VERTEX_POINT('',#1446);
#1446=CARTESIAN_POINT('',(-8.89,9.69,1.6));
#1447=CIRCLE('',#1448,0.8);
#1448=AXIS2_PLACEMENT_3D('',#1449,#280,#234);
#1449=CARTESIAN_POINT('',(-8.89,8.89,1.6));
#1450=ORIENTED_EDGE('',*,*,#1451,.T.);
#1451=EDGE_CURVE('',#1445,#1452,#1454,.T.);
#1452=VERTEX_POINT('',#1453);
#1453=CARTESIAN_POINT('',(-10.5,9.69,1.6));
#1454=LINE('',#1455,#301);
#1455=CARTESIAN_POINT('',(-4.445,9.69,1.6));
#1456=ORIENTED_EDGE('',*,*,#1457,.T.);
#1457=EDGE_CURVE('',#1452,#1458,#253,.T.);
#1458=VERTEX_POINT('',#1459);
#1459=CARTESIAN_POINT('',(-10.5,10.63,1.6));
#1460=ORIENTED_EDGE('',*,*,#1461,.T.);
#1461=EDGE_CURVE('',#1458,#1462,#1464,.T.);
#1462=VERTEX_POINT('',#1463);
#1463=CARTESIAN_POINT('',(-8.89,10.63,1.6));
#1464=LINE('',#1465,#223);
#1465=CARTESIAN_POINT('',(-6.055,10.63,1.6));
#1466=ORIENTED_EDGE('',*,*,#1467,.F.);
#1467=EDGE_CURVE('',#1468,#1462,#1470,.T.);
#1468=VERTEX_POINT('',#1469);
#1469=CARTESIAN_POINT('',(-8.89,12.23,1.6));
#1470=CIRCLE('',#1471,0.8);
#1471=AXIS2_PLACEMENT_3D('',#1472,#280,#234);
#1472=CARTESIAN_POINT('',(-8.89,11.43,1.6));
#1473=ORIENTED_EDGE('',*,*,#1474,.T.);
#1474=EDGE_CURVE('',#1468,#1475,#1477,.T.);
#1475=VERTEX_POINT('',#1476);
#1476=CARTESIAN_POINT('',(-10.5,12.23,1.6));
#1477=LINE('',#1478,#301);
#1478=CARTESIAN_POINT('',(-4.445,12.23,1.6));
#1479=ORIENTED_EDGE('',*,*,#1480,.T.);
#1480=EDGE_CURVE('',#1475,#1481,#253,.T.);
#1481=VERTEX_POINT('',#1482);
#1482=CARTESIAN_POINT('',(-10.5,13.17,1.6));
#1483=ORIENTED_EDGE('',*,*,#1484,.T.);
#1484=EDGE_CURVE('',#1481,#1485,#1487,.T.);
#1485=VERTEX_POINT('',#1486);
#1486=CARTESIAN_POINT('',(-8.89,13.17,1.6));
#1487=LINE('',#1488,#223);
#1488=CARTESIAN_POINT('',(-6.055,13.17,1.6));
#1489=ORIENTED_EDGE('',*,*,#1490,.F.);
#1490=EDGE_CURVE('',#1491,#1485,#1493,.T.);
#1491=VERTEX_POINT('',#1492);
#1492=CARTESIAN_POINT('',(-8.89,14.77,1.6));
#1493=CIRCLE('',#1494,0.8);
#1494=AXIS2_PLACEMENT_3D('',#1495,#280,#234);
#1495=CARTESIAN_POINT('',(-8.89,13.97,1.6));
#1496=ORIENTED_EDGE('',*,*,#1497,.T.);
#1497=EDGE_CURVE('',#1491,#1498,#1500,.T.);
#1498=VERTEX_POINT('',#1499);
#1499=CARTESIAN_POINT('',(-10.5,14.77,1.6));
#1500=LINE('',#1501,#301);
#1501=CARTESIAN_POINT('',(-4.445,14.77,1.6));
#1502=ORIENTED_EDGE('',*,*,#1503,.T.);
#1503=EDGE_CURVE('',#1498,#1504,#253,.T.);
#1504=VERTEX_POINT('',#1505);
#1505=CARTESIAN_POINT('',(-10.5,15.71,1.6));
#1506=ORIENTED_EDGE('',*,*,#1507,.T.);
#1507=EDGE_CURVE('',#1504,#1508,#1510,.T.);
#1508=VERTEX_POINT('',#1509);
#1509=CARTESIAN_POINT('',(-8.89,15.71,1.6));
#1510=LINE('',#1511,#223);
#1511=CARTESIAN_POINT('',(-6.055,15.71,1.6));
#1512=ORIENTED_EDGE('',*,*,#1513,.F.);
#1513=EDGE_CURVE('',#1514,#1508,#1516,.T.);
#1514=VERTEX_POINT('',#1515);
#1515=CARTESIAN_POINT('',(-8.89,17.31,1.6));
#1516=CIRCLE('',#1517,0.8);
#1517=AXIS2_PLACEMENT_3D('',#1518,#280,#234);
#1518=CARTESIAN_POINT('',(-8.89,16.51,1.6));
#1519=ORIENTED_EDGE('',*,*,#1520,.T.);
#1520=EDGE_CURVE('',#1514,#1521,#1523,.T.);
#1521=VERTEX_POINT('',#1522);
#1522=CARTESIAN_POINT('',(-10.5,17.31,1.6));
#1523=LINE('',#1524,#301);
#1524=CARTESIAN_POINT('',(-4.445,17.31,1.6));
#1525=ORIENTED_EDGE('',*,*,#1526,.T.);
#1526=EDGE_CURVE('',#1521,#1527,#253,.T.);
#1527=VERTEX_POINT('',#1528);
#1528=CARTESIAN_POINT('',(-10.5,18.25,1.6));
#1529=ORIENTED_EDGE('',*,*,#1530,.T.);
#1530=EDGE_CURVE('',#1527,#1531,#1533,.T.);
#1531=VERTEX_POINT('',#1532);
#1532=CARTESIAN_POINT('',(-8.89,18.25,1.6));
#1533=LINE('',#1534,#223);
#1534=CARTESIAN_POINT('',(-6.055,18.25,1.6));
#1535=ORIENTED_EDGE('',*,*,#1536,.F.);
#1536=EDGE_CURVE('',#1537,#1531,#1539,.T.);
#1537=VERTEX_POINT('',#1538);
#1538=CARTESIAN_POINT('',(-8.89,19.85,1.6));
#1539=CIRCLE('',#1540,0.8);
#1540=AXIS2_PLACEMENT_3D('',#1541,#280,#234);
#1541=CARTESIAN_POINT('',(-8.89,19.05,1.6));
#1542=ORIENTED_EDGE('',*,*,#1543,.T.);
#1543=EDGE_CURVE('',#1537,#1544,#1546,.T.);
#1544=VERTEX_POINT('',#1545);
#1545=CARTESIAN_POINT('',(-10.5,19.85,1.6));
#1546=LINE('',#1547,#301);
#1547=CARTESIAN_POINT('',(-4.445,19.85,1.6));
#1548=ORIENTED_EDGE('',*,*,#1549,.T.);
#1549=EDGE_CURVE('',#1544,#1550,#253,.T.);
#1550=VERTEX_POINT('',#1551);
#1551=CARTESIAN_POINT('',(-10.5,20.79,1.6));
#1552=ORIENTED_EDGE('',*,*,#1553,.T.);
#1553=EDGE_CURVE('',#1550,#1554,#1556,.T.);
#1554=VERTEX_POINT('',#1555);
#1555=CARTESIAN_POINT('',(-8.89,20.79,1.6));
#1556=LINE('',#1557,#223);
#1557=CARTESIAN_POINT('',(-6.055,20.79,1.6));
#1558=ORIENTED_EDGE('',*,*,#1559,.F.);
#1559=EDGE_CURVE('',#1560,#1554,#1562,.T.);
#1560=VERTEX_POINT('',#1561);
#1561=CARTESIAN_POINT('',(-8.89,22.39,1.6));
#1562=CIRCLE('',#1563,0.8);
#1563=AXIS2_PLACEMENT_3D('',#1564,#280,#234);
#1564=CARTESIAN_POINT('',(-8.89,21.59,1.6));
#1565=ORIENTED_EDGE('',*,*,#1566,.T.);
#1566=EDGE_CURVE('',#1560,#1567,#1569,.T.);
#1567=VERTEX_POINT('',#1568);
#1568=CARTESIAN_POINT('',(-10.5,22.39,1.6));
#1569=LINE('',#1570,#301);
#1570=CARTESIAN_POINT('',(-4.445,22.39,1.6));
#1571=ORIENTED_EDGE('',*,*,#1572,.T.);
#1572=EDGE_CURVE('',#1567,#1573,#253,.T.);
#1573=VERTEX_POINT('',#1574);
#1574=CARTESIAN_POINT('',(-10.5,23.33,1.6));
#1575=ORIENTED_EDGE('',*,*,#1576,.T.);
#1576=EDGE_CURVE('',#1573,#1577,#1579,.T.);
#1577=VERTEX_POINT('',#1578);
#1578=CARTESIAN_POINT('',(-8.89,23.33,1.6));
#1579=LINE('',#1580,#223);
#1580=CARTESIAN_POINT('',(-6.055,23.33,1.6));
#1581=ORIENTED_EDGE('',*,*,#1582,.F.);
#1582=EDGE_CURVE('',#1583,#1577,#1585,.T.);
#1583=VERTEX_POINT('',#1584);
#1584=CARTESIAN_POINT('',(-8.89,24.93,1.6));
#1585=CIRCLE('',#1586,0.8);
#1586=AXIS2_PLACEMENT_3D('',#1587,#280,#234);
#1587=CARTESIAN_POINT('',(-8.89,24.13,1.6));
#1588=ORIENTED_EDGE('',*,*,#1589,.T.);
#1589=EDGE_CURVE('',#1583,#247,#1590,.T.);
#1590=LINE('',#1591,#301);
#1591=CARTESIAN_POINT('',(-4.445,24.93,1.6));
#1592=ORIENTED_EDGE('',*,*,#1593,.T.);
#1593=EDGE_CURVE('',#272,#1594,#1596,.T.);
#1594=VERTEX_POINT('',#1595);
#1595=CARTESIAN_POINT('',(8.89,24.93,1.6));
#1596=LINE('',#1597,#301);
#1597=CARTESIAN_POINT('',(6.055,24.93,1.6));
#1598=ORIENTED_EDGE('',*,*,#1599,.F.);
#1599=EDGE_CURVE('',#1600,#1594,#1602,.T.);
#1600=VERTEX_POINT('',#1601);
#1601=CARTESIAN_POINT('',(8.89,23.33,1.6));
#1602=CIRCLE('',#1603,0.8);
#1603=AXIS2_PLACEMENT_3D('',#1604,#280,#268);
#1604=CARTESIAN_POINT('',(8.89,24.13,1.6));
#1605=ORIENTED_EDGE('',*,*,#1606,.T.);
#1606=EDGE_CURVE('',#1600,#1607,#1609,.T.);
#1607=VERTEX_POINT('',#1608);
#1608=CARTESIAN_POINT('',(10.5,23.33,1.6));
#1609=LINE('',#1610,#223);
#1610=CARTESIAN_POINT('',(4.445,23.33,1.6));
#1611=ORIENTED_EDGE('',*,*,#1612,.T.);
#1612=EDGE_CURVE('',#1607,#1613,#274,.T.);
#1613=VERTEX_POINT('',#1614);
#1614=CARTESIAN_POINT('',(10.5,22.39,1.6));
#1615=ORIENTED_EDGE('',*,*,#1616,.T.);
#1616=EDGE_CURVE('',#1613,#1617,#1619,.T.);
#1617=VERTEX_POINT('',#1618);
#1618=CARTESIAN_POINT('',(8.89,22.39,1.6));
#1619=LINE('',#1620,#301);
#1620=CARTESIAN_POINT('',(6.055,22.39,1.6));
#1621=ORIENTED_EDGE('',*,*,#1622,.F.);
#1622=EDGE_CURVE('',#1623,#1617,#1625,.T.);
#1623=VERTEX_POINT('',#1624);
#1624=CARTESIAN_POINT('',(8.89,20.79,1.6));
#1625=CIRCLE('',#1626,0.8);
#1626=AXIS2_PLACEMENT_3D('',#1627,#280,#268);
#1627=CARTESIAN_POINT('',(8.89,21.59,1.6));
#1628=ORIENTED_EDGE('',*,*,#1629,.T.);
#1629=EDGE_CURVE('',#1623,#1630,#1632,.T.);
#1630=VERTEX_POINT('',#1631);
#1631=CARTESIAN_POINT('',(10.5,20.79,1.6));
#1632=LINE('',#1633,#223);
#1633=CARTESIAN_POINT('',(4.445,20.79,1.6));
#1634=ORIENTED_EDGE('',*,*,#1635,.T.);
#1635=EDGE_CURVE('',#1630,#1636,#274,.T.);
#1636=VERTEX_POINT('',#1637);
#1637=CARTESIAN_POINT('',(10.5,19.85,1.6));
#1638=ORIENTED_EDGE('',*,*,#1639,.T.);
#1639=EDGE_CURVE('',#1636,#1640,#1642,.T.);
#1640=VERTEX_POINT('',#1641);
#1641=CARTESIAN_POINT('',(8.89,19.85,1.6));
#1642=LINE('',#1643,#301);
#1643=CARTESIAN_POINT('',(6.055,19.85,1.6));
#1644=ORIENTED_EDGE('',*,*,#1645,.F.);
#1645=EDGE_CURVE('',#1646,#1640,#1648,.T.);
#1646=VERTEX_POINT('',#1647);
#1647=CARTESIAN_POINT('',(8.89,18.25,1.6));
#1648=CIRCLE('',#1649,0.8);
#1649=AXIS2_PLACEMENT_3D('',#1650,#280,#268);
#1650=CARTESIAN_POINT('',(8.89,19.05,1.6));
#1651=ORIENTED_EDGE('',*,*,#1652,.T.);
#1652=EDGE_CURVE('',#1646,#1653,#1655,.T.);
#1653=VERTEX_POINT('',#1654);
#1654=CARTESIAN_POINT('',(10.5,18.25,1.6));
#1655=LINE('',#1656,#223);
#1656=CARTESIAN_POINT('',(4.445,18.25,1.6));
#1657=ORIENTED_EDGE('',*,*,#1658,.T.);
#1658=EDGE_CURVE('',#1653,#1659,#274,.T.);
#1659=VERTEX_POINT('',#1660);
#1660=CARTESIAN_POINT('',(10.5,17.31,1.6));
#1661=ORIENTED_EDGE('',*,*,#1662,.T.);
#1662=EDGE_CURVE('',#1659,#1663,#1665,.T.);
#1663=VERTEX_POINT('',#1664);
#1664=CARTESIAN_POINT('',(8.89,17.31,1.6));
#1665=LINE('',#1666,#301);
#1666=CARTESIAN_POINT('',(6.055,17.31,1.6));
#1667=ORIENTED_EDGE('',*,*,#1668,.F.);
#1668=EDGE_CURVE('',#1669,#1663,#1671,.T.);
#1669=VERTEX_POINT('',#1670);
#1670=CARTESIAN_POINT('',(8.89,15.71,1.6));
#1671=CIRCLE('',#1672,0.8);
#1672=AXIS2_PLACEMENT_3D('',#1673,#280,#268);
#1673=CARTESIAN_POINT('',(8.89,16.51,1.6));
#1674=ORIENTED_EDGE('',*,*,#1675,.T.);
#1675=EDGE_CURVE('',#1669,#1676,#1678,.T.);
#1676=VERTEX_POINT('',#1677);
#1677=CARTESIAN_POINT('',(10.5,15.71,1.6));
#1678=LINE('',#1679,#223);
#1679=CARTESIAN_POINT('',(4.445,15.71,1.6));
#1680=ORIENTED_EDGE('',*,*,#1681,.T.);
#1681=EDGE_CURVE('',#1676,#1682,#274,.T.);
#1682=VERTEX_POINT('',#1683);
#1683=CARTESIAN_POINT('',(10.5,14.77,1.6));
#1684=ORIENTED_EDGE('',*,*,#1685,.T.);
#1685=EDGE_CURVE('',#1682,#1686,#1688,.T.);
#1686=VERTEX_POINT('',#1687);
#1687=CARTESIAN_POINT('',(8.89,14.77,1.6));
#1688=LINE('',#1689,#301);
#1689=CARTESIAN_POINT('',(6.055,14.77,1.6));
#1690=ORIENTED_EDGE('',*,*,#1691,.F.);
#1691=EDGE_CURVE('',#1692,#1686,#1694,.T.);
#1692=VERTEX_POINT('',#1693);
#1693=CARTESIAN_POINT('',(8.89,13.17,1.6));
#1694=CIRCLE('',#1695,0.8);
#1695=AXIS2_PLACEMENT_3D('',#1696,#280,#268);
#1696=CARTESIAN_POINT('',(8.89,13.97,1.6));
#1697=ORIENTED_EDGE('',*,*,#1698,.T.);
#1698=EDGE_CURVE('',#1692,#1699,#1701,.T.);
#1699=VERTEX_POINT('',#1700);
#1700=CARTESIAN_POINT('',(10.5,13.17,1.6));
#1701=LINE('',#1702,#223);
#1702=CARTESIAN_POINT('',(4.445,13.17,1.6));
#1703=ORIENTED_EDGE('',*,*,#1704,.T.);
#1704=EDGE_CURVE('',#1699,#1705,#274,.T.);
#1705=VERTEX_POINT('',#1706);
#1706=CARTESIAN_POINT('',(10.5,12.23,1.6));
#1707=ORIENTED_EDGE('',*,*,#1708,.T.);
#1708=EDGE_CURVE('',#1705,#1709,#1711,.T.);
#1709=VERTEX_POINT('',#1710);
#1710=CARTESIAN_POINT('',(8.89,12.23,1.6));
#1711=LINE('',#1712,#301);
#1712=CARTESIAN_POINT('',(6.055,12.23,1.6));
#1713=ORIENTED_EDGE('',*,*,#1714,.F.);
#1714=EDGE_CURVE('',#1715,#1709,#1717,.T.);
#1715=VERTEX_POINT('',#1716);
#1716=CARTESIAN_POINT('',(8.89,10.63,1.6));
#1717=CIRCLE('',#1718,0.8);
#1718=AXIS2_PLACEMENT_3D('',#1719,#280,#268);
#1719=CARTESIAN_POINT('',(8.89,11.43,1.6));
#1720=ORIENTED_EDGE('',*,*,#1721,.T.);
#1721=EDGE_CURVE('',#1715,#1722,#1724,.T.);
#1722=VERTEX_POINT('',#1723);
#1723=CARTESIAN_POINT('',(10.5,10.63,1.6));
#1724=LINE('',#1725,#223);
#1725=CARTESIAN_POINT('',(4.445,10.63,1.6));
#1726=ORIENTED_EDGE('',*,*,#1727,.T.);
#1727=EDGE_CURVE('',#1722,#1728,#274,.T.);
#1728=VERTEX_POINT('',#1729);
#1729=CARTESIAN_POINT('',(10.5,9.69,1.6));
#1730=ORIENTED_EDGE('',*,*,#1731,.T.);
#1731=EDGE_CURVE('',#1728,#1732,#1734,.T.);
#1732=VERTEX_POINT('',#1733);
#1733=CARTESIAN_POINT('',(8.89,9.69,1.6));
#1734=LINE('',#1735,#301);
#1735=CARTESIAN_POINT('',(6.055,9.69,1.6));
#1736=ORIENTED_EDGE('',*,*,#1737,.F.);
#1737=EDGE_CURVE('',#1738,#1732,#1740,.T.);
#1738=VERTEX_POINT('',#1739);
#1739=CARTESIAN_POINT('',(8.89,8.09,1.6));
#1740=CIRCLE('',#1741,0.8);
#1741=AXIS2_PLACEMENT_3D('',#1742,#280,#268);
#1742=CARTESIAN_POINT('',(8.89,8.89,1.6));
#1743=ORIENTED_EDGE('',*,*,#1744,.T.);
#1744=EDGE_CURVE('',#1738,#1745,#1747,.T.);
#1745=VERTEX_POINT('',#1746);
#1746=CARTESIAN_POINT('',(10.5,8.09,1.6));
#1747=LINE('',#1748,#223);
#1748=CARTESIAN_POINT('',(4.445,8.09,1.6));
#1749=ORIENTED_EDGE('',*,*,#1750,.T.);
#1750=EDGE_CURVE('',#1745,#1751,#274,.T.);
#1751=VERTEX_POINT('',#1752);
#1752=CARTESIAN_POINT('',(10.5,7.15,1.6));
#1753=ORIENTED_EDGE('',*,*,#1754,.T.);
#1754=EDGE_CURVE('',#1751,#1755,#1757,.T.);
#1755=VERTEX_POINT('',#1756);
#1756=CARTESIAN_POINT('',(8.89,7.15,1.6));
#1757=LINE('',#1758,#301);
#1758=CARTESIAN_POINT('',(6.055,7.15,1.6));
#1759=ORIENTED_EDGE('',*,*,#1760,.F.);
#1760=EDGE_CURVE('',#1761,#1755,#1763,.T.);
#1761=VERTEX_POINT('',#1762);
#1762=CARTESIAN_POINT('',(8.89,5.55,1.6));
#1763=CIRCLE('',#1764,0.8);
#1764=AXIS2_PLACEMENT_3D('',#1765,#280,#268);
#1765=CARTESIAN_POINT('',(8.89,6.35,1.6));
#1766=ORIENTED_EDGE('',*,*,#1767,.T.);
#1767=EDGE_CURVE('',#1761,#1768,#1770,.T.);
#1768=VERTEX_POINT('',#1769);
#1769=CARTESIAN_POINT('',(10.5,5.55,1.6));
#1770=LINE('',#1771,#223);
#1771=CARTESIAN_POINT('',(4.445,5.55,1.6));
#1772=ORIENTED_EDGE('',*,*,#1773,.T.);
#1773=EDGE_CURVE('',#1768,#1774,#274,.T.);
#1774=VERTEX_POINT('',#1775);
#1775=CARTESIAN_POINT('',(10.5,4.61,1.6));
#1776=ORIENTED_EDGE('',*,*,#1777,.T.);
#1777=EDGE_CURVE('',#1774,#1778,#1780,.T.);
#1778=VERTEX_POINT('',#1779);
#1779=CARTESIAN_POINT('',(8.89,4.61,1.6));
#1780=LINE('',#1781,#301);
#1781=CARTESIAN_POINT('',(6.055,4.61,1.6));
#1782=ORIENTED_EDGE('',*,*,#1783,.F.);
#1783=EDGE_CURVE('',#1784,#1778,#1786,.T.);
#1784=VERTEX_POINT('',#1785);
#1785=CARTESIAN_POINT('',(8.89,3.01,1.6));
#1786=CIRCLE('',#1787,0.8);
#1787=AXIS2_PLACEMENT_3D('',#1788,#280,#268);
#1788=CARTESIAN_POINT('',(8.89,3.81,1.6));
#1789=ORIENTED_EDGE('',*,*,#1790,.T.);
#1790=EDGE_CURVE('',#1784,#1791,#1793,.T.);
#1791=VERTEX_POINT('',#1792);
#1792=CARTESIAN_POINT('',(10.5,3.01,1.6));
#1793=LINE('',#1794,#223);
#1794=CARTESIAN_POINT('',(4.445,3.01,1.6));
#1795=ORIENTED_EDGE('',*,*,#1796,.T.);
#1796=EDGE_CURVE('',#1791,#1797,#274,.T.);
#1797=VERTEX_POINT('',#1798);
#1798=CARTESIAN_POINT('',(10.5,2.07,1.6));
#1799=ORIENTED_EDGE('',*,*,#1800,.T.);
#1800=EDGE_CURVE('',#1797,#1801,#1803,.T.);
#1801=VERTEX_POINT('',#1802);
#1802=CARTESIAN_POINT('',(8.89,2.07,1.6));
#1803=LINE('',#1804,#301);
#1804=CARTESIAN_POINT('',(6.055,2.07,1.6));
#1805=ORIENTED_EDGE('',*,*,#1806,.F.);
#1806=EDGE_CURVE('',#1807,#1801,#1809,.T.);
#1807=VERTEX_POINT('',#1808);
#1808=CARTESIAN_POINT('',(8.89,0.47,1.6));
#1809=CIRCLE('',#1810,0.8);
#1810=AXIS2_PLACEMENT_3D('',#1811,#280,#268);
#1811=CARTESIAN_POINT('',(8.89,1.27,1.6));
#1812=ORIENTED_EDGE('',*,*,#1813,.T.);
#1813=EDGE_CURVE('',#1807,#1814,#1816,.T.);
#1814=VERTEX_POINT('',#1815);
#1815=CARTESIAN_POINT('',(10.5,0.47,1.6));
#1816=LINE('',#1817,#223);
#1817=CARTESIAN_POINT('',(4.445,0.47,1.6));
#1818=ORIENTED_EDGE('',*,*,#1819,.T.);
#1819=EDGE_CURVE('',#1814,#1820,#274,.T.);
#1820=VERTEX_POINT('',#1821);
#1821=CARTESIAN_POINT('',(10.5,-0.47,1.6));
#1822=ORIENTED_EDGE('',*,*,#1823,.T.);
#1823=EDGE_CURVE('',#1820,#1824,#1826,.T.);
#1824=VERTEX_POINT('',#1825);
#1825=CARTESIAN_POINT('',(8.89,-0.47,1.6));
#1826=LINE('',#1827,#301);
#1827=CARTESIAN_POINT('',(6.055,-0.47,1.6));
#1828=ORIENTED_EDGE('',*,*,#1829,.F.);
#1829=EDGE_CURVE('',#1830,#1824,#1832,.T.);
#1830=VERTEX_POINT('',#1831);
#1831=CARTESIAN_POINT('',(8.89,-2.07,1.6));
#1832=CIRCLE('',#1833,0.8);
#1833=AXIS2_PLACEMENT_3D('',#1834,#280,#268);
#1834=CARTESIAN_POINT('',(8.89,-1.27,1.6));
#1835=ORIENTED_EDGE('',*,*,#1836,.T.);
#1836=EDGE_CURVE('',#1830,#1837,#1839,.T.);
#1837=VERTEX_POINT('',#1838);
#1838=CARTESIAN_POINT('',(10.5,-2.07,1.6));
#1839=LINE('',#1840,#223);
#1840=CARTESIAN_POINT('',(4.445,-2.07,1.6));
#1841=ORIENTED_EDGE('',*,*,#1842,.T.);
#1842=EDGE_CURVE('',#1837,#1843,#274,.T.);
#1843=VERTEX_POINT('',#1844);
#1844=CARTESIAN_POINT('',(10.5,-3.01,1.6));
#1845=ORIENTED_EDGE('',*,*,#1846,.T.);
#1846=EDGE_CURVE('',#1843,#1847,#1849,.T.);
#1847=VERTEX_POINT('',#1848);
#1848=CARTESIAN_POINT('',(8.89,-3.01,1.6));
#1849=LINE('',#1850,#301);
#1850=CARTESIAN_POINT('',(6.055,-3.01,1.6));
#1851=ORIENTED_EDGE('',*,*,#1852,.F.);
#1852=EDGE_CURVE('',#1853,#1847,#1855,.T.);
#1853=VERTEX_POINT('',#1854);
#1854=CARTESIAN_POINT('',(8.89,-4.61,1.6));
#1855=CIRCLE('',#1856,0.8);
#1856=AXIS2_PLACEMENT_3D('',#1857,#280,#268);
#1857=CARTESIAN_POINT('',(8.89,-3.81,1.6));
#1858=ORIENTED_EDGE('',*,*,#1859,.T.);
#1859=EDGE_CURVE('',#1853,#1860,#1862,.T.);
#1860=VERTEX_POINT('',#1861);
#1861=CARTESIAN_POINT('',(10.5,-4.61,1.6));
#1862=LINE('',#1863,#223);
#1863=CARTESIAN_POINT('',(4.445,-4.61,1.6));
#1864=ORIENTED_EDGE('',*,*,#1865,.T.);
#1865=EDGE_CURVE('',#1860,#1866,#274,.T.);
#1866=VERTEX_POINT('',#1867);
#1867=CARTESIAN_POINT('',(10.5,-5.55,1.6));
#1868=ORIENTED_EDGE('',*,*,#1869,.T.);
#1869=EDGE_CURVE('',#1866,#1870,#1872,.T.);
#1870=VERTEX_POINT('',#1871);
#1871=CARTESIAN_POINT('',(8.89,-5.55,1.6));
#1872=LINE('',#1873,#301);
#1873=CARTESIAN_POINT('',(6.055,-5.55,1.6));
#1874=ORIENTED_EDGE('',*,*,#1875,.F.);
#1875=EDGE_CURVE('',#1876,#1870,#1878,.T.);
#1876=VERTEX_POINT('',#1877);
#1877=CARTESIAN_POINT('',(8.89,-7.15,1.6));
#1878=CIRCLE('',#1879,0.8);
#1879=AXIS2_PLACEMENT_3D('',#1880,#280,#268);
#1880=CARTESIAN_POINT('',(8.89,-6.35,1.6));
#1881=ORIENTED_EDGE('',*,*,#1882,.T.);
#1882=EDGE_CURVE('',#1876,#1883,#1885,.T.);
#1883=VERTEX_POINT('',#1884);
#1884=CARTESIAN_POINT('',(10.5,-7.15,1.6));
#1885=LINE('',#1886,#223);
#1886=CARTESIAN_POINT('',(4.445,-7.15,1.6));
#1887=ORIENTED_EDGE('',*,*,#1888,.T.);
#1888=EDGE_CURVE('',#1883,#1889,#274,.T.);
#1889=VERTEX_POINT('',#1890);
#1890=CARTESIAN_POINT('',(10.5,-8.09,1.6));
#1891=ORIENTED_EDGE('',*,*,#1892,.T.);
#1892=EDGE_CURVE('',#1889,#1893,#1895,.T.);
#1893=VERTEX_POINT('',#1894);
#1894=CARTESIAN_POINT('',(8.89,-8.09,1.6));
#1895=LINE('',#1896,#301);
#1896=CARTESIAN_POINT('',(6.055,-8.09,1.6));
#1897=ORIENTED_EDGE('',*,*,#1898,.F.);
#1898=EDGE_CURVE('',#1899,#1893,#1901,.T.);
#1899=VERTEX_POINT('',#1900);
#1900=CARTESIAN_POINT('',(8.89,-9.69,1.6));
#1901=CIRCLE('',#1902,0.8);
#1902=AXIS2_PLACEMENT_3D('',#1903,#280,#268);
#1903=CARTESIAN_POINT('',(8.89,-8.89,1.6));
#1904=ORIENTED_EDGE('',*,*,#1905,.T.);
#1905=EDGE_CURVE('',#1899,#1906,#1908,.T.);
#1906=VERTEX_POINT('',#1907);
#1907=CARTESIAN_POINT('',(10.5,-9.69,1.6));
#1908=LINE('',#1909,#223);
#1909=CARTESIAN_POINT('',(4.445,-9.69,1.6));
#1910=ORIENTED_EDGE('',*,*,#1911,.T.);
#1911=EDGE_CURVE('',#1906,#1912,#274,.T.);
#1912=VERTEX_POINT('',#1913);
#1913=CARTESIAN_POINT('',(10.5,-10.63,1.6));
#1914=ORIENTED_EDGE('',*,*,#1915,.T.);
#1915=EDGE_CURVE('',#1912,#1916,#1918,.T.);
#1916=VERTEX_POINT('',#1917);
#1917=CARTESIAN_POINT('',(8.89,-10.63,1.6));
#1918=LINE('',#1919,#301);
#1919=CARTESIAN_POINT('',(6.055,-10.63,1.6));
#1920=ORIENTED_EDGE('',*,*,#1921,.F.);
#1921=EDGE_CURVE('',#1922,#1916,#1924,.T.);
#1922=VERTEX_POINT('',#1923);
#1923=CARTESIAN_POINT('',(8.89,-12.23,1.6));
#1924=CIRCLE('',#1925,0.8);
#1925=AXIS2_PLACEMENT_3D('',#1926,#280,#268);
#1926=CARTESIAN_POINT('',(8.89,-11.43,1.6));
#1927=ORIENTED_EDGE('',*,*,#1928,.T.);
#1928=EDGE_CURVE('',#1922,#1929,#1931,.T.);
#1929=VERTEX_POINT('',#1930);
#1930=CARTESIAN_POINT('',(10.5,-12.23,1.6));
#1931=LINE('',#1932,#223);
#1932=CARTESIAN_POINT('',(4.445,-12.23,1.6));
#1933=ORIENTED_EDGE('',*,*,#1934,.T.);
#1934=EDGE_CURVE('',#1929,#1935,#274,.T.);
#1935=VERTEX_POINT('',#1936);
#1936=CARTESIAN_POINT('',(10.5,-13.17,1.6));
#1937=ORIENTED_EDGE('',*,*,#1938,.T.);
#1938=EDGE_CURVE('',#1935,#1939,#1941,.T.);
#1939=VERTEX_POINT('',#1940);
#1940=CARTESIAN_POINT('',(8.89,-13.17,1.6));
#1941=LINE('',#1942,#301);
#1942=CARTESIAN_POINT('',(6.055,-13.17,1.6));
#1943=ORIENTED_EDGE('',*,*,#1944,.F.);
#1944=EDGE_CURVE('',#1945,#1939,#1947,.T.);
#1945=VERTEX_POINT('',#1946);
#1946=CARTESIAN_POINT('',(8.89,-14.77,1.6));
#1947=CIRCLE('',#1948,0.8);
#1948=AXIS2_PLACEMENT_3D('',#1949,#280,#268);
#1949=CARTESIAN_POINT('',(8.89,-13.97,1.6));
#1950=ORIENTED_EDGE('',*,*,#1951,.T.);
#1951=EDGE_CURVE('',#1945,#1952,#1954,.T.);
#1952=VERTEX_POINT('',#1953);
#1953=CARTESIAN_POINT('',(10.5,-14.77,1.6));
#1954=LINE('',#1955,#223);
#1955=CARTESIAN_POINT('',(4.445,-14.77,1.6));
#1956=ORIENTED_EDGE('',*,*,#1957,.T.);
#1957=EDGE_CURVE('',#1952,#1958,#274,.T.);
#1958=VERTEX_POINT('',#1959);
#1959=CARTESIAN_POINT('',(10.5,-15.71,1.6));
#1960=ORIENTED_EDGE('',*,*,#1961,.T.);
#1961=EDGE_CURVE('',#1958,#1962,#1964,.T.);
#1962=VERTEX_POINT('',#1963);
#1963=CARTESIAN_POINT('',(8.89,-15.71,1.6));
#1964=LINE('',#1965,#301);
#1965=CARTESIAN_POINT('',(6.055,-15.71,1.6));
#1966=ORIENTED_EDGE('',*,*,#1967,.F.);
#1967=EDGE_CURVE('',#1968,#1962,#1970,.T.);
#1968=VERTEX_POINT('',#1969);
#1969=CARTESIAN_POINT('',(8.89,-17.31,1.6));
#1970=CIRCLE('',#1971,0.8);
#1971=AXIS2_PLACEMENT_3D('',#1972,#280,#268);
#1972=CARTESIAN_POINT('',(8.89,-16.51,1.6));
#1973=ORIENTED_EDGE('',*,*,#1974,.T.);
#1974=EDGE_CURVE('',#1968,#1975,#1977,.T.);
#1975=VERTEX_POINT('',#1976);
#1976=CARTESIAN_POINT('',(10.5,-17.31,1.6));
#1977=LINE('',#1978,#223);
#1978=CARTESIAN_POINT('',(4.445,-17.31,1.6));
#1979=ORIENTED_EDGE('',*,*,#1980,.T.);
#1980=EDGE_CURVE('',#1975,#1981,#274,.T.);
#1981=VERTEX_POINT('',#1982);
#1982=CARTESIAN_POINT('',(10.5,-18.25,1.6));
#1983=ORIENTED_EDGE('',*,*,#1984,.T.);
#1984=EDGE_CURVE('',#1981,#1985,#1987,.T.);
#1985=VERTEX_POINT('',#1986);
#1986=CARTESIAN_POINT('',(8.89,-18.25,1.6));
#1987=LINE('',#1988,#301);
#1988=CARTESIAN_POINT('',(6.055,-18.25,1.6));
#1989=ORIENTED_EDGE('',*,*,#1990,.F.);
#1990=EDGE_CURVE('',#1991,#1985,#1993,.T.);
#1991=VERTEX_POINT('',#1992);
#1992=CARTESIAN_POINT('',(8.89,-19.85,1.6));
#1993=CIRCLE('',#1994,0.8);
#1994=AXIS2_PLACEMENT_3D('',#1995,#280,#268);
#1995=CARTESIAN_POINT('',(8.89,-19.05,1.6));
#1996=ORIENTED_EDGE('',*,*,#1997,.T.);
#1997=EDGE_CURVE('',#1991,#1998,#2000,.T.);
#1998=VERTEX_POINT('',#1999);
#1999=CARTESIAN_POINT('',(10.5,-19.85,1.6));
#2000=LINE('',#2001,#223);
#2001=CARTESIAN_POINT('',(4.445,-19.85,1.6));
#2002=ORIENTED_EDGE('',*,*,#2003,.T.);
#2003=EDGE_CURVE('',#1998,#2004,#274,.T.);
#2004=VERTEX_POINT('',#2005);
#2005=CARTESIAN_POINT('',(10.5,-20.79,1.6));
#2006=ORIENTED_EDGE('',*,*,#2007,.T.);
#2007=EDGE_CURVE('',#2004,#2008,#2010,.T.);
#2008=VERTEX_POINT('',#2009);
#2009=CARTESIAN_POINT('',(8.89,-20.79,1.6));
#2010=LINE('',#2011,#301);
#2011=CARTESIAN_POINT('',(6.055,-20.79,1.6));
#2012=ORIENTED_EDGE('',*,*,#2013,.F.);
#2013=EDGE_CURVE('',#2014,#2008,#2016,.T.);
#2014=VERTEX_POINT('',#2015);
#2015=CARTESIAN_POINT('',(8.89,-22.39,1.6));
#2016=CIRCLE('',#2017,0.8);
#2017=AXIS2_PLACEMENT_3D('',#2018,#280,#268);
#2018=CARTESIAN_POINT('',(8.89,-21.59,1.6));
#2019=ORIENTED_EDGE('',*,*,#2020,.T.);
#2020=EDGE_CURVE('',#2014,#2021,#2023,.T.);
#2021=VERTEX_POINT('',#2022);
#2022=CARTESIAN_POINT('',(10.5,-22.39,1.6));
#2023=LINE('',#2024,#223);
#2024=CARTESIAN_POINT('',(4.445,-22.39,1.6));
#2025=ORIENTED_EDGE('',*,*,#2026,.T.);
#2026=EDGE_CURVE('',#2021,#2027,#274,.T.);
#2027=VERTEX_POINT('',#2028);
#2028=CARTESIAN_POINT('',(10.5,-23.33,1.6));
#2029=ORIENTED_EDGE('',*,*,#2030,.T.);
#2030=EDGE_CURVE('',#2027,#2031,#2033,.T.);
#2031=VERTEX_POINT('',#2032);
#2032=CARTESIAN_POINT('',(8.89,-23.33,1.6));
#2033=LINE('',#2034,#301);
#2034=CARTESIAN_POINT('',(6.055,-23.33,1.6));
#2035=ORIENTED_EDGE('',*,*,#2036,.F.);
#2036=EDGE_CURVE('',#2037,#2031,#2039,.T.);
#2037=VERTEX_POINT('',#2038);
#2038=CARTESIAN_POINT('',(8.89,-24.93,1.6));
#2039=CIRCLE('',#2040,0.8);
#2040=AXIS2_PLACEMENT_3D('',#2041,#280,#268);
#2041=CARTESIAN_POINT('',(8.89,-24.13,1.6));
#2042=ORIENTED_EDGE('',*,*,#2043,.T.);
#2043=EDGE_CURVE('',#2037,#2044,#2046,.T.);
#2044=VERTEX_POINT('',#2045);
#2045=CARTESIAN_POINT('',(10.5,-24.93,1.6));
#2046=LINE('',#2047,#223);
#2047=CARTESIAN_POINT('',(4.445,-24.93,1.6));
#2048=ORIENTED_EDGE('',*,*,#2049,.T.);
#2049=EDGE_CURVE('',#2044,#2050,#274,.T.);
#2050=VERTEX_POINT('',#2051);
#2051=CARTESIAN_POINT('',(10.5,-25.5,1.6));
#2052=ORIENTED_EDGE('',*,*,#2053,.T.);
#2053=EDGE_CURVE('',#2050,#2054,#2055,.T.);
#2054=VERTEX_POINT('',#254);
#2055=LINE('',#2051,#301);
#2056=ORIENTED_EDGE('',*,*,#2057,.T.);
#2057=EDGE_CURVE('',#2054,#2058,#253,.T.);
#2058=VERTEX_POINT('',#2059);
#2059=CARTESIAN_POINT('',(-10.5,-24.93,1.6));
#2060=ORIENTED_EDGE('',*,*,#2061,.T.);
#2061=EDGE_CURVE('',#2058,#2062,#2064,.T.);
#2062=VERTEX_POINT('',#2063);
#2063=CARTESIAN_POINT('',(-8.89,-24.93,1.6));
#2064=LINE('',#2065,#223);
#2065=CARTESIAN_POINT('',(-6.055,-24.93,1.6));
#2066=ORIENTED_EDGE('',*,*,#2067,.F.);
#2067=EDGE_CURVE('',#2068,#2062,#2070,.T.);
#2068=VERTEX_POINT('',#2069);
#2069=CARTESIAN_POINT('',(-8.89,-23.33,1.6));
#2070=CIRCLE('',#2071,0.8);
#2071=AXIS2_PLACEMENT_3D('',#2072,#280,#234);
#2072=CARTESIAN_POINT('',(-8.89,-24.13,1.6));
#2073=ORIENTED_EDGE('',*,*,#2074,.T.);
#2074=EDGE_CURVE('',#2068,#2075,#2077,.T.);
#2075=VERTEX_POINT('',#2076);
#2076=CARTESIAN_POINT('',(-10.5,-23.33,1.6));
#2077=LINE('',#2078,#301);
#2078=CARTESIAN_POINT('',(-4.445,-23.33,1.6));
#2079=ORIENTED_EDGE('',*,*,#2080,.T.);
#2080=EDGE_CURVE('',#2075,#2081,#253,.T.);
#2081=VERTEX_POINT('',#2082);
#2082=CARTESIAN_POINT('',(-10.5,-22.39,1.6));
#2083=ORIENTED_EDGE('',*,*,#2084,.T.);
#2084=EDGE_CURVE('',#2081,#2085,#2087,.T.);
#2085=VERTEX_POINT('',#2086);
#2086=CARTESIAN_POINT('',(-8.89,-22.39,1.6));
#2087=LINE('',#2088,#223);
#2088=CARTESIAN_POINT('',(-6.055,-22.39,1.6));
#2089=ORIENTED_EDGE('',*,*,#2090,.F.);
#2090=EDGE_CURVE('',#2091,#2085,#2093,.T.);
#2091=VERTEX_POINT('',#2092);
#2092=CARTESIAN_POINT('',(-8.89,-20.79,1.6));
#2093=CIRCLE('',#2094,0.8);
#2094=AXIS2_PLACEMENT_3D('',#2095,#280,#234);
#2095=CARTESIAN_POINT('',(-8.89,-21.59,1.6));
#2096=ORIENTED_EDGE('',*,*,#2097,.T.);
#2097=EDGE_CURVE('',#2091,#2098,#2100,.T.);
#2098=VERTEX_POINT('',#2099);
#2099=CARTESIAN_POINT('',(-10.5,-20.79,1.6));
#2100=LINE('',#2101,#301);
#2101=CARTESIAN_POINT('',(-4.445,-20.79,1.6));
#2102=ORIENTED_EDGE('',*,*,#2103,.T.);
#2103=EDGE_CURVE('',#2098,#2104,#253,.T.);
#2104=VERTEX_POINT('',#2105);
#2105=CARTESIAN_POINT('',(-10.5,-19.85,1.6));
#2106=ORIENTED_EDGE('',*,*,#2107,.T.);
#2107=EDGE_CURVE('',#2104,#2108,#2110,.T.);
#2108=VERTEX_POINT('',#2109);
#2109=CARTESIAN_POINT('',(-8.89,-19.85,1.6));
#2110=LINE('',#2111,#223);
#2111=CARTESIAN_POINT('',(-6.055,-19.85,1.6));
#2112=ORIENTED_EDGE('',*,*,#2113,.F.);
#2113=EDGE_CURVE('',#2114,#2108,#2116,.T.);
#2114=VERTEX_POINT('',#2115);
#2115=CARTESIAN_POINT('',(-8.89,-18.25,1.6));
#2116=CIRCLE('',#2117,0.8);
#2117=AXIS2_PLACEMENT_3D('',#2118,#280,#234);
#2118=CARTESIAN_POINT('',(-8.89,-19.05,1.6));
#2119=ORIENTED_EDGE('',*,*,#2120,.T.);
#2120=EDGE_CURVE('',#2114,#2121,#2123,.T.);
#2121=VERTEX_POINT('',#2122);
#2122=CARTESIAN_POINT('',(-10.5,-18.25,1.6));
#2123=LINE('',#2124,#301);
#2124=CARTESIAN_POINT('',(-4.445,-18.25,1.6));
#2125=ORIENTED_EDGE('',*,*,#2126,.T.);
#2126=EDGE_CURVE('',#2121,#2127,#253,.T.);
#2127=VERTEX_POINT('',#2128);
#2128=CARTESIAN_POINT('',(-10.5,-17.31,1.6));
#2129=ORIENTED_EDGE('',*,*,#2130,.T.);
#2130=EDGE_CURVE('',#2127,#2131,#2133,.T.);
#2131=VERTEX_POINT('',#2132);
#2132=CARTESIAN_POINT('',(-8.89,-17.31,1.6));
#2133=LINE('',#2134,#223);
#2134=CARTESIAN_POINT('',(-6.055,-17.31,1.6));
#2135=ORIENTED_EDGE('',*,*,#2136,.F.);
#2136=EDGE_CURVE('',#2137,#2131,#2139,.T.);
#2137=VERTEX_POINT('',#2138);
#2138=CARTESIAN_POINT('',(-8.89,-15.71,1.6));
#2139=CIRCLE('',#2140,0.8);
#2140=AXIS2_PLACEMENT_3D('',#2141,#280,#234);
#2141=CARTESIAN_POINT('',(-8.89,-16.51,1.6));
#2142=ORIENTED_EDGE('',*,*,#2143,.T.);
#2143=EDGE_CURVE('',#2137,#2144,#2146,.T.);
#2144=VERTEX_POINT('',#2145);
#2145=CARTESIAN_POINT('',(-10.5,-15.71,1.6));
#2146=LINE('',#2147,#301);
#2147=CARTESIAN_POINT('',(-4.445,-15.71,1.6));
#2148=ORIENTED_EDGE('',*,*,#2149,.T.);
#2149=EDGE_CURVE('',#2144,#2150,#253,.T.);
#2150=VERTEX_POINT('',#2151);
#2151=CARTESIAN_POINT('',(-10.5,-14.77,1.6));
#2152=ORIENTED_EDGE('',*,*,#2153,.T.);
#2153=EDGE_CURVE('',#2150,#2154,#2156,.T.);
#2154=VERTEX_POINT('',#2155);
#2155=CARTESIAN_POINT('',(-8.89,-14.77,1.6));
#2156=LINE('',#2157,#223);
#2157=CARTESIAN_POINT('',(-6.055,-14.77,1.6));
#2158=ORIENTED_EDGE('',*,*,#2159,.F.);
#2159=EDGE_CURVE('',#2160,#2154,#2162,.T.);
#2160=VERTEX_POINT('',#2161);
#2161=CARTESIAN_POINT('',(-8.89,-13.17,1.6));
#2162=CIRCLE('',#2163,0.8);
#2163=AXIS2_PLACEMENT_3D('',#2164,#280,#234);
#2164=CARTESIAN_POINT('',(-8.89,-13.97,1.6));
#2165=ORIENTED_EDGE('',*,*,#2166,.T.);
#2166=EDGE_CURVE('',#2160,#2167,#2169,.T.);
#2167=VERTEX_POINT('',#2168);
#2168=CARTESIAN_POINT('',(-10.5,-13.17,1.6));
#2169=LINE('',#2170,#301);
#2170=CARTESIAN_POINT('',(-4.445,-13.17,1.6));
#2171=ORIENTED_EDGE('',*,*,#2172,.T.);
#2172=EDGE_CURVE('',#2167,#2173,#253,.T.);
#2173=VERTEX_POINT('',#2174);
#2174=CARTESIAN_POINT('',(-10.5,-12.23,1.6));
#2175=ORIENTED_EDGE('',*,*,#2176,.T.);
#2176=EDGE_CURVE('',#2173,#2177,#2179,.T.);
#2177=VERTEX_POINT('',#2178);
#2178=CARTESIAN_POINT('',(-8.89,-12.23,1.6));
#2179=LINE('',#2180,#223);
#2180=CARTESIAN_POINT('',(-6.055,-12.23,1.6));
#2181=ORIENTED_EDGE('',*,*,#2182,.F.);
#2182=EDGE_CURVE('',#2183,#2177,#2185,.T.);
#2183=VERTEX_POINT('',#2184);
#2184=CARTESIAN_POINT('',(-8.89,-10.63,1.6));
#2185=CIRCLE('',#2186,0.8);
#2186=AXIS2_PLACEMENT_3D('',#2187,#280,#234);
#2187=CARTESIAN_POINT('',(-8.89,-11.43,1.6));
#2188=ORIENTED_EDGE('',*,*,#2189,.T.);
#2189=EDGE_CURVE('',#2183,#2190,#2192,.T.);
#2190=VERTEX_POINT('',#2191);
#2191=CARTESIAN_POINT('',(-10.5,-10.63,1.6));
#2192=LINE('',#2193,#301);
#2193=CARTESIAN_POINT('',(-4.445,-10.63,1.6));
#2194=ORIENTED_EDGE('',*,*,#2195,.T.);
#2195=EDGE_CURVE('',#2190,#2196,#253,.T.);
#2196=VERTEX_POINT('',#2197);
#2197=CARTESIAN_POINT('',(-10.5,-9.69,1.6));
#2198=ORIENTED_EDGE('',*,*,#2199,.T.);
#2199=EDGE_CURVE('',#2196,#1284,#2200,.T.);
#2200=LINE('',#2201,#223);
#2201=CARTESIAN_POINT('',(-6.055,-9.69,1.6));
#2202=FACE_BOUND('',#2203,.F.);
#2203=EDGE_LOOP('',(#2204));
#2204=ORIENTED_EDGE('',*,*,#2205,.T.);
#2205=EDGE_CURVE('',#2206,#2206,#2208,.T.);
#2206=VERTEX_POINT('',#2207);
#2207=CARTESIAN_POINT('',(6.75,-23.5,1.6));
#2208=CIRCLE('',#2209,1.05);
#2209=AXIS2_PLACEMENT_3D('',#2210,#13,#14);
#2210=CARTESIAN_POINT('',(5.7,-23.5,1.6));
#2211=FACE_BOUND('',#2212,.F.);
#2212=EDGE_LOOP('',(#2213));
#2213=ORIENTED_EDGE('',*,*,#2214,.F.);
#2214=EDGE_CURVE('',#2215,#2215,#2217,.T.);
#2215=VERTEX_POINT('',#2216);
#2216=CARTESIAN_POINT('',(6.1641,-5.7,1.6));
#2217=CIRCLE('',#2218,0.5);
#2218=AXIS2_PLACEMENT_3D('',#2219,#280,#14);
#2219=CARTESIAN_POINT('',(5.6641,-5.7,1.6));
#2220=FACE_BOUND('',#2221,.F.);
#2221=EDGE_LOOP('',(#2222));
#2222=ORIENTED_EDGE('',*,*,#2223,.F.);
#2223=EDGE_CURVE('',#2224,#2224,#2226,.T.);
#2224=VERTEX_POINT('',#2225);
#2225=CARTESIAN_POINT('',(3.6241,-5.7,1.6));
#2226=CIRCLE('',#2227,0.5);
#2227=AXIS2_PLACEMENT_3D('',#2228,#280,#14);
#2228=CARTESIAN_POINT('',(3.1241,-5.7,1.6));
#2229=FACE_BOUND('',#2230,.F.);
#2230=EDGE_LOOP('',(#2231));
#2231=ORIENTED_EDGE('',*,*,#2232,.F.);
#2232=EDGE_CURVE('',#2233,#2233,#2235,.T.);
#2233=VERTEX_POINT('',#2234);
#2234=CARTESIAN_POINT('',(1.0841,-5.7,1.6));
#2235=CIRCLE('',#2236,0.5);
#2236=AXIS2_PLACEMENT_3D('',#2237,#280,#14);
#2237=CARTESIAN_POINT('',(0.5841,-5.7,1.6));
#2238=FACE_BOUND('',#2239,.F.);
#2239=EDGE_LOOP('',(#2240));
#2240=ORIENTED_EDGE('',*,*,#2241,.T.);
#2241=EDGE_CURVE('',#2242,#2242,#2244,.T.);
#2242=VERTEX_POINT('',#2243);
#2243=CARTESIAN_POINT('',(-4.65,-23.5,1.6));
#2244=CIRCLE('',#2245,1.05);
#2245=AXIS2_PLACEMENT_3D('',#2246,#13,#14);
#2246=CARTESIAN_POINT('',(-5.7,-23.5,1.6));
#2247=FACE_BOUND('',#2248,.F.);
#2248=EDGE_LOOP('',(#2249));
#2249=ORIENTED_EDGE('',*,*,#2250,.T.);
#2250=EDGE_CURVE('',#2251,#2251,#2253,.T.);
#2251=VERTEX_POINT('',#2252);
#2252=CARTESIAN_POINT('',(6.75,23.5,1.6));
#2253=CIRCLE('',#2254,1.05);
#2254=AXIS2_PLACEMENT_3D('',#2255,#13,#14);
#2255=CARTESIAN_POINT('',(5.7,23.5,1.6));
#2256=FACE_BOUND('',#2257,.F.);
#2257=EDGE_LOOP('',(#2258));
#2258=ORIENTED_EDGE('',*,*,#2259,.T.);
#2259=EDGE_CURVE('',#2260,#2260,#2262,.T.);
#2260=VERTEX_POINT('',#2261);
#2261=CARTESIAN_POINT('',(-4.65,23.5,1.6));
#2262=CIRCLE('',#2263,1.05);
#2263=AXIS2_PLACEMENT_3D('',#2264,#13,#14);
#2264=CARTESIAN_POINT('',(-5.7,23.5,1.6));
#2265=PLANE('',#2266);
#2266=AXIS2_PLACEMENT_3D('',#2267,#280,#258);
#2267=CARTESIAN_POINT('',(0.,0.,1.6));
#2268=ADVANCED_FACE('',(#2269),#2277,.T.);
#2269=FACE_BOUND('',#2270,.T.);
#2270=EDGE_LOOP('',(#2271,#2272,#1588,#2276));
#2271=ORIENTED_EDGE('',*,*,#596,.F.);
#2272=ORIENTED_EDGE('',*,*,#2273,.T.);
#2273=EDGE_CURVE('',#590,#1583,#2274,.T.);
#2274=LINE('',#2275,#217);
#2275=CARTESIAN_POINT('',(-8.89,24.93,-51.0000002));
#2276=ORIENTED_EDGE('',*,*,#246,.F.);
#2277=PLANE('',#2278);
#2278=AXIS2_PLACEMENT_3D('',#2275,#268,#258);
#2279=ADVANCED_FACE('',(#2280),#2288,.T.);
#2280=FACE_BOUND('',#2281,.T.);
#2281=EDGE_LOOP('',(#2282,#2286,#2287,#1592));
#2282=ORIENTED_EDGE('',*,*,#2283,.F.);
#2283=EDGE_CURVE('',#604,#1594,#2284,.T.);
#2284=LINE('',#2285,#217);
#2285=CARTESIAN_POINT('',(8.89,24.93,-51.0000003));
#2286=ORIENTED_EDGE('',*,*,#603,.F.);
#2287=ORIENTED_EDGE('',*,*,#276,.F.);
#2288=PLANE('',#2289);
#2289=AXIS2_PLACEMENT_3D('',#2290,#268,#258);
#2290=CARTESIAN_POINT('',(12.11,24.93,-51.0000003));
#2291=ADVANCED_FACE('',(#2292),#2303,.F.);
#2292=FACE_BOUND('',#2293,.T.);
#2293=EDGE_LOOP('',(#2294,#2295,#1280,#2299));
#2294=ORIENTED_EDGE('',*,*,#287,.F.);
#2295=ORIENTED_EDGE('',*,*,#2296,.T.);
#2296=EDGE_CURVE('',#288,#1284,#2297,.T.);
#2297=LINE('',#2298,#217);
#2298=CARTESIAN_POINT('',(-8.89,-9.69,-51.0000003));
#2299=ORIENTED_EDGE('',*,*,#2300,.F.);
#2300=EDGE_CURVE('',#290,#1282,#2301,.T.);
#2301=LINE('',#2302,#217);
#2302=CARTESIAN_POINT('',(-8.89,-8.09,-51.0000003));
#2303=CYLINDRICAL_SURFACE('',#2304,0.8);
#2304=AXIS2_PLACEMENT_3D('',#2305,#280,#14);
#2305=CARTESIAN_POINT('',(-8.89,-8.89,-51.0000003));
#2306=ADVANCED_FACE('',(#2307),#2315,.T.);
#2307=FACE_BOUND('',#2308,.T.);
#2308=EDGE_LOOP('',(#2309,#2310,#2311,#2198));
#2309=ORIENTED_EDGE('',*,*,#2296,.F.);
#2310=ORIENTED_EDGE('',*,*,#1209,.F.);
#2311=ORIENTED_EDGE('',*,*,#2312,.F.);
#2312=EDGE_CURVE('',#2196,#1206,#2313,.T.);
#2313=LINE('',#2314,#279);
#2314=CARTESIAN_POINT('',(-10.5,-9.69,-25.50000015));
#2315=PLANE('',#2316);
#2316=AXIS2_PLACEMENT_3D('',#2317,#234,#14);
#2317=CARTESIAN_POINT('',(-12.11,-9.69,-51.0000003));
#2318=ADVANCED_FACE('',(#2319),#256,.T.);
#2319=FACE_BOUND('',#2320,.T.);
#2320=EDGE_LOOP('',(#2321,#2322,#2194,#2326));
#2321=ORIENTED_EDGE('',*,*,#1205,.F.);
#2322=ORIENTED_EDGE('',*,*,#2323,.T.);
#2323=EDGE_CURVE('',#1200,#2190,#2324,.T.);
#2324=LINE('',#2325,#217);
#2325=CARTESIAN_POINT('',(-10.5,-10.63,-25.50000015));
#2326=ORIENTED_EDGE('',*,*,#2312,.T.);
#2327=ADVANCED_FACE('',(#2328),#2336,.T.);
#2328=FACE_BOUND('',#2329,.T.);
#2329=EDGE_LOOP('',(#2330,#2331,#2188,#2335));
#2330=ORIENTED_EDGE('',*,*,#1199,.F.);
#2331=ORIENTED_EDGE('',*,*,#2332,.T.);
#2332=EDGE_CURVE('',#1193,#2183,#2333,.T.);
#2333=LINE('',#2334,#217);
#2334=CARTESIAN_POINT('',(-8.89,-10.63,-51.0000003));
#2335=ORIENTED_EDGE('',*,*,#2323,.F.);
#2336=PLANE('',#2337);
#2337=AXIS2_PLACEMENT_3D('',#2334,#268,#258);
#2338=ADVANCED_FACE('',(#2339),#2347,.F.);
#2339=FACE_BOUND('',#2340,.T.);
#2340=EDGE_LOOP('',(#2341,#2342,#2181,#2346));
#2341=ORIENTED_EDGE('',*,*,#1192,.F.);
#2342=ORIENTED_EDGE('',*,*,#2343,.T.);
#2343=EDGE_CURVE('',#1187,#2177,#2344,.T.);
#2344=LINE('',#2345,#217);
#2345=CARTESIAN_POINT('',(-8.89,-12.23,-51.0000003));
#2346=ORIENTED_EDGE('',*,*,#2332,.F.);
#2347=CYLINDRICAL_SURFACE('',#2348,0.8);
#2348=AXIS2_PLACEMENT_3D('',#2349,#280,#14);
#2349=CARTESIAN_POINT('',(-8.89,-11.43,-51.0000003));
#2350=ADVANCED_FACE('',(#2351),#2359,.T.);
#2351=FACE_BOUND('',#2352,.T.);
#2352=EDGE_LOOP('',(#2353,#2354,#2355,#2175));
#2353=ORIENTED_EDGE('',*,*,#2343,.F.);
#2354=ORIENTED_EDGE('',*,*,#1186,.F.);
#2355=ORIENTED_EDGE('',*,*,#2356,.F.);
#2356=EDGE_CURVE('',#2173,#1183,#2357,.T.);
#2357=LINE('',#2358,#279);
#2358=CARTESIAN_POINT('',(-10.5,-12.23,-25.50000015));
#2359=PLANE('',#2360);
#2360=AXIS2_PLACEMENT_3D('',#2361,#234,#14);
#2361=CARTESIAN_POINT('',(-12.11,-12.23,-51.0000003));
#2362=ADVANCED_FACE('',(#2363),#256,.T.);
#2363=FACE_BOUND('',#2364,.T.);
#2364=EDGE_LOOP('',(#2365,#2366,#2171,#2370));
#2365=ORIENTED_EDGE('',*,*,#1182,.F.);
#2366=ORIENTED_EDGE('',*,*,#2367,.T.);
#2367=EDGE_CURVE('',#1177,#2167,#2368,.T.);
#2368=LINE('',#2369,#217);
#2369=CARTESIAN_POINT('',(-10.5,-13.17,-25.50000015));
#2370=ORIENTED_EDGE('',*,*,#2356,.T.);
#2371=ADVANCED_FACE('',(#2372),#2380,.T.);
#2372=FACE_BOUND('',#2373,.T.);
#2373=EDGE_LOOP('',(#2374,#2375,#2165,#2379));
#2374=ORIENTED_EDGE('',*,*,#1176,.F.);
#2375=ORIENTED_EDGE('',*,*,#2376,.T.);
#2376=EDGE_CURVE('',#1170,#2160,#2377,.T.);
#2377=LINE('',#2378,#217);
#2378=CARTESIAN_POINT('',(-8.89,-13.17,-51.0000003));
#2379=ORIENTED_EDGE('',*,*,#2367,.F.);
#2380=PLANE('',#2381);
#2381=AXIS2_PLACEMENT_3D('',#2378,#268,#258);
#2382=ADVANCED_FACE('',(#2383),#2391,.F.);
#2383=FACE_BOUND('',#2384,.T.);
#2384=EDGE_LOOP('',(#2385,#2386,#2158,#2390));
#2385=ORIENTED_EDGE('',*,*,#1169,.F.);
#2386=ORIENTED_EDGE('',*,*,#2387,.T.);
#2387=EDGE_CURVE('',#1164,#2154,#2388,.T.);
#2388=LINE('',#2389,#217);
#2389=CARTESIAN_POINT('',(-8.89,-14.77,-51.0000003));
#2390=ORIENTED_EDGE('',*,*,#2376,.F.);
#2391=CYLINDRICAL_SURFACE('',#2392,0.8);
#2392=AXIS2_PLACEMENT_3D('',#2393,#280,#14);
#2393=CARTESIAN_POINT('',(-8.89,-13.97,-51.0000003));
#2394=ADVANCED_FACE('',(#2395),#2403,.T.);
#2395=FACE_BOUND('',#2396,.T.);
#2396=EDGE_LOOP('',(#2397,#2398,#2399,#2152));
#2397=ORIENTED_EDGE('',*,*,#2387,.F.);
#2398=ORIENTED_EDGE('',*,*,#1163,.F.);
#2399=ORIENTED_EDGE('',*,*,#2400,.F.);
#2400=EDGE_CURVE('',#2150,#1160,#2401,.T.);
#2401=LINE('',#2402,#279);
#2402=CARTESIAN_POINT('',(-10.5,-14.77,-25.50000015));
#2403=PLANE('',#2404);
#2404=AXIS2_PLACEMENT_3D('',#2405,#234,#14);
#2405=CARTESIAN_POINT('',(-12.11,-14.77,-51.0000003));
#2406=ADVANCED_FACE('',(#2407),#256,.T.);
#2407=FACE_BOUND('',#2408,.T.);
#2408=EDGE_LOOP('',(#2409,#2410,#2148,#2414));
#2409=ORIENTED_EDGE('',*,*,#1159,.F.);
#2410=ORIENTED_EDGE('',*,*,#2411,.T.);
#2411=EDGE_CURVE('',#1154,#2144,#2412,.T.);
#2412=LINE('',#2413,#217);
#2413=CARTESIAN_POINT('',(-10.5,-15.71,-25.50000015));
#2414=ORIENTED_EDGE('',*,*,#2400,.T.);
#2415=ADVANCED_FACE('',(#2416),#2424,.T.);
#2416=FACE_BOUND('',#2417,.T.);
#2417=EDGE_LOOP('',(#2418,#2419,#2142,#2423));
#2418=ORIENTED_EDGE('',*,*,#1153,.F.);
#2419=ORIENTED_EDGE('',*,*,#2420,.T.);
#2420=EDGE_CURVE('',#1147,#2137,#2421,.T.);
#2421=LINE('',#2422,#217);
#2422=CARTESIAN_POINT('',(-8.89,-15.71,-51.0000003));
#2423=ORIENTED_EDGE('',*,*,#2411,.F.);
#2424=PLANE('',#2425);
#2425=AXIS2_PLACEMENT_3D('',#2422,#268,#258);
#2426=ADVANCED_FACE('',(#2427),#2435,.F.);
#2427=FACE_BOUND('',#2428,.T.);
#2428=EDGE_LOOP('',(#2429,#2430,#2135,#2434));
#2429=ORIENTED_EDGE('',*,*,#1146,.F.);
#2430=ORIENTED_EDGE('',*,*,#2431,.T.);
#2431=EDGE_CURVE('',#1141,#2131,#2432,.T.);
#2432=LINE('',#2433,#217);
#2433=CARTESIAN_POINT('',(-8.89,-17.31,-51.0000003));
#2434=ORIENTED_EDGE('',*,*,#2420,.F.);
#2435=CYLINDRICAL_SURFACE('',#2436,0.8);
#2436=AXIS2_PLACEMENT_3D('',#2437,#280,#14);
#2437=CARTESIAN_POINT('',(-8.89,-16.51,-51.0000003));
#2438=ADVANCED_FACE('',(#2439),#2447,.T.);
#2439=FACE_BOUND('',#2440,.T.);
#2440=EDGE_LOOP('',(#2441,#2442,#2443,#2129));
#2441=ORIENTED_EDGE('',*,*,#2431,.F.);
#2442=ORIENTED_EDGE('',*,*,#1140,.F.);
#2443=ORIENTED_EDGE('',*,*,#2444,.F.);
#2444=EDGE_CURVE('',#2127,#1137,#2445,.T.);
#2445=LINE('',#2446,#279);
#2446=CARTESIAN_POINT('',(-10.5,-17.31,-25.50000015));
#2447=PLANE('',#2448);
#2448=AXIS2_PLACEMENT_3D('',#2449,#234,#14);
#2449=CARTESIAN_POINT('',(-12.11,-17.31,-51.0000003));
#2450=ADVANCED_FACE('',(#2451),#256,.T.);
#2451=FACE_BOUND('',#2452,.T.);
#2452=EDGE_LOOP('',(#2453,#2454,#2125,#2458));
#2453=ORIENTED_EDGE('',*,*,#1136,.F.);
#2454=ORIENTED_EDGE('',*,*,#2455,.T.);
#2455=EDGE_CURVE('',#1131,#2121,#2456,.T.);
#2456=LINE('',#2457,#217);
#2457=CARTESIAN_POINT('',(-10.5,-18.25,-25.50000015));
#2458=ORIENTED_EDGE('',*,*,#2444,.T.);
#2459=ADVANCED_FACE('',(#2460),#2468,.T.);
#2460=FACE_BOUND('',#2461,.T.);
#2461=EDGE_LOOP('',(#2462,#2463,#2119,#2467));
#2462=ORIENTED_EDGE('',*,*,#1130,.F.);
#2463=ORIENTED_EDGE('',*,*,#2464,.T.);
#2464=EDGE_CURVE('',#1124,#2114,#2465,.T.);
#2465=LINE('',#2466,#217);
#2466=CARTESIAN_POINT('',(-8.89,-18.25,-51.0000003));
#2467=ORIENTED_EDGE('',*,*,#2455,.F.);
#2468=PLANE('',#2469);
#2469=AXIS2_PLACEMENT_3D('',#2466,#268,#258);
#2470=ADVANCED_FACE('',(#2471),#2479,.F.);
#2471=FACE_BOUND('',#2472,.T.);
#2472=EDGE_LOOP('',(#2473,#2474,#2112,#2478));
#2473=ORIENTED_EDGE('',*,*,#1123,.F.);
#2474=ORIENTED_EDGE('',*,*,#2475,.T.);
#2475=EDGE_CURVE('',#1118,#2108,#2476,.T.);
#2476=LINE('',#2477,#217);
#2477=CARTESIAN_POINT('',(-8.89,-19.85,-51.0000003));
#2478=ORIENTED_EDGE('',*,*,#2464,.F.);
#2479=CYLINDRICAL_SURFACE('',#2480,0.8);
#2480=AXIS2_PLACEMENT_3D('',#2481,#280,#14);
#2481=CARTESIAN_POINT('',(-8.89,-19.05,-51.0000003));
#2482=ADVANCED_FACE('',(#2483),#2491,.T.);
#2483=FACE_BOUND('',#2484,.T.);
#2484=EDGE_LOOP('',(#2485,#2486,#2487,#2106));
#2485=ORIENTED_EDGE('',*,*,#2475,.F.);
#2486=ORIENTED_EDGE('',*,*,#1117,.F.);
#2487=ORIENTED_EDGE('',*,*,#2488,.F.);
#2488=EDGE_CURVE('',#2104,#1114,#2489,.T.);
#2489=LINE('',#2490,#279);
#2490=CARTESIAN_POINT('',(-10.5,-19.85,-25.50000015));
#2491=PLANE('',#2492);
#2492=AXIS2_PLACEMENT_3D('',#2493,#234,#14);
#2493=CARTESIAN_POINT('',(-12.11,-19.85,-51.0000003));
#2494=ADVANCED_FACE('',(#2495),#256,.T.);
#2495=FACE_BOUND('',#2496,.T.);
#2496=EDGE_LOOP('',(#2497,#2498,#2102,#2502));
#2497=ORIENTED_EDGE('',*,*,#1113,.F.);
#2498=ORIENTED_EDGE('',*,*,#2499,.T.);
#2499=EDGE_CURVE('',#1108,#2098,#2500,.T.);
#2500=LINE('',#2501,#217);
#2501=CARTESIAN_POINT('',(-10.5,-20.79,-25.50000015));
#2502=ORIENTED_EDGE('',*,*,#2488,.T.);
#2503=ADVANCED_FACE('',(#2504),#2512,.T.);
#2504=FACE_BOUND('',#2505,.T.);
#2505=EDGE_LOOP('',(#2506,#2507,#2096,#2511));
#2506=ORIENTED_EDGE('',*,*,#1107,.F.);
#2507=ORIENTED_EDGE('',*,*,#2508,.T.);
#2508=EDGE_CURVE('',#1101,#2091,#2509,.T.);
#2509=LINE('',#2510,#217);
#2510=CARTESIAN_POINT('',(-8.89,-20.79,-51.0000003));
#2511=ORIENTED_EDGE('',*,*,#2499,.F.);
#2512=PLANE('',#2513);
#2513=AXIS2_PLACEMENT_3D('',#2510,#268,#258);
#2514=ADVANCED_FACE('',(#2515),#2523,.F.);
#2515=FACE_BOUND('',#2516,.T.);
#2516=EDGE_LOOP('',(#2517,#2518,#2089,#2522));
#2517=ORIENTED_EDGE('',*,*,#1100,.F.);
#2518=ORIENTED_EDGE('',*,*,#2519,.T.);
#2519=EDGE_CURVE('',#1095,#2085,#2520,.T.);
#2520=LINE('',#2521,#217);
#2521=CARTESIAN_POINT('',(-8.89,-22.39,-51.0000003));
#2522=ORIENTED_EDGE('',*,*,#2508,.F.);
#2523=CYLINDRICAL_SURFACE('',#2524,0.8);
#2524=AXIS2_PLACEMENT_3D('',#2525,#280,#14);
#2525=CARTESIAN_POINT('',(-8.89,-21.59,-51.0000003));
#2526=ADVANCED_FACE('',(#2527),#2535,.T.);
#2527=FACE_BOUND('',#2528,.T.);
#2528=EDGE_LOOP('',(#2529,#2530,#2531,#2083));
#2529=ORIENTED_EDGE('',*,*,#2519,.F.);
#2530=ORIENTED_EDGE('',*,*,#1094,.F.);
#2531=ORIENTED_EDGE('',*,*,#2532,.F.);
#2532=EDGE_CURVE('',#2081,#1091,#2533,.T.);
#2533=LINE('',#2534,#279);
#2534=CARTESIAN_POINT('',(-10.5,-22.39,-25.50000015));
#2535=PLANE('',#2536);
#2536=AXIS2_PLACEMENT_3D('',#2537,#234,#14);
#2537=CARTESIAN_POINT('',(-12.11,-22.39,-51.0000003));
#2538=ADVANCED_FACE('',(#2539),#256,.T.);
#2539=FACE_BOUND('',#2540,.T.);
#2540=EDGE_LOOP('',(#2541,#2542,#2079,#2546));
#2541=ORIENTED_EDGE('',*,*,#1090,.F.);
#2542=ORIENTED_EDGE('',*,*,#2543,.T.);
#2543=EDGE_CURVE('',#1085,#2075,#2544,.T.);
#2544=LINE('',#2545,#217);
#2545=CARTESIAN_POINT('',(-10.5,-23.33,-25.50000015));
#2546=ORIENTED_EDGE('',*,*,#2532,.T.);
#2547=ADVANCED_FACE('',(#2548),#2556,.T.);
#2548=FACE_BOUND('',#2549,.T.);
#2549=EDGE_LOOP('',(#2550,#2551,#2073,#2555));
#2550=ORIENTED_EDGE('',*,*,#1084,.F.);
#2551=ORIENTED_EDGE('',*,*,#2552,.T.);
#2552=EDGE_CURVE('',#1078,#2068,#2553,.T.);
#2553=LINE('',#2554,#217);
#2554=CARTESIAN_POINT('',(-8.89,-23.33,-51.0000003));
#2555=ORIENTED_EDGE('',*,*,#2543,.F.);
#2556=PLANE('',#2557);
#2557=AXIS2_PLACEMENT_3D('',#2554,#268,#258);
#2558=ADVANCED_FACE('',(#2559),#2567,.F.);
#2559=FACE_BOUND('',#2560,.T.);
#2560=EDGE_LOOP('',(#2561,#2562,#2066,#2566));
#2561=ORIENTED_EDGE('',*,*,#1077,.F.);
#2562=ORIENTED_EDGE('',*,*,#2563,.T.);
#2563=EDGE_CURVE('',#1072,#2062,#2564,.T.);
#2564=LINE('',#2565,#217);
#2565=CARTESIAN_POINT('',(-8.89,-24.93,-51.0000003));
#2566=ORIENTED_EDGE('',*,*,#2552,.F.);
#2567=CYLINDRICAL_SURFACE('',#2568,0.8);
#2568=AXIS2_PLACEMENT_3D('',#2569,#280,#14);
#2569=CARTESIAN_POINT('',(-8.89,-24.13,-51.0000003));
#2570=ADVANCED_FACE('',(#2571),#2579,.T.);
#2571=FACE_BOUND('',#2572,.T.);
#2572=EDGE_LOOP('',(#2573,#2574,#2575,#2060));
#2573=ORIENTED_EDGE('',*,*,#2563,.F.);
#2574=ORIENTED_EDGE('',*,*,#1071,.F.);
#2575=ORIENTED_EDGE('',*,*,#2576,.F.);
#2576=EDGE_CURVE('',#2058,#1068,#2577,.T.);
#2577=LINE('',#2578,#279);
#2578=CARTESIAN_POINT('',(-10.5,-24.93,-25.50000015));
#2579=PLANE('',#2580);
#2580=AXIS2_PLACEMENT_3D('',#2581,#234,#14);
#2581=CARTESIAN_POINT('',(-12.11,-24.93,-51.0000003));
#2582=ADVANCED_FACE('',(#2583),#256,.T.);
#2583=FACE_BOUND('',#2584,.T.);
#2584=EDGE_LOOP('',(#2585,#2586,#2056,#2589));
#2585=ORIENTED_EDGE('',*,*,#1067,.F.);
#2586=ORIENTED_EDGE('',*,*,#2587,.T.);
#2587=EDGE_CURVE('',#1064,#2054,#2588,.T.);
#2588=LINE('',#243,#217);
#2589=ORIENTED_EDGE('',*,*,#2576,.T.);
#2590=ADVANCED_FACE('',(#2591),#2598,.T.);
#2591=FACE_BOUND('',#2592,.T.);
#2592=EDGE_LOOP('',(#2593,#2052,#2596,#2597));
#2593=ORIENTED_EDGE('',*,*,#2594,.T.);
#2594=EDGE_CURVE('',#1060,#2050,#2595,.T.);
#2595=LINE('',#1061,#217);
#2596=ORIENTED_EDGE('',*,*,#2587,.F.);
#2597=ORIENTED_EDGE('',*,*,#1063,.F.);
#2598=PLANE('',#2599);
#2599=AXIS2_PLACEMENT_3D('',#1061,#268,#258);
#2600=ADVANCED_FACE('',(#2601),#281,.T.);
#2601=FACE_BOUND('',#2602,.T.);
#2602=EDGE_LOOP('',(#2603,#2604,#2048,#2608));
#2603=ORIENTED_EDGE('',*,*,#1059,.F.);
#2604=ORIENTED_EDGE('',*,*,#2605,.T.);
#2605=EDGE_CURVE('',#1054,#2044,#2606,.T.);
#2606=LINE('',#2607,#217);
#2607=CARTESIAN_POINT('',(10.5,-24.93,-25.50000015));
#2608=ORIENTED_EDGE('',*,*,#2594,.F.);
#2609=ADVANCED_FACE('',(#2610),#2618,.T.);
#2610=FACE_BOUND('',#2611,.T.);
#2611=EDGE_LOOP('',(#2612,#2613,#2042,#2617));
#2612=ORIENTED_EDGE('',*,*,#1053,.F.);
#2613=ORIENTED_EDGE('',*,*,#2614,.T.);
#2614=EDGE_CURVE('',#1047,#2037,#2615,.T.);
#2615=LINE('',#2616,#217);
#2616=CARTESIAN_POINT('',(8.89,-24.93,-51.0000003));
#2617=ORIENTED_EDGE('',*,*,#2605,.F.);
#2618=PLANE('',#2619);
#2619=AXIS2_PLACEMENT_3D('',#2616,#234,#14);
#2620=ADVANCED_FACE('',(#2621),#2629,.F.);
#2621=FACE_BOUND('',#2622,.T.);
#2622=EDGE_LOOP('',(#2623,#2624,#2035,#2628));
#2623=ORIENTED_EDGE('',*,*,#1046,.F.);
#2624=ORIENTED_EDGE('',*,*,#2625,.T.);
#2625=EDGE_CURVE('',#1041,#2031,#2626,.T.);
#2626=LINE('',#2627,#217);
#2627=CARTESIAN_POINT('',(8.89,-23.33,-51.0000003));
#2628=ORIENTED_EDGE('',*,*,#2614,.F.);
#2629=CYLINDRICAL_SURFACE('',#2630,0.8);
#2630=AXIS2_PLACEMENT_3D('',#2631,#280,#14);
#2631=CARTESIAN_POINT('',(8.89,-24.13,-51.0000003));
#2632=ADVANCED_FACE('',(#2633),#2641,.T.);
#2633=FACE_BOUND('',#2634,.T.);
#2634=EDGE_LOOP('',(#2635,#2636,#2637,#2029));
#2635=ORIENTED_EDGE('',*,*,#2625,.F.);
#2636=ORIENTED_EDGE('',*,*,#1040,.F.);
#2637=ORIENTED_EDGE('',*,*,#2638,.F.);
#2638=EDGE_CURVE('',#2027,#1037,#2639,.T.);
#2639=LINE('',#2640,#279);
#2640=CARTESIAN_POINT('',(10.5,-23.33,-25.50000015));
#2641=PLANE('',#2642);
#2642=AXIS2_PLACEMENT_3D('',#2643,#268,#258);
#2643=CARTESIAN_POINT('',(12.11,-23.33,-51.0000003));
#2644=ADVANCED_FACE('',(#2645),#281,.T.);
#2645=FACE_BOUND('',#2646,.T.);
#2646=EDGE_LOOP('',(#2647,#2648,#2025,#2652));
#2647=ORIENTED_EDGE('',*,*,#1036,.F.);
#2648=ORIENTED_EDGE('',*,*,#2649,.T.);
#2649=EDGE_CURVE('',#1031,#2021,#2650,.T.);
#2650=LINE('',#2651,#217);
#2651=CARTESIAN_POINT('',(10.5,-22.39,-25.50000015));
#2652=ORIENTED_EDGE('',*,*,#2638,.T.);
#2653=ADVANCED_FACE('',(#2654),#2662,.T.);
#2654=FACE_BOUND('',#2655,.T.);
#2655=EDGE_LOOP('',(#2656,#2657,#2019,#2661));
#2656=ORIENTED_EDGE('',*,*,#1030,.F.);
#2657=ORIENTED_EDGE('',*,*,#2658,.T.);
#2658=EDGE_CURVE('',#1024,#2014,#2659,.T.);
#2659=LINE('',#2660,#217);
#2660=CARTESIAN_POINT('',(8.89,-22.39,-51.0000003));
#2661=ORIENTED_EDGE('',*,*,#2649,.F.);
#2662=PLANE('',#2663);
#2663=AXIS2_PLACEMENT_3D('',#2660,#234,#14);
#2664=ADVANCED_FACE('',(#2665),#2673,.F.);
#2665=FACE_BOUND('',#2666,.T.);
#2666=EDGE_LOOP('',(#2667,#2668,#2012,#2672));
#2667=ORIENTED_EDGE('',*,*,#1023,.F.);
#2668=ORIENTED_EDGE('',*,*,#2669,.T.);
#2669=EDGE_CURVE('',#1018,#2008,#2670,.T.);
#2670=LINE('',#2671,#217);
#2671=CARTESIAN_POINT('',(8.89,-20.79,-51.0000003));
#2672=ORIENTED_EDGE('',*,*,#2658,.F.);
#2673=CYLINDRICAL_SURFACE('',#2674,0.8);
#2674=AXIS2_PLACEMENT_3D('',#2675,#280,#14);
#2675=CARTESIAN_POINT('',(8.89,-21.59,-51.0000003));
#2676=ADVANCED_FACE('',(#2677),#2685,.T.);
#2677=FACE_BOUND('',#2678,.T.);
#2678=EDGE_LOOP('',(#2679,#2680,#2681,#2006));
#2679=ORIENTED_EDGE('',*,*,#2669,.F.);
#2680=ORIENTED_EDGE('',*,*,#1017,.F.);
#2681=ORIENTED_EDGE('',*,*,#2682,.F.);
#2682=EDGE_CURVE('',#2004,#1014,#2683,.T.);
#2683=LINE('',#2684,#279);
#2684=CARTESIAN_POINT('',(10.5,-20.79,-25.50000015));
#2685=PLANE('',#2686);
#2686=AXIS2_PLACEMENT_3D('',#2687,#268,#258);
#2687=CARTESIAN_POINT('',(12.11,-20.79,-51.0000003));
#2688=ADVANCED_FACE('',(#2689),#281,.T.);
#2689=FACE_BOUND('',#2690,.T.);
#2690=EDGE_LOOP('',(#2691,#2692,#2002,#2696));
#2691=ORIENTED_EDGE('',*,*,#1013,.F.);
#2692=ORIENTED_EDGE('',*,*,#2693,.T.);
#2693=EDGE_CURVE('',#1008,#1998,#2694,.T.);
#2694=LINE('',#2695,#217);
#2695=CARTESIAN_POINT('',(10.5,-19.85,-25.50000015));
#2696=ORIENTED_EDGE('',*,*,#2682,.T.);
#2697=ADVANCED_FACE('',(#2698),#2706,.T.);
#2698=FACE_BOUND('',#2699,.T.);
#2699=EDGE_LOOP('',(#2700,#2701,#1996,#2705));
#2700=ORIENTED_EDGE('',*,*,#1007,.F.);
#2701=ORIENTED_EDGE('',*,*,#2702,.T.);
#2702=EDGE_CURVE('',#1001,#1991,#2703,.T.);
#2703=LINE('',#2704,#217);
#2704=CARTESIAN_POINT('',(8.89,-19.85,-51.0000003));
#2705=ORIENTED_EDGE('',*,*,#2693,.F.);
#2706=PLANE('',#2707);
#2707=AXIS2_PLACEMENT_3D('',#2704,#234,#14);
#2708=ADVANCED_FACE('',(#2709),#2717,.F.);
#2709=FACE_BOUND('',#2710,.T.);
#2710=EDGE_LOOP('',(#2711,#2712,#1989,#2716));
#2711=ORIENTED_EDGE('',*,*,#1000,.F.);
#2712=ORIENTED_EDGE('',*,*,#2713,.T.);
#2713=EDGE_CURVE('',#995,#1985,#2714,.T.);
#2714=LINE('',#2715,#217);
#2715=CARTESIAN_POINT('',(8.89,-18.25,-51.0000003));
#2716=ORIENTED_EDGE('',*,*,#2702,.F.);
#2717=CYLINDRICAL_SURFACE('',#2718,0.8);
#2718=AXIS2_PLACEMENT_3D('',#2719,#280,#14);
#2719=CARTESIAN_POINT('',(8.89,-19.05,-51.0000003));
#2720=ADVANCED_FACE('',(#2721),#2729,.T.);
#2721=FACE_BOUND('',#2722,.T.);
#2722=EDGE_LOOP('',(#2723,#2724,#2725,#1983));
#2723=ORIENTED_EDGE('',*,*,#2713,.F.);
#2724=ORIENTED_EDGE('',*,*,#994,.F.);
#2725=ORIENTED_EDGE('',*,*,#2726,.F.);
#2726=EDGE_CURVE('',#1981,#991,#2727,.T.);
#2727=LINE('',#2728,#279);
#2728=CARTESIAN_POINT('',(10.5,-18.25,-25.50000015));
#2729=PLANE('',#2730);
#2730=AXIS2_PLACEMENT_3D('',#2731,#268,#258);
#2731=CARTESIAN_POINT('',(12.11,-18.25,-51.0000003));
#2732=ADVANCED_FACE('',(#2733),#281,.T.);
#2733=FACE_BOUND('',#2734,.T.);
#2734=EDGE_LOOP('',(#2735,#2736,#1979,#2740));
#2735=ORIENTED_EDGE('',*,*,#990,.F.);
#2736=ORIENTED_EDGE('',*,*,#2737,.T.);
#2737=EDGE_CURVE('',#985,#1975,#2738,.T.);
#2738=LINE('',#2739,#217);
#2739=CARTESIAN_POINT('',(10.5,-17.31,-25.50000015));
#2740=ORIENTED_EDGE('',*,*,#2726,.T.);
#2741=ADVANCED_FACE('',(#2742),#2750,.T.);
#2742=FACE_BOUND('',#2743,.T.);
#2743=EDGE_LOOP('',(#2744,#2745,#1973,#2749));
#2744=ORIENTED_EDGE('',*,*,#984,.F.);
#2745=ORIENTED_EDGE('',*,*,#2746,.T.);
#2746=EDGE_CURVE('',#978,#1968,#2747,.T.);
#2747=LINE('',#2748,#217);
#2748=CARTESIAN_POINT('',(8.89,-17.31,-51.0000003));
#2749=ORIENTED_EDGE('',*,*,#2737,.F.);
#2750=PLANE('',#2751);
#2751=AXIS2_PLACEMENT_3D('',#2748,#234,#14);
#2752=ADVANCED_FACE('',(#2753),#2761,.F.);
#2753=FACE_BOUND('',#2754,.T.);
#2754=EDGE_LOOP('',(#2755,#2756,#1966,#2760));
#2755=ORIENTED_EDGE('',*,*,#977,.F.);
#2756=ORIENTED_EDGE('',*,*,#2757,.T.);
#2757=EDGE_CURVE('',#972,#1962,#2758,.T.);
#2758=LINE('',#2759,#217);
#2759=CARTESIAN_POINT('',(8.89,-15.71,-51.0000003));
#2760=ORIENTED_EDGE('',*,*,#2746,.F.);
#2761=CYLINDRICAL_SURFACE('',#2762,0.8);
#2762=AXIS2_PLACEMENT_3D('',#2763,#280,#14);
#2763=CARTESIAN_POINT('',(8.89,-16.51,-51.0000003));
#2764=ADVANCED_FACE('',(#2765),#2773,.T.);
#2765=FACE_BOUND('',#2766,.T.);
#2766=EDGE_LOOP('',(#2767,#2768,#2769,#1960));
#2767=ORIENTED_EDGE('',*,*,#2757,.F.);
#2768=ORIENTED_EDGE('',*,*,#971,.F.);
#2769=ORIENTED_EDGE('',*,*,#2770,.F.);
#2770=EDGE_CURVE('',#1958,#968,#2771,.T.);
#2771=LINE('',#2772,#279);
#2772=CARTESIAN_POINT('',(10.5,-15.71,-25.50000015));
#2773=PLANE('',#2774);
#2774=AXIS2_PLACEMENT_3D('',#2775,#268,#258);
#2775=CARTESIAN_POINT('',(12.11,-15.71,-51.0000003));
#2776=ADVANCED_FACE('',(#2777),#281,.T.);
#2777=FACE_BOUND('',#2778,.T.);
#2778=EDGE_LOOP('',(#2779,#2780,#1956,#2784));
#2779=ORIENTED_EDGE('',*,*,#967,.F.);
#2780=ORIENTED_EDGE('',*,*,#2781,.T.);
#2781=EDGE_CURVE('',#962,#1952,#2782,.T.);
#2782=LINE('',#2783,#217);
#2783=CARTESIAN_POINT('',(10.5,-14.77,-25.50000015));
#2784=ORIENTED_EDGE('',*,*,#2770,.T.);
#2785=ADVANCED_FACE('',(#2786),#2794,.T.);
#2786=FACE_BOUND('',#2787,.T.);
#2787=EDGE_LOOP('',(#2788,#2789,#1950,#2793));
#2788=ORIENTED_EDGE('',*,*,#961,.F.);
#2789=ORIENTED_EDGE('',*,*,#2790,.T.);
#2790=EDGE_CURVE('',#955,#1945,#2791,.T.);
#2791=LINE('',#2792,#217);
#2792=CARTESIAN_POINT('',(8.89,-14.77,-51.0000003));
#2793=ORIENTED_EDGE('',*,*,#2781,.F.);
#2794=PLANE('',#2795);
#2795=AXIS2_PLACEMENT_3D('',#2792,#234,#14);
#2796=ADVANCED_FACE('',(#2797),#2805,.F.);
#2797=FACE_BOUND('',#2798,.T.);
#2798=EDGE_LOOP('',(#2799,#2800,#1943,#2804));
#2799=ORIENTED_EDGE('',*,*,#954,.F.);
#2800=ORIENTED_EDGE('',*,*,#2801,.T.);
#2801=EDGE_CURVE('',#949,#1939,#2802,.T.);
#2802=LINE('',#2803,#217);
#2803=CARTESIAN_POINT('',(8.89,-13.17,-51.0000003));
#2804=ORIENTED_EDGE('',*,*,#2790,.F.);
#2805=CYLINDRICAL_SURFACE('',#2806,0.8);
#2806=AXIS2_PLACEMENT_3D('',#2807,#280,#14);
#2807=CARTESIAN_POINT('',(8.89,-13.97,-51.0000003));
#2808=ADVANCED_FACE('',(#2809),#2817,.T.);
#2809=FACE_BOUND('',#2810,.T.);
#2810=EDGE_LOOP('',(#2811,#2812,#2813,#1937));
#2811=ORIENTED_EDGE('',*,*,#2801,.F.);
#2812=ORIENTED_EDGE('',*,*,#948,.F.);
#2813=ORIENTED_EDGE('',*,*,#2814,.F.);
#2814=EDGE_CURVE('',#1935,#945,#2815,.T.);
#2815=LINE('',#2816,#279);
#2816=CARTESIAN_POINT('',(10.5,-13.17,-25.50000015));
#2817=PLANE('',#2818);
#2818=AXIS2_PLACEMENT_3D('',#2819,#268,#258);
#2819=CARTESIAN_POINT('',(12.11,-13.17,-51.0000003));
#2820=ADVANCED_FACE('',(#2821),#281,.T.);
#2821=FACE_BOUND('',#2822,.T.);
#2822=EDGE_LOOP('',(#2823,#2824,#1933,#2828));
#2823=ORIENTED_EDGE('',*,*,#944,.F.);
#2824=ORIENTED_EDGE('',*,*,#2825,.T.);
#2825=EDGE_CURVE('',#939,#1929,#2826,.T.);
#2826=LINE('',#2827,#217);
#2827=CARTESIAN_POINT('',(10.5,-12.23,-25.50000015));
#2828=ORIENTED_EDGE('',*,*,#2814,.T.);
#2829=ADVANCED_FACE('',(#2830),#2838,.T.);
#2830=FACE_BOUND('',#2831,.T.);
#2831=EDGE_LOOP('',(#2832,#2833,#1927,#2837));
#2832=ORIENTED_EDGE('',*,*,#938,.F.);
#2833=ORIENTED_EDGE('',*,*,#2834,.T.);
#2834=EDGE_CURVE('',#932,#1922,#2835,.T.);
#2835=LINE('',#2836,#217);
#2836=CARTESIAN_POINT('',(8.89,-12.23,-51.0000003));
#2837=ORIENTED_EDGE('',*,*,#2825,.F.);
#2838=PLANE('',#2839);
#2839=AXIS2_PLACEMENT_3D('',#2836,#234,#14);
#2840=ADVANCED_FACE('',(#2841),#2849,.F.);
#2841=FACE_BOUND('',#2842,.T.);
#2842=EDGE_LOOP('',(#2843,#2844,#1920,#2848));
#2843=ORIENTED_EDGE('',*,*,#931,.F.);
#2844=ORIENTED_EDGE('',*,*,#2845,.T.);
#2845=EDGE_CURVE('',#926,#1916,#2846,.T.);
#2846=LINE('',#2847,#217);
#2847=CARTESIAN_POINT('',(8.89,-10.63,-51.0000003));
#2848=ORIENTED_EDGE('',*,*,#2834,.F.);
#2849=CYLINDRICAL_SURFACE('',#2850,0.8);
#2850=AXIS2_PLACEMENT_3D('',#2851,#280,#14);
#2851=CARTESIAN_POINT('',(8.89,-11.43,-51.0000003));
#2852=ADVANCED_FACE('',(#2853),#2861,.T.);
#2853=FACE_BOUND('',#2854,.T.);
#2854=EDGE_LOOP('',(#2855,#2856,#2857,#1914));
#2855=ORIENTED_EDGE('',*,*,#2845,.F.);
#2856=ORIENTED_EDGE('',*,*,#925,.F.);
#2857=ORIENTED_EDGE('',*,*,#2858,.F.);
#2858=EDGE_CURVE('',#1912,#922,#2859,.T.);
#2859=LINE('',#2860,#279);
#2860=CARTESIAN_POINT('',(10.5,-10.63,-25.50000015));
#2861=PLANE('',#2862);
#2862=AXIS2_PLACEMENT_3D('',#2863,#268,#258);
#2863=CARTESIAN_POINT('',(12.11,-10.63,-51.0000003));
#2864=ADVANCED_FACE('',(#2865),#281,.T.);
#2865=FACE_BOUND('',#2866,.T.);
#2866=EDGE_LOOP('',(#2867,#2868,#1910,#2872));
#2867=ORIENTED_EDGE('',*,*,#921,.F.);
#2868=ORIENTED_EDGE('',*,*,#2869,.T.);
#2869=EDGE_CURVE('',#916,#1906,#2870,.T.);
#2870=LINE('',#2871,#217);
#2871=CARTESIAN_POINT('',(10.5,-9.69,-25.50000015));
#2872=ORIENTED_EDGE('',*,*,#2858,.T.);
#2873=ADVANCED_FACE('',(#2874),#2882,.T.);
#2874=FACE_BOUND('',#2875,.T.);
#2875=EDGE_LOOP('',(#2876,#2877,#1904,#2881));
#2876=ORIENTED_EDGE('',*,*,#915,.F.);
#2877=ORIENTED_EDGE('',*,*,#2878,.T.);
#2878=EDGE_CURVE('',#909,#1899,#2879,.T.);
#2879=LINE('',#2880,#217);
#2880=CARTESIAN_POINT('',(8.89,-9.69,-51.0000003));
#2881=ORIENTED_EDGE('',*,*,#2869,.F.);
#2882=PLANE('',#2883);
#2883=AXIS2_PLACEMENT_3D('',#2880,#234,#14);
#2884=ADVANCED_FACE('',(#2885),#2893,.F.);
#2885=FACE_BOUND('',#2886,.T.);
#2886=EDGE_LOOP('',(#2887,#2888,#1897,#2892));
#2887=ORIENTED_EDGE('',*,*,#908,.F.);
#2888=ORIENTED_EDGE('',*,*,#2889,.T.);
#2889=EDGE_CURVE('',#903,#1893,#2890,.T.);
#2890=LINE('',#2891,#217);
#2891=CARTESIAN_POINT('',(8.89,-8.09,-51.0000003));
#2892=ORIENTED_EDGE('',*,*,#2878,.F.);
#2893=CYLINDRICAL_SURFACE('',#2894,0.8);
#2894=AXIS2_PLACEMENT_3D('',#2895,#280,#14);
#2895=CARTESIAN_POINT('',(8.89,-8.89,-51.0000003));
#2896=ADVANCED_FACE('',(#2897),#2905,.T.);
#2897=FACE_BOUND('',#2898,.T.);
#2898=EDGE_LOOP('',(#2899,#2900,#2901,#1891));
#2899=ORIENTED_EDGE('',*,*,#2889,.F.);
#2900=ORIENTED_EDGE('',*,*,#902,.F.);
#2901=ORIENTED_EDGE('',*,*,#2902,.F.);
#2902=EDGE_CURVE('',#1889,#899,#2903,.T.);
#2903=LINE('',#2904,#279);
#2904=CARTESIAN_POINT('',(10.5,-8.09,-25.50000015));
#2905=PLANE('',#2906);
#2906=AXIS2_PLACEMENT_3D('',#2907,#268,#258);
#2907=CARTESIAN_POINT('',(12.11,-8.09,-51.0000003));
#2908=ADVANCED_FACE('',(#2909),#281,.T.);
#2909=FACE_BOUND('',#2910,.T.);
#2910=EDGE_LOOP('',(#2911,#2912,#1887,#2916));
#2911=ORIENTED_EDGE('',*,*,#898,.F.);
#2912=ORIENTED_EDGE('',*,*,#2913,.T.);
#2913=EDGE_CURVE('',#893,#1883,#2914,.T.);
#2914=LINE('',#2915,#217);
#2915=CARTESIAN_POINT('',(10.5,-7.15,-25.50000015));
#2916=ORIENTED_EDGE('',*,*,#2902,.T.);
#2917=ADVANCED_FACE('',(#2918),#2926,.T.);
#2918=FACE_BOUND('',#2919,.T.);
#2919=EDGE_LOOP('',(#2920,#2921,#1881,#2925));
#2920=ORIENTED_EDGE('',*,*,#892,.F.);
#2921=ORIENTED_EDGE('',*,*,#2922,.T.);
#2922=EDGE_CURVE('',#886,#1876,#2923,.T.);
#2923=LINE('',#2924,#217);
#2924=CARTESIAN_POINT('',(8.89,-7.15,-51.0000003));
#2925=ORIENTED_EDGE('',*,*,#2913,.F.);
#2926=PLANE('',#2927);
#2927=AXIS2_PLACEMENT_3D('',#2924,#234,#14);
#2928=ADVANCED_FACE('',(#2929),#2937,.F.);
#2929=FACE_BOUND('',#2930,.T.);
#2930=EDGE_LOOP('',(#2931,#2932,#1874,#2936));
#2931=ORIENTED_EDGE('',*,*,#885,.F.);
#2932=ORIENTED_EDGE('',*,*,#2933,.T.);
#2933=EDGE_CURVE('',#880,#1870,#2934,.T.);
#2934=LINE('',#2935,#217);
#2935=CARTESIAN_POINT('',(8.89,-5.55,-51.0000003));
#2936=ORIENTED_EDGE('',*,*,#2922,.F.);
#2937=CYLINDRICAL_SURFACE('',#2938,0.8);
#2938=AXIS2_PLACEMENT_3D('',#2939,#280,#14);
#2939=CARTESIAN_POINT('',(8.89,-6.35,-51.0000003));
#2940=ADVANCED_FACE('',(#2941),#2949,.T.);
#2941=FACE_BOUND('',#2942,.T.);
#2942=EDGE_LOOP('',(#2943,#2944,#2945,#1868));
#2943=ORIENTED_EDGE('',*,*,#2933,.F.);
#2944=ORIENTED_EDGE('',*,*,#879,.F.);
#2945=ORIENTED_EDGE('',*,*,#2946,.F.);
#2946=EDGE_CURVE('',#1866,#876,#2947,.T.);
#2947=LINE('',#2948,#279);
#2948=CARTESIAN_POINT('',(10.5,-5.55,-25.50000015));
#2949=PLANE('',#2950);
#2950=AXIS2_PLACEMENT_3D('',#2951,#268,#258);
#2951=CARTESIAN_POINT('',(12.11,-5.55,-51.0000003));
#2952=ADVANCED_FACE('',(#2953),#281,.T.);
#2953=FACE_BOUND('',#2954,.T.);
#2954=EDGE_LOOP('',(#2955,#2956,#1864,#2960));
#2955=ORIENTED_EDGE('',*,*,#875,.F.);
#2956=ORIENTED_EDGE('',*,*,#2957,.T.);
#2957=EDGE_CURVE('',#870,#1860,#2958,.T.);
#2958=LINE('',#2959,#217);
#2959=CARTESIAN_POINT('',(10.5,-4.61,-25.50000015));
#2960=ORIENTED_EDGE('',*,*,#2946,.T.);
#2961=ADVANCED_FACE('',(#2962),#2970,.T.);
#2962=FACE_BOUND('',#2963,.T.);
#2963=EDGE_LOOP('',(#2964,#2965,#1858,#2969));
#2964=ORIENTED_EDGE('',*,*,#869,.F.);
#2965=ORIENTED_EDGE('',*,*,#2966,.T.);
#2966=EDGE_CURVE('',#863,#1853,#2967,.T.);
#2967=LINE('',#2968,#217);
#2968=CARTESIAN_POINT('',(8.89,-4.61,-51.0000003));
#2969=ORIENTED_EDGE('',*,*,#2957,.F.);
#2970=PLANE('',#2971);
#2971=AXIS2_PLACEMENT_3D('',#2968,#234,#14);
#2972=ADVANCED_FACE('',(#2973),#2981,.F.);
#2973=FACE_BOUND('',#2974,.T.);
#2974=EDGE_LOOP('',(#2975,#2976,#1851,#2980));
#2975=ORIENTED_EDGE('',*,*,#862,.F.);
#2976=ORIENTED_EDGE('',*,*,#2977,.T.);
#2977=EDGE_CURVE('',#857,#1847,#2978,.T.);
#2978=LINE('',#2979,#217);
#2979=CARTESIAN_POINT('',(8.89,-3.01,-51.0000003));
#2980=ORIENTED_EDGE('',*,*,#2966,.F.);
#2981=CYLINDRICAL_SURFACE('',#2982,0.8);
#2982=AXIS2_PLACEMENT_3D('',#2983,#280,#14);
#2983=CARTESIAN_POINT('',(8.89,-3.81,-51.0000003));
#2984=ADVANCED_FACE('',(#2985),#2993,.T.);
#2985=FACE_BOUND('',#2986,.T.);
#2986=EDGE_LOOP('',(#2987,#2988,#2989,#1845));
#2987=ORIENTED_EDGE('',*,*,#2977,.F.);
#2988=ORIENTED_EDGE('',*,*,#856,.F.);
#2989=ORIENTED_EDGE('',*,*,#2990,.F.);
#2990=EDGE_CURVE('',#1843,#853,#2991,.T.);
#2991=LINE('',#2992,#279);
#2992=CARTESIAN_POINT('',(10.5,-3.01,-25.50000015));
#2993=PLANE('',#2994);
#2994=AXIS2_PLACEMENT_3D('',#2995,#268,#258);
#2995=CARTESIAN_POINT('',(12.11,-3.01,-51.0000003));
#2996=ADVANCED_FACE('',(#2997),#281,.T.);
#2997=FACE_BOUND('',#2998,.T.);
#2998=EDGE_LOOP('',(#2999,#3000,#1841,#3004));
#2999=ORIENTED_EDGE('',*,*,#852,.F.);
#3000=ORIENTED_EDGE('',*,*,#3001,.T.);
#3001=EDGE_CURVE('',#847,#1837,#3002,.T.);
#3002=LINE('',#3003,#217);
#3003=CARTESIAN_POINT('',(10.5,-2.07,-25.50000015));
#3004=ORIENTED_EDGE('',*,*,#2990,.T.);
#3005=ADVANCED_FACE('',(#3006),#3014,.T.);
#3006=FACE_BOUND('',#3007,.T.);
#3007=EDGE_LOOP('',(#3008,#3009,#1835,#3013));
#3008=ORIENTED_EDGE('',*,*,#846,.F.);
#3009=ORIENTED_EDGE('',*,*,#3010,.T.);
#3010=EDGE_CURVE('',#840,#1830,#3011,.T.);
#3011=LINE('',#3012,#217);
#3012=CARTESIAN_POINT('',(8.89,-2.07,-51.0000003));
#3013=ORIENTED_EDGE('',*,*,#3001,.F.);
#3014=PLANE('',#3015);
#3015=AXIS2_PLACEMENT_3D('',#3012,#234,#14);
#3016=ADVANCED_FACE('',(#3017),#3025,.F.);
#3017=FACE_BOUND('',#3018,.T.);
#3018=EDGE_LOOP('',(#3019,#3020,#1828,#3024));
#3019=ORIENTED_EDGE('',*,*,#839,.F.);
#3020=ORIENTED_EDGE('',*,*,#3021,.T.);
#3021=EDGE_CURVE('',#834,#1824,#3022,.T.);
#3022=LINE('',#3023,#217);
#3023=CARTESIAN_POINT('',(8.89,-0.47,-51.0000003));
#3024=ORIENTED_EDGE('',*,*,#3010,.F.);
#3025=CYLINDRICAL_SURFACE('',#3026,0.8);
#3026=AXIS2_PLACEMENT_3D('',#3027,#280,#14);
#3027=CARTESIAN_POINT('',(8.89,-1.27,-51.0000003));
#3028=ADVANCED_FACE('',(#3029),#3037,.T.);
#3029=FACE_BOUND('',#3030,.T.);
#3030=EDGE_LOOP('',(#3031,#3032,#3033,#1822));
#3031=ORIENTED_EDGE('',*,*,#3021,.F.);
#3032=ORIENTED_EDGE('',*,*,#833,.F.);
#3033=ORIENTED_EDGE('',*,*,#3034,.F.);
#3034=EDGE_CURVE('',#1820,#830,#3035,.T.);
#3035=LINE('',#3036,#279);
#3036=CARTESIAN_POINT('',(10.5,-0.47,-25.50000015));
#3037=PLANE('',#3038);
#3038=AXIS2_PLACEMENT_3D('',#3039,#268,#258);
#3039=CARTESIAN_POINT('',(12.11,-0.47,-51.0000003));
#3040=ADVANCED_FACE('',(#3041),#281,.T.);
#3041=FACE_BOUND('',#3042,.T.);
#3042=EDGE_LOOP('',(#3043,#3044,#1818,#3048));
#3043=ORIENTED_EDGE('',*,*,#829,.F.);
#3044=ORIENTED_EDGE('',*,*,#3045,.T.);
#3045=EDGE_CURVE('',#824,#1814,#3046,.T.);
#3046=LINE('',#3047,#217);
#3047=CARTESIAN_POINT('',(10.5,0.47,-25.50000015));
#3048=ORIENTED_EDGE('',*,*,#3034,.T.);
#3049=ADVANCED_FACE('',(#3050),#3058,.T.);
#3050=FACE_BOUND('',#3051,.T.);
#3051=EDGE_LOOP('',(#3052,#3053,#1812,#3057));
#3052=ORIENTED_EDGE('',*,*,#823,.F.);
#3053=ORIENTED_EDGE('',*,*,#3054,.T.);
#3054=EDGE_CURVE('',#817,#1807,#3055,.T.);
#3055=LINE('',#3056,#217);
#3056=CARTESIAN_POINT('',(8.89,0.47,-51.0000003));
#3057=ORIENTED_EDGE('',*,*,#3045,.F.);
#3058=PLANE('',#3059);
#3059=AXIS2_PLACEMENT_3D('',#3056,#234,#14);
#3060=ADVANCED_FACE('',(#3061),#3069,.F.);
#3061=FACE_BOUND('',#3062,.T.);
#3062=EDGE_LOOP('',(#3063,#3064,#1805,#3068));
#3063=ORIENTED_EDGE('',*,*,#816,.F.);
#3064=ORIENTED_EDGE('',*,*,#3065,.T.);
#3065=EDGE_CURVE('',#811,#1801,#3066,.T.);
#3066=LINE('',#3067,#217);
#3067=CARTESIAN_POINT('',(8.89,2.07,-51.0000003));
#3068=ORIENTED_EDGE('',*,*,#3054,.F.);
#3069=CYLINDRICAL_SURFACE('',#3070,0.8);
#3070=AXIS2_PLACEMENT_3D('',#3071,#280,#14);
#3071=CARTESIAN_POINT('',(8.89,1.27,-51.0000003));
#3072=ADVANCED_FACE('',(#3073),#3081,.T.);
#3073=FACE_BOUND('',#3074,.T.);
#3074=EDGE_LOOP('',(#3075,#3076,#3077,#1799));
#3075=ORIENTED_EDGE('',*,*,#3065,.F.);
#3076=ORIENTED_EDGE('',*,*,#810,.F.);
#3077=ORIENTED_EDGE('',*,*,#3078,.F.);
#3078=EDGE_CURVE('',#1797,#807,#3079,.T.);
#3079=LINE('',#3080,#279);
#3080=CARTESIAN_POINT('',(10.5,2.07,-25.50000015));
#3081=PLANE('',#3082);
#3082=AXIS2_PLACEMENT_3D('',#3083,#268,#258);
#3083=CARTESIAN_POINT('',(12.11,2.07,-51.0000003));
#3084=ADVANCED_FACE('',(#3085),#281,.T.);
#3085=FACE_BOUND('',#3086,.T.);
#3086=EDGE_LOOP('',(#3087,#3088,#1795,#3092));
#3087=ORIENTED_EDGE('',*,*,#806,.F.);
#3088=ORIENTED_EDGE('',*,*,#3089,.T.);
#3089=EDGE_CURVE('',#801,#1791,#3090,.T.);
#3090=LINE('',#3091,#217);
#3091=CARTESIAN_POINT('',(10.5,3.01,-25.50000015));
#3092=ORIENTED_EDGE('',*,*,#3078,.T.);
#3093=ADVANCED_FACE('',(#3094),#3102,.T.);
#3094=FACE_BOUND('',#3095,.T.);
#3095=EDGE_LOOP('',(#3096,#3097,#1789,#3101));
#3096=ORIENTED_EDGE('',*,*,#800,.F.);
#3097=ORIENTED_EDGE('',*,*,#3098,.T.);
#3098=EDGE_CURVE('',#794,#1784,#3099,.T.);
#3099=LINE('',#3100,#217);
#3100=CARTESIAN_POINT('',(8.89,3.01,-51.0000003));
#3101=ORIENTED_EDGE('',*,*,#3089,.F.);
#3102=PLANE('',#3103);
#3103=AXIS2_PLACEMENT_3D('',#3100,#234,#14);
#3104=ADVANCED_FACE('',(#3105),#3113,.F.);
#3105=FACE_BOUND('',#3106,.T.);
#3106=EDGE_LOOP('',(#3107,#3108,#1782,#3112));
#3107=ORIENTED_EDGE('',*,*,#793,.F.);
#3108=ORIENTED_EDGE('',*,*,#3109,.T.);
#3109=EDGE_CURVE('',#788,#1778,#3110,.T.);
#3110=LINE('',#3111,#217);
#3111=CARTESIAN_POINT('',(8.89,4.61,-51.0000003));
#3112=ORIENTED_EDGE('',*,*,#3098,.F.);
#3113=CYLINDRICAL_SURFACE('',#3114,0.8);
#3114=AXIS2_PLACEMENT_3D('',#3115,#280,#14);
#3115=CARTESIAN_POINT('',(8.89,3.81,-51.0000003));
#3116=ADVANCED_FACE('',(#3117),#3125,.T.);
#3117=FACE_BOUND('',#3118,.T.);
#3118=EDGE_LOOP('',(#3119,#3120,#3121,#1776));
#3119=ORIENTED_EDGE('',*,*,#3109,.F.);
#3120=ORIENTED_EDGE('',*,*,#787,.F.);
#3121=ORIENTED_EDGE('',*,*,#3122,.F.);
#3122=EDGE_CURVE('',#1774,#784,#3123,.T.);
#3123=LINE('',#3124,#279);
#3124=CARTESIAN_POINT('',(10.5,4.61,-25.50000015));
#3125=PLANE('',#3126);
#3126=AXIS2_PLACEMENT_3D('',#3127,#268,#258);
#3127=CARTESIAN_POINT('',(12.11,4.61,-51.0000003));
#3128=ADVANCED_FACE('',(#3129),#281,.T.);
#3129=FACE_BOUND('',#3130,.T.);
#3130=EDGE_LOOP('',(#3131,#3132,#1772,#3136));
#3131=ORIENTED_EDGE('',*,*,#783,.F.);
#3132=ORIENTED_EDGE('',*,*,#3133,.T.);
#3133=EDGE_CURVE('',#778,#1768,#3134,.T.);
#3134=LINE('',#3135,#217);
#3135=CARTESIAN_POINT('',(10.5,5.55,-25.50000015));
#3136=ORIENTED_EDGE('',*,*,#3122,.T.);
#3137=ADVANCED_FACE('',(#3138),#3146,.T.);
#3138=FACE_BOUND('',#3139,.T.);
#3139=EDGE_LOOP('',(#3140,#3141,#1766,#3145));
#3140=ORIENTED_EDGE('',*,*,#777,.F.);
#3141=ORIENTED_EDGE('',*,*,#3142,.T.);
#3142=EDGE_CURVE('',#771,#1761,#3143,.T.);
#3143=LINE('',#3144,#217);
#3144=CARTESIAN_POINT('',(8.89,5.55,-51.0000003));
#3145=ORIENTED_EDGE('',*,*,#3133,.F.);
#3146=PLANE('',#3147);
#3147=AXIS2_PLACEMENT_3D('',#3144,#234,#14);
#3148=ADVANCED_FACE('',(#3149),#3157,.F.);
#3149=FACE_BOUND('',#3150,.T.);
#3150=EDGE_LOOP('',(#3151,#3152,#1759,#3156));
#3151=ORIENTED_EDGE('',*,*,#770,.F.);
#3152=ORIENTED_EDGE('',*,*,#3153,.T.);
#3153=EDGE_CURVE('',#765,#1755,#3154,.T.);
#3154=LINE('',#3155,#217);
#3155=CARTESIAN_POINT('',(8.89,7.15,-51.0000003));
#3156=ORIENTED_EDGE('',*,*,#3142,.F.);
#3157=CYLINDRICAL_SURFACE('',#3158,0.8);
#3158=AXIS2_PLACEMENT_3D('',#3159,#280,#14);
#3159=CARTESIAN_POINT('',(8.89,6.35,-51.0000003));
#3160=ADVANCED_FACE('',(#3161),#3169,.T.);
#3161=FACE_BOUND('',#3162,.T.);
#3162=EDGE_LOOP('',(#3163,#3164,#3165,#1753));
#3163=ORIENTED_EDGE('',*,*,#3153,.F.);
#3164=ORIENTED_EDGE('',*,*,#764,.F.);
#3165=ORIENTED_EDGE('',*,*,#3166,.F.);
#3166=EDGE_CURVE('',#1751,#761,#3167,.T.);
#3167=LINE('',#3168,#279);
#3168=CARTESIAN_POINT('',(10.5,7.15,-25.50000015));
#3169=PLANE('',#3170);
#3170=AXIS2_PLACEMENT_3D('',#3171,#268,#258);
#3171=CARTESIAN_POINT('',(12.11,7.15,-51.0000003));
#3172=ADVANCED_FACE('',(#3173),#281,.T.);
#3173=FACE_BOUND('',#3174,.T.);
#3174=EDGE_LOOP('',(#3175,#3176,#1749,#3180));
#3175=ORIENTED_EDGE('',*,*,#760,.F.);
#3176=ORIENTED_EDGE('',*,*,#3177,.T.);
#3177=EDGE_CURVE('',#755,#1745,#3178,.T.);
#3178=LINE('',#3179,#217);
#3179=CARTESIAN_POINT('',(10.5,8.09,-25.50000015));
#3180=ORIENTED_EDGE('',*,*,#3166,.T.);
#3181=ADVANCED_FACE('',(#3182),#3190,.T.);
#3182=FACE_BOUND('',#3183,.T.);
#3183=EDGE_LOOP('',(#3184,#3185,#1743,#3189));
#3184=ORIENTED_EDGE('',*,*,#754,.F.);
#3185=ORIENTED_EDGE('',*,*,#3186,.T.);
#3186=EDGE_CURVE('',#748,#1738,#3187,.T.);
#3187=LINE('',#3188,#217);
#3188=CARTESIAN_POINT('',(8.89,8.09,-51.0000003));
#3189=ORIENTED_EDGE('',*,*,#3177,.F.);
#3190=PLANE('',#3191);
#3191=AXIS2_PLACEMENT_3D('',#3188,#234,#14);
#3192=ADVANCED_FACE('',(#3193),#3201,.F.);
#3193=FACE_BOUND('',#3194,.T.);
#3194=EDGE_LOOP('',(#3195,#3196,#1736,#3200));
#3195=ORIENTED_EDGE('',*,*,#747,.F.);
#3196=ORIENTED_EDGE('',*,*,#3197,.T.);
#3197=EDGE_CURVE('',#742,#1732,#3198,.T.);
#3198=LINE('',#3199,#217);
#3199=CARTESIAN_POINT('',(8.89,9.69,-51.0000003));
#3200=ORIENTED_EDGE('',*,*,#3186,.F.);
#3201=CYLINDRICAL_SURFACE('',#3202,0.8);
#3202=AXIS2_PLACEMENT_3D('',#3203,#280,#14);
#3203=CARTESIAN_POINT('',(8.89,8.89,-51.0000003));
#3204=ADVANCED_FACE('',(#3205),#3213,.T.);
#3205=FACE_BOUND('',#3206,.T.);
#3206=EDGE_LOOP('',(#3207,#3208,#3209,#1730));
#3207=ORIENTED_EDGE('',*,*,#3197,.F.);
#3208=ORIENTED_EDGE('',*,*,#741,.F.);
#3209=ORIENTED_EDGE('',*,*,#3210,.F.);
#3210=EDGE_CURVE('',#1728,#738,#3211,.T.);
#3211=LINE('',#3212,#279);
#3212=CARTESIAN_POINT('',(10.5,9.69,-25.50000015));
#3213=PLANE('',#3214);
#3214=AXIS2_PLACEMENT_3D('',#3215,#268,#258);
#3215=CARTESIAN_POINT('',(12.11,9.69,-51.0000003));
#3216=ADVANCED_FACE('',(#3217),#281,.T.);
#3217=FACE_BOUND('',#3218,.T.);
#3218=EDGE_LOOP('',(#3219,#3220,#1726,#3224));
#3219=ORIENTED_EDGE('',*,*,#737,.F.);
#3220=ORIENTED_EDGE('',*,*,#3221,.T.);
#3221=EDGE_CURVE('',#732,#1722,#3222,.T.);
#3222=LINE('',#3223,#217);
#3223=CARTESIAN_POINT('',(10.5,10.63,-25.50000015));
#3224=ORIENTED_EDGE('',*,*,#3210,.T.);
#3225=ADVANCED_FACE('',(#3226),#3234,.T.);
#3226=FACE_BOUND('',#3227,.T.);
#3227=EDGE_LOOP('',(#3228,#3229,#1720,#3233));
#3228=ORIENTED_EDGE('',*,*,#731,.F.);
#3229=ORIENTED_EDGE('',*,*,#3230,.T.);
#3230=EDGE_CURVE('',#725,#1715,#3231,.T.);
#3231=LINE('',#3232,#217);
#3232=CARTESIAN_POINT('',(8.89,10.63,-51.0000003));
#3233=ORIENTED_EDGE('',*,*,#3221,.F.);
#3234=PLANE('',#3235);
#3235=AXIS2_PLACEMENT_3D('',#3232,#234,#14);
#3236=ADVANCED_FACE('',(#3237),#3245,.F.);
#3237=FACE_BOUND('',#3238,.T.);
#3238=EDGE_LOOP('',(#3239,#3240,#1713,#3244));
#3239=ORIENTED_EDGE('',*,*,#724,.F.);
#3240=ORIENTED_EDGE('',*,*,#3241,.T.);
#3241=EDGE_CURVE('',#719,#1709,#3242,.T.);
#3242=LINE('',#3243,#217);
#3243=CARTESIAN_POINT('',(8.89,12.23,-51.0000003));
#3244=ORIENTED_EDGE('',*,*,#3230,.F.);
#3245=CYLINDRICAL_SURFACE('',#3246,0.8);
#3246=AXIS2_PLACEMENT_3D('',#3247,#280,#14);
#3247=CARTESIAN_POINT('',(8.89,11.43,-51.0000003));
#3248=ADVANCED_FACE('',(#3249),#3257,.T.);
#3249=FACE_BOUND('',#3250,.T.);
#3250=EDGE_LOOP('',(#3251,#3252,#3253,#1707));
#3251=ORIENTED_EDGE('',*,*,#3241,.F.);
#3252=ORIENTED_EDGE('',*,*,#718,.F.);
#3253=ORIENTED_EDGE('',*,*,#3254,.F.);
#3254=EDGE_CURVE('',#1705,#715,#3255,.T.);
#3255=LINE('',#3256,#279);
#3256=CARTESIAN_POINT('',(10.5,12.23,-25.50000015));
#3257=PLANE('',#3258);
#3258=AXIS2_PLACEMENT_3D('',#3259,#268,#258);
#3259=CARTESIAN_POINT('',(12.11,12.23,-51.0000003));
#3260=ADVANCED_FACE('',(#3261),#281,.T.);
#3261=FACE_BOUND('',#3262,.T.);
#3262=EDGE_LOOP('',(#3263,#3264,#1703,#3268));
#3263=ORIENTED_EDGE('',*,*,#714,.F.);
#3264=ORIENTED_EDGE('',*,*,#3265,.T.);
#3265=EDGE_CURVE('',#709,#1699,#3266,.T.);
#3266=LINE('',#3267,#217);
#3267=CARTESIAN_POINT('',(10.5,13.17,-25.50000015));
#3268=ORIENTED_EDGE('',*,*,#3254,.T.);
#3269=ADVANCED_FACE('',(#3270),#3278,.T.);
#3270=FACE_BOUND('',#3271,.T.);
#3271=EDGE_LOOP('',(#3272,#3273,#1697,#3277));
#3272=ORIENTED_EDGE('',*,*,#708,.F.);
#3273=ORIENTED_EDGE('',*,*,#3274,.T.);
#3274=EDGE_CURVE('',#702,#1692,#3275,.T.);
#3275=LINE('',#3276,#217);
#3276=CARTESIAN_POINT('',(8.89,13.17,-51.0000003));
#3277=ORIENTED_EDGE('',*,*,#3265,.F.);
#3278=PLANE('',#3279);
#3279=AXIS2_PLACEMENT_3D('',#3276,#234,#14);
#3280=ADVANCED_FACE('',(#3281),#3289,.F.);
#3281=FACE_BOUND('',#3282,.T.);
#3282=EDGE_LOOP('',(#3283,#3284,#1690,#3288));
#3283=ORIENTED_EDGE('',*,*,#701,.F.);
#3284=ORIENTED_EDGE('',*,*,#3285,.T.);
#3285=EDGE_CURVE('',#696,#1686,#3286,.T.);
#3286=LINE('',#3287,#217);
#3287=CARTESIAN_POINT('',(8.89,14.77,-51.0000003));
#3288=ORIENTED_EDGE('',*,*,#3274,.F.);
#3289=CYLINDRICAL_SURFACE('',#3290,0.8);
#3290=AXIS2_PLACEMENT_3D('',#3291,#280,#14);
#3291=CARTESIAN_POINT('',(8.89,13.97,-51.0000003));
#3292=ADVANCED_FACE('',(#3293),#3301,.T.);
#3293=FACE_BOUND('',#3294,.T.);
#3294=EDGE_LOOP('',(#3295,#3296,#3297,#1684));
#3295=ORIENTED_EDGE('',*,*,#3285,.F.);
#3296=ORIENTED_EDGE('',*,*,#695,.F.);
#3297=ORIENTED_EDGE('',*,*,#3298,.F.);
#3298=EDGE_CURVE('',#1682,#692,#3299,.T.);
#3299=LINE('',#3300,#279);
#3300=CARTESIAN_POINT('',(10.5,14.77,-25.50000015));
#3301=PLANE('',#3302);
#3302=AXIS2_PLACEMENT_3D('',#3303,#268,#258);
#3303=CARTESIAN_POINT('',(12.11,14.77,-51.0000003));
#3304=ADVANCED_FACE('',(#3305),#281,.T.);
#3305=FACE_BOUND('',#3306,.T.);
#3306=EDGE_LOOP('',(#3307,#3308,#1680,#3312));
#3307=ORIENTED_EDGE('',*,*,#691,.F.);
#3308=ORIENTED_EDGE('',*,*,#3309,.T.);
#3309=EDGE_CURVE('',#686,#1676,#3310,.T.);
#3310=LINE('',#3311,#217);
#3311=CARTESIAN_POINT('',(10.5,15.71,-25.50000015));
#3312=ORIENTED_EDGE('',*,*,#3298,.T.);
#3313=ADVANCED_FACE('',(#3314),#3322,.T.);
#3314=FACE_BOUND('',#3315,.T.);
#3315=EDGE_LOOP('',(#3316,#3317,#1674,#3321));
#3316=ORIENTED_EDGE('',*,*,#685,.F.);
#3317=ORIENTED_EDGE('',*,*,#3318,.T.);
#3318=EDGE_CURVE('',#679,#1669,#3319,.T.);
#3319=LINE('',#3320,#217);
#3320=CARTESIAN_POINT('',(8.89,15.71,-51.0000003));
#3321=ORIENTED_EDGE('',*,*,#3309,.F.);
#3322=PLANE('',#3323);
#3323=AXIS2_PLACEMENT_3D('',#3320,#234,#14);
#3324=ADVANCED_FACE('',(#3325),#3333,.F.);
#3325=FACE_BOUND('',#3326,.T.);
#3326=EDGE_LOOP('',(#3327,#3328,#1667,#3332));
#3327=ORIENTED_EDGE('',*,*,#678,.F.);
#3328=ORIENTED_EDGE('',*,*,#3329,.T.);
#3329=EDGE_CURVE('',#673,#1663,#3330,.T.);
#3330=LINE('',#3331,#217);
#3331=CARTESIAN_POINT('',(8.89,17.31,-51.0000003));
#3332=ORIENTED_EDGE('',*,*,#3318,.F.);
#3333=CYLINDRICAL_SURFACE('',#3334,0.8);
#3334=AXIS2_PLACEMENT_3D('',#3335,#280,#14);
#3335=CARTESIAN_POINT('',(8.89,16.51,-51.0000003));
#3336=ADVANCED_FACE('',(#3337),#3345,.T.);
#3337=FACE_BOUND('',#3338,.T.);
#3338=EDGE_LOOP('',(#3339,#3340,#3341,#1661));
#3339=ORIENTED_EDGE('',*,*,#3329,.F.);
#3340=ORIENTED_EDGE('',*,*,#672,.F.);
#3341=ORIENTED_EDGE('',*,*,#3342,.F.);
#3342=EDGE_CURVE('',#1659,#669,#3343,.T.);
#3343=LINE('',#3344,#279);
#3344=CARTESIAN_POINT('',(10.5,17.31,-25.50000015));
#3345=PLANE('',#3346);
#3346=AXIS2_PLACEMENT_3D('',#3347,#268,#258);
#3347=CARTESIAN_POINT('',(12.11,17.31,-51.0000003));
#3348=ADVANCED_FACE('',(#3349),#281,.T.);
#3349=FACE_BOUND('',#3350,.T.);
#3350=EDGE_LOOP('',(#3351,#3352,#1657,#3356));
#3351=ORIENTED_EDGE('',*,*,#668,.F.);
#3352=ORIENTED_EDGE('',*,*,#3353,.T.);
#3353=EDGE_CURVE('',#663,#1653,#3354,.T.);
#3354=LINE('',#3355,#217);
#3355=CARTESIAN_POINT('',(10.5,18.25,-25.50000015));
#3356=ORIENTED_EDGE('',*,*,#3342,.T.);
#3357=ADVANCED_FACE('',(#3358),#3366,.T.);
#3358=FACE_BOUND('',#3359,.T.);
#3359=EDGE_LOOP('',(#3360,#3361,#1651,#3365));
#3360=ORIENTED_EDGE('',*,*,#662,.F.);
#3361=ORIENTED_EDGE('',*,*,#3362,.T.);
#3362=EDGE_CURVE('',#656,#1646,#3363,.T.);
#3363=LINE('',#3364,#217);
#3364=CARTESIAN_POINT('',(8.89,18.25,-51.0000003));
#3365=ORIENTED_EDGE('',*,*,#3353,.F.);
#3366=PLANE('',#3367);
#3367=AXIS2_PLACEMENT_3D('',#3364,#234,#14);
#3368=ADVANCED_FACE('',(#3369),#3377,.F.);
#3369=FACE_BOUND('',#3370,.T.);
#3370=EDGE_LOOP('',(#3371,#3372,#1644,#3376));
#3371=ORIENTED_EDGE('',*,*,#655,.F.);
#3372=ORIENTED_EDGE('',*,*,#3373,.T.);
#3373=EDGE_CURVE('',#650,#1640,#3374,.T.);
#3374=LINE('',#3375,#217);
#3375=CARTESIAN_POINT('',(8.89,19.85,-51.0000003));
#3376=ORIENTED_EDGE('',*,*,#3362,.F.);
#3377=CYLINDRICAL_SURFACE('',#3378,0.8);
#3378=AXIS2_PLACEMENT_3D('',#3379,#280,#14);
#3379=CARTESIAN_POINT('',(8.89,19.05,-51.0000003));
#3380=ADVANCED_FACE('',(#3381),#3389,.T.);
#3381=FACE_BOUND('',#3382,.T.);
#3382=EDGE_LOOP('',(#3383,#3384,#3385,#1638));
#3383=ORIENTED_EDGE('',*,*,#3373,.F.);
#3384=ORIENTED_EDGE('',*,*,#649,.F.);
#3385=ORIENTED_EDGE('',*,*,#3386,.F.);
#3386=EDGE_CURVE('',#1636,#646,#3387,.T.);
#3387=LINE('',#3388,#279);
#3388=CARTESIAN_POINT('',(10.5,19.85,-25.50000015));
#3389=PLANE('',#3390);
#3390=AXIS2_PLACEMENT_3D('',#3391,#268,#258);
#3391=CARTESIAN_POINT('',(12.11,19.85,-51.0000003));
#3392=ADVANCED_FACE('',(#3393),#281,.T.);
#3393=FACE_BOUND('',#3394,.T.);
#3394=EDGE_LOOP('',(#3395,#3396,#1634,#3400));
#3395=ORIENTED_EDGE('',*,*,#645,.F.);
#3396=ORIENTED_EDGE('',*,*,#3397,.T.);
#3397=EDGE_CURVE('',#640,#1630,#3398,.T.);
#3398=LINE('',#3399,#217);
#3399=CARTESIAN_POINT('',(10.5,20.79,-25.50000015));
#3400=ORIENTED_EDGE('',*,*,#3386,.T.);
#3401=ADVANCED_FACE('',(#3402),#3410,.T.);
#3402=FACE_BOUND('',#3403,.T.);
#3403=EDGE_LOOP('',(#3404,#3405,#1628,#3409));
#3404=ORIENTED_EDGE('',*,*,#639,.F.);
#3405=ORIENTED_EDGE('',*,*,#3406,.T.);
#3406=EDGE_CURVE('',#633,#1623,#3407,.T.);
#3407=LINE('',#3408,#217);
#3408=CARTESIAN_POINT('',(8.89,20.79,-51.0000003));
#3409=ORIENTED_EDGE('',*,*,#3397,.F.);
#3410=PLANE('',#3411);
#3411=AXIS2_PLACEMENT_3D('',#3408,#234,#14);
#3412=ADVANCED_FACE('',(#3413),#3421,.F.);
#3413=FACE_BOUND('',#3414,.T.);
#3414=EDGE_LOOP('',(#3415,#3416,#1621,#3420));
#3415=ORIENTED_EDGE('',*,*,#632,.F.);
#3416=ORIENTED_EDGE('',*,*,#3417,.T.);
#3417=EDGE_CURVE('',#627,#1617,#3418,.T.);
#3418=LINE('',#3419,#217);
#3419=CARTESIAN_POINT('',(8.89,22.39,-51.0000003));
#3420=ORIENTED_EDGE('',*,*,#3406,.F.);
#3421=CYLINDRICAL_SURFACE('',#3422,0.8);
#3422=AXIS2_PLACEMENT_3D('',#3423,#280,#14);
#3423=CARTESIAN_POINT('',(8.89,21.59,-51.0000003));
#3424=ADVANCED_FACE('',(#3425),#3433,.T.);
#3425=FACE_BOUND('',#3426,.T.);
#3426=EDGE_LOOP('',(#3427,#3428,#3429,#1615));
#3427=ORIENTED_EDGE('',*,*,#3417,.F.);
#3428=ORIENTED_EDGE('',*,*,#626,.F.);
#3429=ORIENTED_EDGE('',*,*,#3430,.F.);
#3430=EDGE_CURVE('',#1613,#623,#3431,.T.);
#3431=LINE('',#3432,#279);
#3432=CARTESIAN_POINT('',(10.5,22.39,-25.50000015));
#3433=PLANE('',#3434);
#3434=AXIS2_PLACEMENT_3D('',#3435,#268,#258);
#3435=CARTESIAN_POINT('',(12.11,22.39,-51.0000003));
#3436=ADVANCED_FACE('',(#3437),#281,.T.);
#3437=FACE_BOUND('',#3438,.T.);
#3438=EDGE_LOOP('',(#3439,#3440,#1611,#3444));
#3439=ORIENTED_EDGE('',*,*,#622,.F.);
#3440=ORIENTED_EDGE('',*,*,#3441,.T.);
#3441=EDGE_CURVE('',#617,#1607,#3442,.T.);
#3442=LINE('',#3443,#217);
#3443=CARTESIAN_POINT('',(10.5,23.33,-25.50000015));
#3444=ORIENTED_EDGE('',*,*,#3430,.T.);
#3445=ADVANCED_FACE('',(#3446),#3454,.T.);
#3446=FACE_BOUND('',#3447,.T.);
#3447=EDGE_LOOP('',(#3448,#3449,#1605,#3453));
#3448=ORIENTED_EDGE('',*,*,#616,.F.);
#3449=ORIENTED_EDGE('',*,*,#3450,.T.);
#3450=EDGE_CURVE('',#610,#1600,#3451,.T.);
#3451=LINE('',#3452,#217);
#3452=CARTESIAN_POINT('',(8.89,23.33,-51.0000003));
#3453=ORIENTED_EDGE('',*,*,#3441,.F.);
#3454=PLANE('',#3455);
#3455=AXIS2_PLACEMENT_3D('',#3452,#234,#14);
#3456=ADVANCED_FACE('',(#3457),#3462,.F.);
#3457=FACE_BOUND('',#3458,.T.);
#3458=EDGE_LOOP('',(#3459,#3460,#1598,#3461));
#3459=ORIENTED_EDGE('',*,*,#609,.F.);
#3460=ORIENTED_EDGE('',*,*,#2283,.T.);
#3461=ORIENTED_EDGE('',*,*,#3450,.F.);
#3462=CYLINDRICAL_SURFACE('',#3463,0.8);
#3463=AXIS2_PLACEMENT_3D('',#3464,#280,#14);
#3464=CARTESIAN_POINT('',(8.89,24.13,-51.0000003));
#3465=ADVANCED_FACE('',(#3466),#3474,.F.);
#3466=FACE_BOUND('',#3467,.T.);
#3467=EDGE_LOOP('',(#3468,#3469,#1581,#3473));
#3468=ORIENTED_EDGE('',*,*,#589,.F.);
#3469=ORIENTED_EDGE('',*,*,#3470,.T.);
#3470=EDGE_CURVE('',#584,#1577,#3471,.T.);
#3471=LINE('',#3472,#217);
#3472=CARTESIAN_POINT('',(-8.89,23.33,-51.0000002));
#3473=ORIENTED_EDGE('',*,*,#2273,.F.);
#3474=CYLINDRICAL_SURFACE('',#3475,0.8);
#3475=AXIS2_PLACEMENT_3D('',#3476,#280,#14);
#3476=CARTESIAN_POINT('',(-8.89,24.13,-51.0000003));
#3477=ADVANCED_FACE('',(#3478),#3486,.T.);
#3478=FACE_BOUND('',#3479,.T.);
#3479=EDGE_LOOP('',(#3480,#3481,#3482,#1575));
#3480=ORIENTED_EDGE('',*,*,#3470,.F.);
#3481=ORIENTED_EDGE('',*,*,#583,.F.);
#3482=ORIENTED_EDGE('',*,*,#3483,.F.);
#3483=EDGE_CURVE('',#1573,#580,#3484,.T.);
#3484=LINE('',#3485,#279);
#3485=CARTESIAN_POINT('',(-10.5,23.33,-25.5000001));
#3486=PLANE('',#3487);
#3487=AXIS2_PLACEMENT_3D('',#3488,#234,#14);
#3488=CARTESIAN_POINT('',(-12.11,23.33,-51.0000002));
#3489=ADVANCED_FACE('',(#3490),#256,.T.);
#3490=FACE_BOUND('',#3491,.T.);
#3491=EDGE_LOOP('',(#3492,#3493,#1571,#3497));
#3492=ORIENTED_EDGE('',*,*,#579,.F.);
#3493=ORIENTED_EDGE('',*,*,#3494,.T.);
#3494=EDGE_CURVE('',#574,#1567,#3495,.T.);
#3495=LINE('',#3496,#217);
#3496=CARTESIAN_POINT('',(-10.5,22.39,-25.50000015));
#3497=ORIENTED_EDGE('',*,*,#3483,.T.);
#3498=ADVANCED_FACE('',(#3499),#3507,.T.);
#3499=FACE_BOUND('',#3500,.T.);
#3500=EDGE_LOOP('',(#3501,#3502,#1565,#3506));
#3501=ORIENTED_EDGE('',*,*,#573,.F.);
#3502=ORIENTED_EDGE('',*,*,#3503,.T.);
#3503=EDGE_CURVE('',#567,#1560,#3504,.T.);
#3504=LINE('',#3505,#217);
#3505=CARTESIAN_POINT('',(-8.89,22.39,-51.0000003));
#3506=ORIENTED_EDGE('',*,*,#3494,.F.);
#3507=PLANE('',#3508);
#3508=AXIS2_PLACEMENT_3D('',#3505,#268,#258);
#3509=ADVANCED_FACE('',(#3510),#3518,.F.);
#3510=FACE_BOUND('',#3511,.T.);
#3511=EDGE_LOOP('',(#3512,#3513,#1558,#3517));
#3512=ORIENTED_EDGE('',*,*,#566,.F.);
#3513=ORIENTED_EDGE('',*,*,#3514,.T.);
#3514=EDGE_CURVE('',#561,#1554,#3515,.T.);
#3515=LINE('',#3516,#217);
#3516=CARTESIAN_POINT('',(-8.89,20.79,-51.0000003));
#3517=ORIENTED_EDGE('',*,*,#3503,.F.);
#3518=CYLINDRICAL_SURFACE('',#3519,0.8);
#3519=AXIS2_PLACEMENT_3D('',#3520,#280,#14);
#3520=CARTESIAN_POINT('',(-8.89,21.59,-51.0000003));
#3521=ADVANCED_FACE('',(#3522),#3530,.T.);
#3522=FACE_BOUND('',#3523,.T.);
#3523=EDGE_LOOP('',(#3524,#3525,#3526,#1552));
#3524=ORIENTED_EDGE('',*,*,#3514,.F.);
#3525=ORIENTED_EDGE('',*,*,#560,.F.);
#3526=ORIENTED_EDGE('',*,*,#3527,.F.);
#3527=EDGE_CURVE('',#1550,#557,#3528,.T.);
#3528=LINE('',#3529,#279);
#3529=CARTESIAN_POINT('',(-10.5,20.79,-25.50000015));
#3530=PLANE('',#3531);
#3531=AXIS2_PLACEMENT_3D('',#3532,#234,#14);
#3532=CARTESIAN_POINT('',(-12.11,20.79,-51.0000003));
#3533=ADVANCED_FACE('',(#3534),#256,.T.);
#3534=FACE_BOUND('',#3535,.T.);
#3535=EDGE_LOOP('',(#3536,#3537,#1548,#3541));
#3536=ORIENTED_EDGE('',*,*,#556,.F.);
#3537=ORIENTED_EDGE('',*,*,#3538,.T.);
#3538=EDGE_CURVE('',#551,#1544,#3539,.T.);
#3539=LINE('',#3540,#217);
#3540=CARTESIAN_POINT('',(-10.5,19.85,-25.50000015));
#3541=ORIENTED_EDGE('',*,*,#3527,.T.);
#3542=ADVANCED_FACE('',(#3543),#3551,.T.);
#3543=FACE_BOUND('',#3544,.T.);
#3544=EDGE_LOOP('',(#3545,#3546,#1542,#3550));
#3545=ORIENTED_EDGE('',*,*,#550,.F.);
#3546=ORIENTED_EDGE('',*,*,#3547,.T.);
#3547=EDGE_CURVE('',#544,#1537,#3548,.T.);
#3548=LINE('',#3549,#217);
#3549=CARTESIAN_POINT('',(-8.89,19.85,-51.0000003));
#3550=ORIENTED_EDGE('',*,*,#3538,.F.);
#3551=PLANE('',#3552);
#3552=AXIS2_PLACEMENT_3D('',#3549,#268,#258);
#3553=ADVANCED_FACE('',(#3554),#3562,.F.);
#3554=FACE_BOUND('',#3555,.T.);
#3555=EDGE_LOOP('',(#3556,#3557,#1535,#3561));
#3556=ORIENTED_EDGE('',*,*,#543,.F.);
#3557=ORIENTED_EDGE('',*,*,#3558,.T.);
#3558=EDGE_CURVE('',#538,#1531,#3559,.T.);
#3559=LINE('',#3560,#217);
#3560=CARTESIAN_POINT('',(-8.89,18.25,-51.0000003));
#3561=ORIENTED_EDGE('',*,*,#3547,.F.);
#3562=CYLINDRICAL_SURFACE('',#3563,0.8);
#3563=AXIS2_PLACEMENT_3D('',#3564,#280,#14);
#3564=CARTESIAN_POINT('',(-8.89,19.05,-51.0000003));
#3565=ADVANCED_FACE('',(#3566),#3574,.T.);
#3566=FACE_BOUND('',#3567,.T.);
#3567=EDGE_LOOP('',(#3568,#3569,#3570,#1529));
#3568=ORIENTED_EDGE('',*,*,#3558,.F.);
#3569=ORIENTED_EDGE('',*,*,#537,.F.);
#3570=ORIENTED_EDGE('',*,*,#3571,.F.);
#3571=EDGE_CURVE('',#1527,#534,#3572,.T.);
#3572=LINE('',#3573,#279);
#3573=CARTESIAN_POINT('',(-10.5,18.25,-25.50000015));
#3574=PLANE('',#3575);
#3575=AXIS2_PLACEMENT_3D('',#3576,#234,#14);
#3576=CARTESIAN_POINT('',(-12.11,18.25,-51.0000003));
#3577=ADVANCED_FACE('',(#3578),#256,.T.);
#3578=FACE_BOUND('',#3579,.T.);
#3579=EDGE_LOOP('',(#3580,#3581,#1525,#3585));
#3580=ORIENTED_EDGE('',*,*,#533,.F.);
#3581=ORIENTED_EDGE('',*,*,#3582,.T.);
#3582=EDGE_CURVE('',#528,#1521,#3583,.T.);
#3583=LINE('',#3584,#217);
#3584=CARTESIAN_POINT('',(-10.5,17.31,-25.50000015));
#3585=ORIENTED_EDGE('',*,*,#3571,.T.);
#3586=ADVANCED_FACE('',(#3587),#3595,.T.);
#3587=FACE_BOUND('',#3588,.T.);
#3588=EDGE_LOOP('',(#3589,#3590,#1519,#3594));
#3589=ORIENTED_EDGE('',*,*,#527,.F.);
#3590=ORIENTED_EDGE('',*,*,#3591,.T.);
#3591=EDGE_CURVE('',#521,#1514,#3592,.T.);
#3592=LINE('',#3593,#217);
#3593=CARTESIAN_POINT('',(-8.89,17.31,-51.0000003));
#3594=ORIENTED_EDGE('',*,*,#3582,.F.);
#3595=PLANE('',#3596);
#3596=AXIS2_PLACEMENT_3D('',#3593,#268,#258);
#3597=ADVANCED_FACE('',(#3598),#3606,.F.);
#3598=FACE_BOUND('',#3599,.T.);
#3599=EDGE_LOOP('',(#3600,#3601,#1512,#3605));
#3600=ORIENTED_EDGE('',*,*,#520,.F.);
#3601=ORIENTED_EDGE('',*,*,#3602,.T.);
#3602=EDGE_CURVE('',#515,#1508,#3603,.T.);
#3603=LINE('',#3604,#217);
#3604=CARTESIAN_POINT('',(-8.89,15.71,-51.0000003));
#3605=ORIENTED_EDGE('',*,*,#3591,.F.);
#3606=CYLINDRICAL_SURFACE('',#3607,0.8);
#3607=AXIS2_PLACEMENT_3D('',#3608,#280,#14);
#3608=CARTESIAN_POINT('',(-8.89,16.51,-51.0000003));
#3609=ADVANCED_FACE('',(#3610),#3618,.T.);
#3610=FACE_BOUND('',#3611,.T.);
#3611=EDGE_LOOP('',(#3612,#3613,#3614,#1506));
#3612=ORIENTED_EDGE('',*,*,#3602,.F.);
#3613=ORIENTED_EDGE('',*,*,#514,.F.);
#3614=ORIENTED_EDGE('',*,*,#3615,.F.);
#3615=EDGE_CURVE('',#1504,#511,#3616,.T.);
#3616=LINE('',#3617,#279);
#3617=CARTESIAN_POINT('',(-10.5,15.71,-25.50000015));
#3618=PLANE('',#3619);
#3619=AXIS2_PLACEMENT_3D('',#3620,#234,#14);
#3620=CARTESIAN_POINT('',(-12.11,15.71,-51.0000003));
#3621=ADVANCED_FACE('',(#3622),#256,.T.);
#3622=FACE_BOUND('',#3623,.T.);
#3623=EDGE_LOOP('',(#3624,#3625,#1502,#3629));
#3624=ORIENTED_EDGE('',*,*,#510,.F.);
#3625=ORIENTED_EDGE('',*,*,#3626,.T.);
#3626=EDGE_CURVE('',#505,#1498,#3627,.T.);
#3627=LINE('',#3628,#217);
#3628=CARTESIAN_POINT('',(-10.5,14.77,-25.50000015));
#3629=ORIENTED_EDGE('',*,*,#3615,.T.);
#3630=ADVANCED_FACE('',(#3631),#3639,.T.);
#3631=FACE_BOUND('',#3632,.T.);
#3632=EDGE_LOOP('',(#3633,#3634,#1496,#3638));
#3633=ORIENTED_EDGE('',*,*,#504,.F.);
#3634=ORIENTED_EDGE('',*,*,#3635,.T.);
#3635=EDGE_CURVE('',#498,#1491,#3636,.T.);
#3636=LINE('',#3637,#217);
#3637=CARTESIAN_POINT('',(-8.89,14.77,-51.0000003));
#3638=ORIENTED_EDGE('',*,*,#3626,.F.);
#3639=PLANE('',#3640);
#3640=AXIS2_PLACEMENT_3D('',#3637,#268,#258);
#3641=ADVANCED_FACE('',(#3642),#3650,.F.);
#3642=FACE_BOUND('',#3643,.T.);
#3643=EDGE_LOOP('',(#3644,#3645,#1489,#3649));
#3644=ORIENTED_EDGE('',*,*,#497,.F.);
#3645=ORIENTED_EDGE('',*,*,#3646,.T.);
#3646=EDGE_CURVE('',#492,#1485,#3647,.T.);
#3647=LINE('',#3648,#217);
#3648=CARTESIAN_POINT('',(-8.89,13.17,-51.0000003));
#3649=ORIENTED_EDGE('',*,*,#3635,.F.);
#3650=CYLINDRICAL_SURFACE('',#3651,0.8);
#3651=AXIS2_PLACEMENT_3D('',#3652,#280,#14);
#3652=CARTESIAN_POINT('',(-8.89,13.97,-51.0000003));
#3653=ADVANCED_FACE('',(#3654),#3662,.T.);
#3654=FACE_BOUND('',#3655,.T.);
#3655=EDGE_LOOP('',(#3656,#3657,#3658,#1483));
#3656=ORIENTED_EDGE('',*,*,#3646,.F.);
#3657=ORIENTED_EDGE('',*,*,#491,.F.);
#3658=ORIENTED_EDGE('',*,*,#3659,.F.);
#3659=EDGE_CURVE('',#1481,#488,#3660,.T.);
#3660=LINE('',#3661,#279);
#3661=CARTESIAN_POINT('',(-10.5,13.17,-25.50000015));
#3662=PLANE('',#3663);
#3663=AXIS2_PLACEMENT_3D('',#3664,#234,#14);
#3664=CARTESIAN_POINT('',(-12.11,13.17,-51.0000003));
#3665=ADVANCED_FACE('',(#3666),#256,.T.);
#3666=FACE_BOUND('',#3667,.T.);
#3667=EDGE_LOOP('',(#3668,#3669,#1479,#3673));
#3668=ORIENTED_EDGE('',*,*,#487,.F.);
#3669=ORIENTED_EDGE('',*,*,#3670,.T.);
#3670=EDGE_CURVE('',#482,#1475,#3671,.T.);
#3671=LINE('',#3672,#217);
#3672=CARTESIAN_POINT('',(-10.5,12.23,-25.50000015));
#3673=ORIENTED_EDGE('',*,*,#3659,.T.);
#3674=ADVANCED_FACE('',(#3675),#3683,.T.);
#3675=FACE_BOUND('',#3676,.T.);
#3676=EDGE_LOOP('',(#3677,#3678,#1473,#3682));
#3677=ORIENTED_EDGE('',*,*,#481,.F.);
#3678=ORIENTED_EDGE('',*,*,#3679,.T.);
#3679=EDGE_CURVE('',#475,#1468,#3680,.T.);
#3680=LINE('',#3681,#217);
#3681=CARTESIAN_POINT('',(-8.89,12.23,-51.0000003));
#3682=ORIENTED_EDGE('',*,*,#3670,.F.);
#3683=PLANE('',#3684);
#3684=AXIS2_PLACEMENT_3D('',#3681,#268,#258);
#3685=ADVANCED_FACE('',(#3686),#3694,.F.);
#3686=FACE_BOUND('',#3687,.T.);
#3687=EDGE_LOOP('',(#3688,#3689,#1466,#3693));
#3688=ORIENTED_EDGE('',*,*,#474,.F.);
#3689=ORIENTED_EDGE('',*,*,#3690,.T.);
#3690=EDGE_CURVE('',#469,#1462,#3691,.T.);
#3691=LINE('',#3692,#217);
#3692=CARTESIAN_POINT('',(-8.89,10.63,-51.0000003));
#3693=ORIENTED_EDGE('',*,*,#3679,.F.);
#3694=CYLINDRICAL_SURFACE('',#3695,0.8);
#3695=AXIS2_PLACEMENT_3D('',#3696,#280,#14);
#3696=CARTESIAN_POINT('',(-8.89,11.43,-51.0000003));
#3697=ADVANCED_FACE('',(#3698),#3706,.T.);
#3698=FACE_BOUND('',#3699,.T.);
#3699=EDGE_LOOP('',(#3700,#3701,#3702,#1460));
#3700=ORIENTED_EDGE('',*,*,#3690,.F.);
#3701=ORIENTED_EDGE('',*,*,#468,.F.);
#3702=ORIENTED_EDGE('',*,*,#3703,.F.);
#3703=EDGE_CURVE('',#1458,#465,#3704,.T.);
#3704=LINE('',#3705,#279);
#3705=CARTESIAN_POINT('',(-10.5,10.63,-25.50000015));
#3706=PLANE('',#3707);
#3707=AXIS2_PLACEMENT_3D('',#3708,#234,#14);
#3708=CARTESIAN_POINT('',(-12.11,10.63,-51.0000003));
#3709=ADVANCED_FACE('',(#3710),#256,.T.);
#3710=FACE_BOUND('',#3711,.T.);
#3711=EDGE_LOOP('',(#3712,#3713,#1456,#3717));
#3712=ORIENTED_EDGE('',*,*,#464,.F.);
#3713=ORIENTED_EDGE('',*,*,#3714,.T.);
#3714=EDGE_CURVE('',#459,#1452,#3715,.T.);
#3715=LINE('',#3716,#217);
#3716=CARTESIAN_POINT('',(-10.5,9.69,-25.50000015));
#3717=ORIENTED_EDGE('',*,*,#3703,.T.);
#3718=ADVANCED_FACE('',(#3719),#3727,.T.);
#3719=FACE_BOUND('',#3720,.T.);
#3720=EDGE_LOOP('',(#3721,#3722,#1450,#3726));
#3721=ORIENTED_EDGE('',*,*,#458,.F.);
#3722=ORIENTED_EDGE('',*,*,#3723,.T.);
#3723=EDGE_CURVE('',#452,#1445,#3724,.T.);
#3724=LINE('',#3725,#217);
#3725=CARTESIAN_POINT('',(-8.89,9.69,-51.0000003));
#3726=ORIENTED_EDGE('',*,*,#3714,.F.);
#3727=PLANE('',#3728);
#3728=AXIS2_PLACEMENT_3D('',#3725,#268,#258);
#3729=ADVANCED_FACE('',(#3730),#3738,.F.);
#3730=FACE_BOUND('',#3731,.T.);
#3731=EDGE_LOOP('',(#3732,#3733,#1443,#3737));
#3732=ORIENTED_EDGE('',*,*,#451,.F.);
#3733=ORIENTED_EDGE('',*,*,#3734,.T.);
#3734=EDGE_CURVE('',#446,#1439,#3735,.T.);
#3735=LINE('',#3736,#217);
#3736=CARTESIAN_POINT('',(-8.89,8.09,-51.0000003));
#3737=ORIENTED_EDGE('',*,*,#3723,.F.);
#3738=CYLINDRICAL_SURFACE('',#3739,0.8);
#3739=AXIS2_PLACEMENT_3D('',#3740,#280,#14);
#3740=CARTESIAN_POINT('',(-8.89,8.89,-51.0000003));
#3741=ADVANCED_FACE('',(#3742),#3750,.T.);
#3742=FACE_BOUND('',#3743,.T.);
#3743=EDGE_LOOP('',(#3744,#3745,#3746,#1437));
#3744=ORIENTED_EDGE('',*,*,#3734,.F.);
#3745=ORIENTED_EDGE('',*,*,#445,.F.);
#3746=ORIENTED_EDGE('',*,*,#3747,.F.);
#3747=EDGE_CURVE('',#1435,#442,#3748,.T.);
#3748=LINE('',#3749,#279);
#3749=CARTESIAN_POINT('',(-10.5,8.09,-25.50000015));
#3750=PLANE('',#3751);
#3751=AXIS2_PLACEMENT_3D('',#3752,#234,#14);
#3752=CARTESIAN_POINT('',(-12.11,8.09,-51.0000003));
#3753=ADVANCED_FACE('',(#3754),#256,.T.);
#3754=FACE_BOUND('',#3755,.T.);
#3755=EDGE_LOOP('',(#3756,#3757,#1433,#3761));
#3756=ORIENTED_EDGE('',*,*,#441,.F.);
#3757=ORIENTED_EDGE('',*,*,#3758,.T.);
#3758=EDGE_CURVE('',#436,#1429,#3759,.T.);
#3759=LINE('',#3760,#217);
#3760=CARTESIAN_POINT('',(-10.5,7.15,-25.50000015));
#3761=ORIENTED_EDGE('',*,*,#3747,.T.);
#3762=ADVANCED_FACE('',(#3763),#3771,.T.);
#3763=FACE_BOUND('',#3764,.T.);
#3764=EDGE_LOOP('',(#3765,#3766,#1427,#3770));
#3765=ORIENTED_EDGE('',*,*,#435,.F.);
#3766=ORIENTED_EDGE('',*,*,#3767,.T.);
#3767=EDGE_CURVE('',#429,#1422,#3768,.T.);
#3768=LINE('',#3769,#217);
#3769=CARTESIAN_POINT('',(-8.89,7.15,-51.0000003));
#3770=ORIENTED_EDGE('',*,*,#3758,.F.);
#3771=PLANE('',#3772);
#3772=AXIS2_PLACEMENT_3D('',#3769,#268,#258);
#3773=ADVANCED_FACE('',(#3774),#3782,.F.);
#3774=FACE_BOUND('',#3775,.T.);
#3775=EDGE_LOOP('',(#3776,#3777,#1420,#3781));
#3776=ORIENTED_EDGE('',*,*,#428,.F.);
#3777=ORIENTED_EDGE('',*,*,#3778,.T.);
#3778=EDGE_CURVE('',#423,#1416,#3779,.T.);
#3779=LINE('',#3780,#217);
#3780=CARTESIAN_POINT('',(-8.89,5.55,-51.0000003));
#3781=ORIENTED_EDGE('',*,*,#3767,.F.);
#3782=CYLINDRICAL_SURFACE('',#3783,0.8);
#3783=AXIS2_PLACEMENT_3D('',#3784,#280,#14);
#3784=CARTESIAN_POINT('',(-8.89,6.35,-51.0000003));
#3785=ADVANCED_FACE('',(#3786),#3794,.T.);
#3786=FACE_BOUND('',#3787,.T.);
#3787=EDGE_LOOP('',(#3788,#3789,#3790,#1414));
#3788=ORIENTED_EDGE('',*,*,#3778,.F.);
#3789=ORIENTED_EDGE('',*,*,#422,.F.);
#3790=ORIENTED_EDGE('',*,*,#3791,.F.);
#3791=EDGE_CURVE('',#1412,#419,#3792,.T.);
#3792=LINE('',#3793,#279);
#3793=CARTESIAN_POINT('',(-10.5,5.55,-25.50000015));
#3794=PLANE('',#3795);
#3795=AXIS2_PLACEMENT_3D('',#3796,#234,#14);
#3796=CARTESIAN_POINT('',(-12.11,5.55,-51.0000003));
#3797=ADVANCED_FACE('',(#3798),#256,.T.);
#3798=FACE_BOUND('',#3799,.T.);
#3799=EDGE_LOOP('',(#3800,#3801,#1410,#3805));
#3800=ORIENTED_EDGE('',*,*,#418,.F.);
#3801=ORIENTED_EDGE('',*,*,#3802,.T.);
#3802=EDGE_CURVE('',#413,#1406,#3803,.T.);
#3803=LINE('',#3804,#217);
#3804=CARTESIAN_POINT('',(-10.5,4.61,-25.50000015));
#3805=ORIENTED_EDGE('',*,*,#3791,.T.);
#3806=ADVANCED_FACE('',(#3807),#3815,.T.);
#3807=FACE_BOUND('',#3808,.T.);
#3808=EDGE_LOOP('',(#3809,#3810,#1404,#3814));
#3809=ORIENTED_EDGE('',*,*,#412,.F.);
#3810=ORIENTED_EDGE('',*,*,#3811,.T.);
#3811=EDGE_CURVE('',#406,#1399,#3812,.T.);
#3812=LINE('',#3813,#217);
#3813=CARTESIAN_POINT('',(-8.89,4.61,-51.0000003));
#3814=ORIENTED_EDGE('',*,*,#3802,.F.);
#3815=PLANE('',#3816);
#3816=AXIS2_PLACEMENT_3D('',#3813,#268,#258);
#3817=ADVANCED_FACE('',(#3818),#3826,.F.);
#3818=FACE_BOUND('',#3819,.T.);
#3819=EDGE_LOOP('',(#3820,#3821,#1397,#3825));
#3820=ORIENTED_EDGE('',*,*,#405,.F.);
#3821=ORIENTED_EDGE('',*,*,#3822,.T.);
#3822=EDGE_CURVE('',#400,#1393,#3823,.T.);
#3823=LINE('',#3824,#217);
#3824=CARTESIAN_POINT('',(-8.89,3.01,-51.0000003));
#3825=ORIENTED_EDGE('',*,*,#3811,.F.);
#3826=CYLINDRICAL_SURFACE('',#3827,0.8);
#3827=AXIS2_PLACEMENT_3D('',#3828,#280,#14);
#3828=CARTESIAN_POINT('',(-8.89,3.81,-51.0000003));
#3829=ADVANCED_FACE('',(#3830),#3838,.T.);
#3830=FACE_BOUND('',#3831,.T.);
#3831=EDGE_LOOP('',(#3832,#3833,#3834,#1391));
#3832=ORIENTED_EDGE('',*,*,#3822,.F.);
#3833=ORIENTED_EDGE('',*,*,#399,.F.);
#3834=ORIENTED_EDGE('',*,*,#3835,.F.);
#3835=EDGE_CURVE('',#1389,#396,#3836,.T.);
#3836=LINE('',#3837,#279);
#3837=CARTESIAN_POINT('',(-10.5,3.01,-25.50000015));
#3838=PLANE('',#3839);
#3839=AXIS2_PLACEMENT_3D('',#3840,#234,#14);
#3840=CARTESIAN_POINT('',(-12.11,3.01,-51.0000003));
#3841=ADVANCED_FACE('',(#3842),#256,.T.);
#3842=FACE_BOUND('',#3843,.T.);
#3843=EDGE_LOOP('',(#3844,#3845,#1387,#3849));
#3844=ORIENTED_EDGE('',*,*,#395,.F.);
#3845=ORIENTED_EDGE('',*,*,#3846,.T.);
#3846=EDGE_CURVE('',#390,#1383,#3847,.T.);
#3847=LINE('',#3848,#217);
#3848=CARTESIAN_POINT('',(-10.5,2.07,-25.50000015));
#3849=ORIENTED_EDGE('',*,*,#3835,.T.);
#3850=ADVANCED_FACE('',(#3851),#3859,.T.);
#3851=FACE_BOUND('',#3852,.T.);
#3852=EDGE_LOOP('',(#3853,#3854,#1381,#3858));
#3853=ORIENTED_EDGE('',*,*,#389,.F.);
#3854=ORIENTED_EDGE('',*,*,#3855,.T.);
#3855=EDGE_CURVE('',#383,#1376,#3856,.T.);
#3856=LINE('',#3857,#217);
#3857=CARTESIAN_POINT('',(-8.89,2.07,-51.0000003));
#3858=ORIENTED_EDGE('',*,*,#3846,.F.);
#3859=PLANE('',#3860);
#3860=AXIS2_PLACEMENT_3D('',#3857,#268,#258);
#3861=ADVANCED_FACE('',(#3862),#3870,.F.);
#3862=FACE_BOUND('',#3863,.T.);
#3863=EDGE_LOOP('',(#3864,#3865,#1374,#3869));
#3864=ORIENTED_EDGE('',*,*,#382,.F.);
#3865=ORIENTED_EDGE('',*,*,#3866,.T.);
#3866=EDGE_CURVE('',#377,#1370,#3867,.T.);
#3867=LINE('',#3868,#217);
#3868=CARTESIAN_POINT('',(-8.89,0.47,-51.0000003));
#3869=ORIENTED_EDGE('',*,*,#3855,.F.);
#3870=CYLINDRICAL_SURFACE('',#3871,0.8);
#3871=AXIS2_PLACEMENT_3D('',#3872,#280,#14);
#3872=CARTESIAN_POINT('',(-8.89,1.27,-51.0000003));
#3873=ADVANCED_FACE('',(#3874),#3882,.T.);
#3874=FACE_BOUND('',#3875,.T.);
#3875=EDGE_LOOP('',(#3876,#3877,#3878,#1368));
#3876=ORIENTED_EDGE('',*,*,#3866,.F.);
#3877=ORIENTED_EDGE('',*,*,#376,.F.);
#3878=ORIENTED_EDGE('',*,*,#3879,.F.);
#3879=EDGE_CURVE('',#1366,#373,#3880,.T.);
#3880=LINE('',#3881,#279);
#3881=CARTESIAN_POINT('',(-10.5,0.47,-25.50000015));
#3882=PLANE('',#3883);
#3883=AXIS2_PLACEMENT_3D('',#3884,#234,#14);
#3884=CARTESIAN_POINT('',(-12.11,0.47,-51.0000003));
#3885=ADVANCED_FACE('',(#3886),#256,.T.);
#3886=FACE_BOUND('',#3887,.T.);
#3887=EDGE_LOOP('',(#3888,#3889,#1364,#3893));
#3888=ORIENTED_EDGE('',*,*,#372,.F.);
#3889=ORIENTED_EDGE('',*,*,#3890,.T.);
#3890=EDGE_CURVE('',#367,#1360,#3891,.T.);
#3891=LINE('',#3892,#217);
#3892=CARTESIAN_POINT('',(-10.5,-0.47,-25.50000015));
#3893=ORIENTED_EDGE('',*,*,#3879,.T.);
#3894=ADVANCED_FACE('',(#3895),#3903,.T.);
#3895=FACE_BOUND('',#3896,.T.);
#3896=EDGE_LOOP('',(#3897,#3898,#1358,#3902));
#3897=ORIENTED_EDGE('',*,*,#366,.F.);
#3898=ORIENTED_EDGE('',*,*,#3899,.T.);
#3899=EDGE_CURVE('',#360,#1353,#3900,.T.);
#3900=LINE('',#3901,#217);
#3901=CARTESIAN_POINT('',(-8.89,-0.47,-51.0000003));
#3902=ORIENTED_EDGE('',*,*,#3890,.F.);
#3903=PLANE('',#3904);
#3904=AXIS2_PLACEMENT_3D('',#3901,#268,#258);
#3905=ADVANCED_FACE('',(#3906),#3914,.F.);
#3906=FACE_BOUND('',#3907,.T.);
#3907=EDGE_LOOP('',(#3908,#3909,#1351,#3913));
#3908=ORIENTED_EDGE('',*,*,#359,.F.);
#3909=ORIENTED_EDGE('',*,*,#3910,.T.);
#3910=EDGE_CURVE('',#354,#1347,#3911,.T.);
#3911=LINE('',#3912,#217);
#3912=CARTESIAN_POINT('',(-8.89,-2.07,-51.0000003));
#3913=ORIENTED_EDGE('',*,*,#3899,.F.);
#3914=CYLINDRICAL_SURFACE('',#3915,0.8);
#3915=AXIS2_PLACEMENT_3D('',#3916,#280,#14);
#3916=CARTESIAN_POINT('',(-8.89,-1.27,-51.0000003));
#3917=ADVANCED_FACE('',(#3918),#3926,.T.);
#3918=FACE_BOUND('',#3919,.T.);
#3919=EDGE_LOOP('',(#3920,#3921,#3922,#1345));
#3920=ORIENTED_EDGE('',*,*,#3910,.F.);
#3921=ORIENTED_EDGE('',*,*,#353,.F.);
#3922=ORIENTED_EDGE('',*,*,#3923,.F.);
#3923=EDGE_CURVE('',#1343,#350,#3924,.T.);
#3924=LINE('',#3925,#279);
#3925=CARTESIAN_POINT('',(-10.5,-2.07,-25.50000015));
#3926=PLANE('',#3927);
#3927=AXIS2_PLACEMENT_3D('',#3928,#234,#14);
#3928=CARTESIAN_POINT('',(-12.11,-2.07,-51.0000003));
#3929=ADVANCED_FACE('',(#3930),#256,.T.);
#3930=FACE_BOUND('',#3931,.T.);
#3931=EDGE_LOOP('',(#3932,#3933,#1341,#3937));
#3932=ORIENTED_EDGE('',*,*,#349,.F.);
#3933=ORIENTED_EDGE('',*,*,#3934,.T.);
#3934=EDGE_CURVE('',#344,#1337,#3935,.T.);
#3935=LINE('',#3936,#217);
#3936=CARTESIAN_POINT('',(-10.5,-3.01,-25.50000015));
#3937=ORIENTED_EDGE('',*,*,#3923,.T.);
#3938=ADVANCED_FACE('',(#3939),#3947,.T.);
#3939=FACE_BOUND('',#3940,.T.);
#3940=EDGE_LOOP('',(#3941,#3942,#1335,#3946));
#3941=ORIENTED_EDGE('',*,*,#343,.F.);
#3942=ORIENTED_EDGE('',*,*,#3943,.T.);
#3943=EDGE_CURVE('',#337,#1330,#3944,.T.);
#3944=LINE('',#3945,#217);
#3945=CARTESIAN_POINT('',(-8.89,-3.01,-51.0000003));
#3946=ORIENTED_EDGE('',*,*,#3934,.F.);
#3947=PLANE('',#3948);
#3948=AXIS2_PLACEMENT_3D('',#3945,#268,#258);
#3949=ADVANCED_FACE('',(#3950),#3958,.F.);
#3950=FACE_BOUND('',#3951,.T.);
#3951=EDGE_LOOP('',(#3952,#3953,#1328,#3957));
#3952=ORIENTED_EDGE('',*,*,#336,.F.);
#3953=ORIENTED_EDGE('',*,*,#3954,.T.);
#3954=EDGE_CURVE('',#331,#1324,#3955,.T.);
#3955=LINE('',#3956,#217);
#3956=CARTESIAN_POINT('',(-8.89,-4.61,-51.0000003));
#3957=ORIENTED_EDGE('',*,*,#3943,.F.);
#3958=CYLINDRICAL_SURFACE('',#3959,0.8);
#3959=AXIS2_PLACEMENT_3D('',#3960,#280,#14);
#3960=CARTESIAN_POINT('',(-8.89,-3.81,-51.0000003));
#3961=ADVANCED_FACE('',(#3962),#3970,.T.);
#3962=FACE_BOUND('',#3963,.T.);
#3963=EDGE_LOOP('',(#3964,#3965,#3966,#1322));
#3964=ORIENTED_EDGE('',*,*,#3954,.F.);
#3965=ORIENTED_EDGE('',*,*,#330,.F.);
#3966=ORIENTED_EDGE('',*,*,#3967,.F.);
#3967=EDGE_CURVE('',#1320,#327,#3968,.T.);
#3968=LINE('',#3969,#279);
#3969=CARTESIAN_POINT('',(-10.5,-4.61,-25.50000015));
#3970=PLANE('',#3971);
#3971=AXIS2_PLACEMENT_3D('',#3972,#234,#14);
#3972=CARTESIAN_POINT('',(-12.11,-4.61,-51.0000003));
#3973=ADVANCED_FACE('',(#3974),#256,.T.);
#3974=FACE_BOUND('',#3975,.T.);
#3975=EDGE_LOOP('',(#3976,#3977,#1318,#3981));
#3976=ORIENTED_EDGE('',*,*,#326,.F.);
#3977=ORIENTED_EDGE('',*,*,#3978,.T.);
#3978=EDGE_CURVE('',#321,#1314,#3979,.T.);
#3979=LINE('',#3980,#217);
#3980=CARTESIAN_POINT('',(-10.5,-5.55,-25.50000015));
#3981=ORIENTED_EDGE('',*,*,#3967,.T.);
#3982=ADVANCED_FACE('',(#3983),#3991,.T.);
#3983=FACE_BOUND('',#3984,.T.);
#3984=EDGE_LOOP('',(#3985,#3986,#1312,#3990));
#3985=ORIENTED_EDGE('',*,*,#320,.F.);
#3986=ORIENTED_EDGE('',*,*,#3987,.T.);
#3987=EDGE_CURVE('',#314,#1307,#3988,.T.);
#3988=LINE('',#3989,#217);
#3989=CARTESIAN_POINT('',(-8.89,-5.55,-51.0000003));
#3990=ORIENTED_EDGE('',*,*,#3978,.F.);
#3991=PLANE('',#3992);
#3992=AXIS2_PLACEMENT_3D('',#3989,#268,#258);
#3993=ADVANCED_FACE('',(#3994),#4002,.F.);
#3994=FACE_BOUND('',#3995,.T.);
#3995=EDGE_LOOP('',(#3996,#3997,#1305,#4001));
#3996=ORIENTED_EDGE('',*,*,#313,.F.);
#3997=ORIENTED_EDGE('',*,*,#3998,.T.);
#3998=EDGE_CURVE('',#308,#1301,#3999,.T.);
#3999=LINE('',#4000,#217);
#4000=CARTESIAN_POINT('',(-8.89,-7.15,-51.0000003));
#4001=ORIENTED_EDGE('',*,*,#3987,.F.);
#4002=CYLINDRICAL_SURFACE('',#4003,0.8);
#4003=AXIS2_PLACEMENT_3D('',#4004,#280,#14);
#4004=CARTESIAN_POINT('',(-8.89,-6.35,-51.0000003));
#4005=ADVANCED_FACE('',(#4006),#4014,.T.);
#4006=FACE_BOUND('',#4007,.T.);
#4007=EDGE_LOOP('',(#4008,#4009,#4010,#1299));
#4008=ORIENTED_EDGE('',*,*,#3998,.F.);
#4009=ORIENTED_EDGE('',*,*,#307,.F.);
#4010=ORIENTED_EDGE('',*,*,#4011,.F.);
#4011=EDGE_CURVE('',#1297,#304,#4012,.T.);
#4012=LINE('',#4013,#279);
#4013=CARTESIAN_POINT('',(-10.5,-7.15,-25.50000015));
#4014=PLANE('',#4015);
#4015=AXIS2_PLACEMENT_3D('',#4016,#234,#14);
#4016=CARTESIAN_POINT('',(-12.11,-7.15,-51.0000003));
#4017=ADVANCED_FACE('',(#4018),#256,.T.);
#4018=FACE_BOUND('',#4019,.T.);
#4019=EDGE_LOOP('',(#4020,#4021,#1295,#4025));
#4020=ORIENTED_EDGE('',*,*,#303,.F.);
#4021=ORIENTED_EDGE('',*,*,#4022,.T.);
#4022=EDGE_CURVE('',#297,#1291,#4023,.T.);
#4023=LINE('',#4024,#217);
#4024=CARTESIAN_POINT('',(-10.5,-8.09,-25.50000015));
#4025=ORIENTED_EDGE('',*,*,#4011,.T.);
#4026=ADVANCED_FACE('',(#4027),#4032,.T.);
#4027=FACE_BOUND('',#4028,.T.);
#4028=EDGE_LOOP('',(#4029,#4030,#1289,#4031));
#4029=ORIENTED_EDGE('',*,*,#296,.F.);
#4030=ORIENTED_EDGE('',*,*,#2300,.T.);
#4031=ORIENTED_EDGE('',*,*,#4022,.F.);
#4032=PLANE('',#4033);
#4033=AXIS2_PLACEMENT_3D('',#2302,#268,#258);
#4034=ADVANCED_FACE('',(#4035),#4042,.F.);
#4035=FACE_BOUND('',#4036,.T.);
#4036=EDGE_LOOP('',(#4037,#2204,#4040,#4041));
#4037=ORIENTED_EDGE('',*,*,#4038,.T.);
#4038=EDGE_CURVE('',#1216,#2206,#4039,.T.);
#4039=LINE('',#1217,#217);
#4040=ORIENTED_EDGE('',*,*,#4038,.F.);
#4041=ORIENTED_EDGE('',*,*,#1215,.F.);
#4042=CYLINDRICAL_SURFACE('',#4043,1.05);
#4043=AXIS2_PLACEMENT_3D('',#1220,#280,#14);
#4044=ADVANCED_FACE('',(#4045),#4053,.F.);
#4045=FACE_BOUND('',#4046,.T.);
#4046=EDGE_LOOP('',(#4047,#4048,#2213,#4052));
#4047=ORIENTED_EDGE('',*,*,#1224,.F.);
#4048=ORIENTED_EDGE('',*,*,#4049,.T.);
#4049=EDGE_CURVE('',#1225,#2215,#4050,.T.);
#4050=LINE('',#4051,#217);
#4051=CARTESIAN_POINT('',(6.1641,-5.7,-51.0000002));
#4052=ORIENTED_EDGE('',*,*,#4049,.F.);
#4053=CYLINDRICAL_SURFACE('',#4054,0.5);
#4054=AXIS2_PLACEMENT_3D('',#4055,#280,#14);
#4055=CARTESIAN_POINT('',(5.6641,-5.7,-51.0000002));
#4056=ADVANCED_FACE('',(#4057),#4065,.F.);
#4057=FACE_BOUND('',#4058,.T.);
#4058=EDGE_LOOP('',(#4059,#4060,#2222,#4064));
#4059=ORIENTED_EDGE('',*,*,#1234,.F.);
#4060=ORIENTED_EDGE('',*,*,#4061,.T.);
#4061=EDGE_CURVE('',#1235,#2224,#4062,.T.);
#4062=LINE('',#4063,#217);
#4063=CARTESIAN_POINT('',(3.6241,-5.7,-51.0000002));
#4064=ORIENTED_EDGE('',*,*,#4061,.F.);
#4065=CYLINDRICAL_SURFACE('',#4066,0.5);
#4066=AXIS2_PLACEMENT_3D('',#4067,#280,#14);
#4067=CARTESIAN_POINT('',(3.1241,-5.7,-51.0000002));
#4068=ADVANCED_FACE('',(#4069),#4077,.F.);
#4069=FACE_BOUND('',#4070,.T.);
#4070=EDGE_LOOP('',(#4071,#4072,#2231,#4076));
#4071=ORIENTED_EDGE('',*,*,#1242,.F.);
#4072=ORIENTED_EDGE('',*,*,#4073,.T.);
#4073=EDGE_CURVE('',#1243,#2233,#4074,.T.);
#4074=LINE('',#4075,#217);
#4075=CARTESIAN_POINT('',(1.0841,-5.7,-51.0000002));
#4076=ORIENTED_EDGE('',*,*,#4073,.F.);
#4077=CYLINDRICAL_SURFACE('',#4078,0.5);
#4078=AXIS2_PLACEMENT_3D('',#4079,#280,#14);
#4079=CARTESIAN_POINT('',(0.5841,-5.7,-51.0000002));
#4080=ADVANCED_FACE('',(#4081),#4088,.F.);
#4081=FACE_BOUND('',#4082,.T.);
#4082=EDGE_LOOP('',(#4083,#2240,#4086,#4087));
#4083=ORIENTED_EDGE('',*,*,#4084,.T.);
#4084=EDGE_CURVE('',#1252,#2242,#4085,.T.);
#4085=LINE('',#1253,#217);
#4086=ORIENTED_EDGE('',*,*,#4084,.F.);
#4087=ORIENTED_EDGE('',*,*,#1251,.F.);
#4088=CYLINDRICAL_SURFACE('',#4089,1.05);
#4089=AXIS2_PLACEMENT_3D('',#1256,#280,#14);
#4090=ADVANCED_FACE('',(#4091),#4098,.F.);
#4091=FACE_BOUND('',#4092,.T.);
#4092=EDGE_LOOP('',(#4093,#2249,#4096,#4097));
#4093=ORIENTED_EDGE('',*,*,#4094,.T.);
#4094=EDGE_CURVE('',#1261,#2251,#4095,.T.);
#4095=LINE('',#1262,#217);
#4096=ORIENTED_EDGE('',*,*,#4094,.F.);
#4097=ORIENTED_EDGE('',*,*,#1260,.F.);
#4098=CYLINDRICAL_SURFACE('',#4099,1.05);
#4099=AXIS2_PLACEMENT_3D('',#1265,#280,#14);
#4100=ADVANCED_FACE('',(#4101),#4108,.F.);
#4101=FACE_BOUND('',#4102,.T.);
#4102=EDGE_LOOP('',(#4103,#2258,#4106,#4107));
#4103=ORIENTED_EDGE('',*,*,#4104,.T.);
#4104=EDGE_CURVE('',#1270,#2260,#4105,.T.);
#4105=LINE('',#1271,#217);
#4106=ORIENTED_EDGE('',*,*,#4104,.F.);
#4107=ORIENTED_EDGE('',*,*,#1269,.F.);
#4108=CYLINDRICAL_SURFACE('',#4109,1.05);
#4109=AXIS2_PLACEMENT_3D('',#1274,#280,#14);
#4110=( GEOMETRIC_REPRESENTATION_CONTEXT(3)GLOBAL_UNCERTAINTY_ASSIGNED_CONTEXT((#4111))GLOBAL_UNIT_ASSIGNED_CONTEXT((#193,#194,#195)) REPRESENTATION_CONTEXT('Context #1','3D Context with UNIT and UNCERTAINTY') );
#4111=UNCERTAINTY_MEASURE_WITH_UNIT(LENGTH_MEASURE(2.E-07),#193,'distance_accuracy_value','confusion accuracy');
#4112=CONTEXT_DEPENDENT_SHAPE_REPRESENTATION(#4113,#4115);
#4113=( REPRESENTATION_RELATIONSHIP('','',#204,#10)REPRESENTATION_RELATIONSHIP_WITH_TRANSFORMATION(#4114)SHAPE_REPRESENTATION_RELATIONSHIP() );
#4114=ITEM_DEFINED_TRANSFORMATION('','',#11,#15);
#4115=PRODUCT_DEFINITION_SHAPE('Placement','Placement of an item',#4116);
#4116=NEXT_ASSEMBLY_USAGE_OCCURRENCE('351','PCB','',#5,#200,$);
#4117=PRODUCT_RELATED_PRODUCT_CATEGORY('part',$,(#202));
#4118=SHAPE_DEFINITION_REPRESENTATION(#4119,#4124);
#4119=PRODUCT_DEFINITION_SHAPE('','',#4120);
#4120=PRODUCT_DEFINITION('design','',#4121,#4123);
#4121=PRODUCT_DEFINITION_FORMATION('','',#4122);
#4122=PRODUCT('PAD1','PAD1','',(#8));
#4123=PRODUCT_DEFINITION_CONTEXT('part definition',#2,'design');
#4124=ADVANCED_BREP_SHAPE_REPRESENTATION('',(#11,#4125),#4296);
#4125=MANIFOLD_SOLID_BREP('',#4126);
#4126=CLOSED_SHELL('',(#4127,#4154,#4173,#4209,#4226,#4259,#4268,#4276,#4284));
#4127=ADVANCED_FACE('',(#4128),#4152,.T.);
#4128=FACE_BOUND('',#4129,.T.);
#4129=EDGE_LOOP('',(#4130,#4137,#4142,#4148));
#4130=ORIENTED_EDGE('',*,*,#4131,.F.);
#4131=EDGE_CURVE('',#4132,#4134,#4136,.T.);
#4132=VERTEX_POINT('',#4133);
#4133=CARTESIAN_POINT('',(0.,0.8,0.));
#4134=VERTEX_POINT('',#4135);
#4135=CARTESIAN_POINT('',(0.,0.8,1.7));
#4136=LINE('',#4133,#217);
#4137=ORIENTED_EDGE('',*,*,#4138,.T.);
#4138=EDGE_CURVE('',#4132,#4139,#4141,.T.);
#4139=VERTEX_POINT('',#4140);
#4140=CARTESIAN_POINT('',(0.,0.5,0.));
#4141=LINE('',#4133,#267);
#4142=ORIENTED_EDGE('',*,*,#4143,.F.);
#4143=EDGE_CURVE('',#4144,#4139,#4146,.T.);
#4144=VERTEX_POINT('',#4145);
#4145=CARTESIAN_POINT('',(0.,0.5,1.7));
#4146=LINE('',#4147,#279);
#4147=CARTESIAN_POINT('',(0.,0.5,-2.4100002));
#4148=ORIENTED_EDGE('',*,*,#4149,.T.);
#4149=EDGE_CURVE('',#4144,#4134,#4150,.T.);
#4150=LINE('',#4151,#244);
#4151=CARTESIAN_POINT('',(0.,-0.8,1.7));
#4152=PLANE('',#4153);
#4153=AXIS2_PLACEMENT_3D('',#12,#258,#234);
#4154=ADVANCED_FACE('',(#4155),#4171,.T.);
#4155=FACE_BOUND('',#4156,.T.);
#4156=EDGE_LOOP('',(#4157,#4158,#4163,#4168));
#4157=ORIENTED_EDGE('',*,*,#4131,.T.);
#4158=ORIENTED_EDGE('',*,*,#4159,.T.);
#4159=EDGE_CURVE('',#4134,#4160,#4162,.T.);
#4160=VERTEX_POINT('',#4161);
#4161=CARTESIAN_POINT('',(1.61,0.8,1.7));
#4162=LINE('',#4135,#223);
#4163=ORIENTED_EDGE('',*,*,#4164,.F.);
#4164=EDGE_CURVE('',#4165,#4160,#4167,.T.);
#4165=VERTEX_POINT('',#4166);
#4166=CARTESIAN_POINT('',(1.61,0.8,0.));
#4167=LINE('',#4166,#217);
#4168=ORIENTED_EDGE('',*,*,#4169,.F.);
#4169=EDGE_CURVE('',#4132,#4165,#4170,.T.);
#4170=LINE('',#4133,#223);
#4171=PLANE('',#4172);
#4172=AXIS2_PLACEMENT_3D('',#4133,#234,#14);
#4173=ADVANCED_FACE('',(#4174,#4197),#4206,.F.);
#4174=FACE_BOUND('',#4175,.F.);
#4175=EDGE_LOOP('',(#4148,#4158,#4176,#4184,#4188,#4192));
#4176=ORIENTED_EDGE('',*,*,#4177,.T.);
#4177=EDGE_CURVE('',#4160,#4178,#4180,.T.);
#4178=VERTEX_POINT('',#4179);
#4179=CARTESIAN_POINT('',(1.61,-0.8,1.7));
#4180=CIRCLE('',#4181,0.8);
#4181=AXIS2_PLACEMENT_3D('',#4182,#280,#4183);
#4182=CARTESIAN_POINT('',(1.61,-5.551115123126E-17,1.7));
#4183=DIRECTION('',(-2.775557561563E-16,1.,0.));
#4184=ORIENTED_EDGE('',*,*,#4185,.T.);
#4185=EDGE_CURVE('',#4178,#4186,#4187,.T.);
#4186=VERTEX_POINT('',#4151);
#4187=LINE('',#4179,#301);
#4188=ORIENTED_EDGE('',*,*,#4189,.T.);
#4189=EDGE_CURVE('',#4186,#4190,#4150,.T.);
#4190=VERTEX_POINT('',#4191);
#4191=CARTESIAN_POINT('',(0.,-0.5,1.7));
#4192=ORIENTED_EDGE('',*,*,#4193,.F.);
#4193=EDGE_CURVE('',#4144,#4190,#4194,.T.);
#4194=CIRCLE('',#4195,0.5);
#4195=AXIS2_PLACEMENT_3D('',#4196,#280,#234);
#4196=CARTESIAN_POINT('',(0.,0.,1.7));
#4197=FACE_BOUND('',#4198,.F.);
#4198=EDGE_LOOP('',(#4199));
#4199=ORIENTED_EDGE('',*,*,#4200,.F.);
#4200=EDGE_CURVE('',#4201,#4201,#4203,.T.);
#4201=VERTEX_POINT('',#4202);
#4202=CARTESIAN_POINT('',(2.11,0.,1.7));
#4203=CIRCLE('',#4204,0.5);
#4204=AXIS2_PLACEMENT_3D('',#4205,#280,#14);
#4205=CARTESIAN_POINT('',(1.61,0.,1.7));
#4206=PLANE('',#4207);
#4207=AXIS2_PLACEMENT_3D('',#4208,#280,#258);
#4208=CARTESIAN_POINT('',(1.047730265491,-3.075410040513E-17,1.7));
#4209=ADVANCED_FACE('',(#4210),#4223,.F.);
#4210=FACE_BOUND('',#4211,.T.);
#4211=EDGE_LOOP('',(#4212,#4218,#4192,#4222));
#4212=ORIENTED_EDGE('',*,*,#4213,.T.);
#4213=EDGE_CURVE('',#4139,#4214,#4216,.T.);
#4214=VERTEX_POINT('',#4215);
#4215=CARTESIAN_POINT('',(0.,-0.5,0.));
#4216=CIRCLE('',#4217,0.5);
#4217=AXIS2_PLACEMENT_3D('',#12,#280,#234);
#4218=ORIENTED_EDGE('',*,*,#4219,.F.);
#4219=EDGE_CURVE('',#4190,#4214,#4220,.T.);
#4220=LINE('',#4221,#279);
#4221=CARTESIAN_POINT('',(0.,-0.5,-2.4100002));
#4222=ORIENTED_EDGE('',*,*,#4143,.T.);
#4223=CYLINDRICAL_SURFACE('',#4224,0.5);
#4224=AXIS2_PLACEMENT_3D('',#4225,#280,#14);
#4225=CARTESIAN_POINT('',(0.,0.,-2.4100002));
#4226=ADVANCED_FACE('',(#4227,#4246),#4256,.T.);
#4227=FACE_BOUND('',#4228,.T.);
#4228=EDGE_LOOP('',(#4229,#4230,#4231,#4238,#4243,#4245));
#4229=ORIENTED_EDGE('',*,*,#4138,.F.);
#4230=ORIENTED_EDGE('',*,*,#4169,.T.);
#4231=ORIENTED_EDGE('',*,*,#4232,.T.);
#4232=EDGE_CURVE('',#4165,#4233,#4235,.T.);
#4233=VERTEX_POINT('',#4234);
#4234=CARTESIAN_POINT('',(1.61,-0.8,0.));
#4235=CIRCLE('',#4236,0.8);
#4236=AXIS2_PLACEMENT_3D('',#4237,#280,#4183);
#4237=CARTESIAN_POINT('',(1.61,-5.551115123126E-17,0.));
#4238=ORIENTED_EDGE('',*,*,#4239,.T.);
#4239=EDGE_CURVE('',#4233,#4240,#4242,.T.);
#4240=VERTEX_POINT('',#4241);
#4241=CARTESIAN_POINT('',(0.,-0.8,0.));
#4242=LINE('',#4234,#301);
#4243=ORIENTED_EDGE('',*,*,#4244,.F.);
#4244=EDGE_CURVE('',#4214,#4240,#4141,.T.);
#4245=ORIENTED_EDGE('',*,*,#4213,.F.);
#4246=FACE_BOUND('',#4247,.T.);
#4247=EDGE_LOOP('',(#4248));
#4248=ORIENTED_EDGE('',*,*,#4249,.T.);
#4249=EDGE_CURVE('',#4250,#4250,#4252,.T.);
#4250=VERTEX_POINT('',#4251);
#4251=CARTESIAN_POINT('',(2.11,0.,0.));
#4252=CIRCLE('',#4253,0.5);
#4253=AXIS2_PLACEMENT_3D('',#4254,#13,#4255);
#4254=CARTESIAN_POINT('',(1.61,-2.775557561563E-16,0.));
#4255=DIRECTION('',(1.,8.00040872142E-16,0.));
#4256=PLANE('',#4257);
#4257=AXIS2_PLACEMENT_3D('',#4258,#280,#258);
#4258=CARTESIAN_POINT('',(1.047730265491,-3.075410040513E-17,0.));
#4259=ADVANCED_FACE('',(#4260),#4267,.T.);
#4260=FACE_BOUND('',#4261,.T.);
#4261=EDGE_LOOP('',(#4262,#4176,#4263,#4266));
#4262=ORIENTED_EDGE('',*,*,#4164,.T.);
#4263=ORIENTED_EDGE('',*,*,#4264,.F.);
#4264=EDGE_CURVE('',#4233,#4178,#4265,.T.);
#4265=LINE('',#4234,#217);
#4266=ORIENTED_EDGE('',*,*,#4232,.F.);
#4267=CYLINDRICAL_SURFACE('',#4236,0.8);
#4268=ADVANCED_FACE('',(#4269),#4152,.T.);
#4269=FACE_BOUND('',#4270,.T.);
#4270=EDGE_LOOP('',(#4271,#4272,#4273,#4188));
#4271=ORIENTED_EDGE('',*,*,#4219,.T.);
#4272=ORIENTED_EDGE('',*,*,#4244,.T.);
#4273=ORIENTED_EDGE('',*,*,#4274,.T.);
#4274=EDGE_CURVE('',#4240,#4186,#4275,.T.);
#4275=LINE('',#4241,#217);
#4276=ADVANCED_FACE('',(#4277),#4282,.T.);
#4277=FACE_BOUND('',#4278,.T.);
#4278=EDGE_LOOP('',(#4279,#4184,#4280,#4281));
#4279=ORIENTED_EDGE('',*,*,#4264,.T.);
#4280=ORIENTED_EDGE('',*,*,#4274,.F.);
#4281=ORIENTED_EDGE('',*,*,#4239,.F.);
#4282=PLANE('',#4283);
#4283=AXIS2_PLACEMENT_3D('',#4234,#268,#258);
#4284=ADVANCED_FACE('',(#4285),#4293,.F.);
#4285=FACE_BOUND('',#4286,.T.);
#4286=EDGE_LOOP('',(#4287,#4288,#4199,#4292));
#4287=ORIENTED_EDGE('',*,*,#4249,.F.);
#4288=ORIENTED_EDGE('',*,*,#4289,.T.);
#4289=EDGE_CURVE('',#4250,#4201,#4290,.T.);
#4290=LINE('',#4291,#217);
#4291=CARTESIAN_POINT('',(2.11,0.,-2.4100002));
#4292=ORIENTED_EDGE('',*,*,#4289,.F.);
#4293=CYLINDRICAL_SURFACE('',#4294,0.5);
#4294=AXIS2_PLACEMENT_3D('',#4295,#280,#14);
#4295=CARTESIAN_POINT('',(1.61,0.,-2.4100002));
#4296=( GEOMETRIC_REPRESENTATION_CONTEXT(3)GLOBAL_UNCERTAINTY_ASSIGNED_CONTEXT((#196))GLOBAL_UNIT_ASSIGNED_CONTEXT((#193,#194,#195)) REPRESENTATION_CONTEXT('Context #1','3D Context with UNIT and UNCERTAINTY') );
#4297=CONTEXT_DEPENDENT_SHAPE_REPRESENTATION(#4298,#4300);
#4298=( REPRESENTATION_RELATIONSHIP('','',#4124,#10)REPRESENTATION_RELATIONSHIP_WITH_TRANSFORMATION(#4299)SHAPE_REPRESENTATION_RELATIONSHIP() );
#4299=ITEM_DEFINED_TRANSFORMATION('','',#11,#17);
#4300=PRODUCT_DEFINITION_SHAPE('Placement','Placement of an item',#4301);
#4301=NEXT_ASSEMBLY_USAGE_OCCURRENCE('352','PAD1','',#5,#4120,$);
#4302=PRODUCT_RELATED_PRODUCT_CATEGORY('part',$,(#4122));
#4303=CONTEXT_DEPENDENT_SHAPE_REPRESENTATION(#4304,#4306);
#4304=( REPRESENTATION_RELATIONSHIP('','',#4124,#10)REPRESENTATION_RELATIONSHIP_WITH_TRANSFORMATION(#4305)SHAPE_REPRESENTATION_RELATIONSHIP() );
#4305=ITEM_DEFINED_TRANSFORMATION('','',#11,#19);
#4306=PRODUCT_DEFINITION_SHAPE('Placement','Placement of an item',#4307);
#4307=NEXT_ASSEMBLY_USAGE_OCCURRENCE('353','PAD40','',#5,#4120,$);
#4308=CONTEXT_DEPENDENT_SHAPE_REPRESENTATION(#4309,#4311);
#4309=( REPRESENTATION_RELATIONSHIP('','',#4124,#10)REPRESENTATION_RELATIONSHIP_WITH_TRANSFORMATION(#4310)SHAPE_REPRESENTATION_RELATIONSHIP() );
#4310=ITEM_DEFINED_TRANSFORMATION('','',#11,#22);
#4311=PRODUCT_DEFINITION_SHAPE('Placement','Placement of an item',#4312);
#4312=NEXT_ASSEMBLY_USAGE_OCCURRENCE('354','PAD2','',#5,#4120,$);
#4313=CONTEXT_DEPENDENT_SHAPE_REPRESENTATION(#4314,#4316);
#4314=( REPRESENTATION_RELATIONSHIP('','',#4124,#10)REPRESENTATION_RELATIONSHIP_WITH_TRANSFORMATION(#4315)SHAPE_REPRESENTATION_RELATIONSHIP() );
#4315=ITEM_DEFINED_TRANSFORMATION('','',#11,#24);
#4316=PRODUCT_DEFINITION_SHAPE('Placement','Placement of an item',#4317);
#4317=NEXT_ASSEMBLY_USAGE_OCCURRENCE('355','PAD39','',#5,#4120,$);
#4318=CONTEXT_DEPENDENT_SHAPE_REPRESENTATION(#4319,#4321);
#4319=( REPRESENTATION_RELATIONSHIP('','',#4124,#10)REPRESENTATION_RELATIONSHIP_WITH_TRANSFORMATION(#4320)SHAPE_REPRESENTATION_RELATIONSHIP() );
#4320=ITEM_DEFINED_TRANSFORMATION('','',#11,#26);
#4321=PRODUCT_DEFINITION_SHAPE('Placement','Placement of an item',#4322);
#4322=NEXT_ASSEMBLY_USAGE_OCCURRENCE('356','PAD3','',#5,#4120,$);
#4323=CONTEXT_DEPENDENT_SHAPE_REPRESENTATION(#4324,#4326);
#4324=( REPRESENTATION_RELATIONSHIP('','',#4124,#10)REPRESENTATION_RELATIONSHIP_WITH_TRANSFORMATION(#4325)SHAPE_REPRESENTATION_RELATIONSHIP() );
#4325=ITEM_DEFINED_TRANSFORMATION('','',#11,#28);
#4326=PRODUCT_DEFINITION_SHAPE('Placement','Placement of an item',#4327);
#4327=NEXT_ASSEMBLY_USAGE_OCCURRENCE('357','PAD38','',#5,#4120,$);
#4328=CONTEXT_DEPENDENT_SHAPE_REPRESENTATION(#4329,#4331);
#4329=( REPRESENTATION_RELATIONSHIP('','',#4124,#10)REPRESENTATION_RELATIONSHIP_WITH_TRANSFORMATION(#4330)SHAPE_REPRESENTATION_RELATIONSHIP() );
#4330=ITEM_DEFINED_TRANSFORMATION('','',#11,#30);
#4331=PRODUCT_DEFINITION_SHAPE('Placement','Placement of an item',#4332);
#4332=NEXT_ASSEMBLY_USAGE_OCCURRENCE('358','PAD4','',#5,#4120,$);
#4333=CONTEXT_DEPENDENT_SHAPE_REPRESENTATION(#4334,#4336);
#4334=( REPRESENTATION_RELATIONSHIP('','',#4124,#10)REPRESENTATION_RELATIONSHIP_WITH_TRANSFORMATION(#4335)SHAPE_REPRESENTATION_RELATIONSHIP() );
#4335=ITEM_DEFINED_TRANSFORMATION('','',#11,#32);
#4336=PRODUCT_DEFINITION_SHAPE('Placement','Placement of an item',#4337);
#4337=NEXT_ASSEMBLY_USAGE_OCCURRENCE('359','PAD37','',#5,#4120,$);
#4338=CONTEXT_DEPENDENT_SHAPE_REPRESENTATION(#4339,#4341);
#4339=( REPRESENTATION_RELATIONSHIP('','',#4124,#10)REPRESENTATION_RELATIONSHIP_WITH_TRANSFORMATION(#4340)SHAPE_REPRESENTATION_RELATIONSHIP() );
#4340=ITEM_DEFINED_TRANSFORMATION('','',#11,#34);
#4341=PRODUCT_DEFINITION_SHAPE('Placement','Placement of an item',#4342);
#4342=NEXT_ASSEMBLY_USAGE_OCCURRENCE('360','PAD5','',#5,#4120,$);
#4343=CONTEXT_DEPENDENT_SHAPE_REPRESENTATION(#4344,#4346);
#4344=( REPRESENTATION_RELATIONSHIP('','',#4124,#10)REPRESENTATION_RELATIONSHIP_WITH_TRANSFORMATION(#4345)SHAPE_REPRESENTATION_RELATIONSHIP() );
#4345=ITEM_DEFINED_TRANSFORMATION('','',#11,#36);
#4346=PRODUCT_DEFINITION_SHAPE('Placement','Placement of an item',#4347);
#4347=NEXT_ASSEMBLY_USAGE_OCCURRENCE('361','PAD36','',#5,#4120,$);
#4348=CONTEXT_DEPENDENT_SHAPE_REPRESENTATION(#4349,#4351);
#4349=( REPRESENTATION_RELATIONSHIP('','',#4124,#10)REPRESENTATION_RELATIONSHIP_WITH_TRANSFORMATION(#4350)SHAPE_REPRESENTATION_RELATIONSHIP() );
#4350=ITEM_DEFINED_TRANSFORMATION('','',#11,#38);
#4351=PRODUCT_DEFINITION_SHAPE('Placement','Placement of an item',#4352);
#4352=NEXT_ASSEMBLY_USAGE_OCCURRENCE('362','PAD6','',#5,#4120,$);
#4353=CONTEXT_DEPENDENT_SHAPE_REPRESENTATION(#4354,#4356);
#4354=( REPRESENTATION_RELATIONSHIP('','',#4124,#10)REPRESENTATION_RELATIONSHIP_WITH_TRANSFORMATION(#4355)SHAPE_REPRESENTATION_RELATIONSHIP() );
#4355=ITEM_DEFINED_TRANSFORMATION('','',#11,#40);
#4356=PRODUCT_DEFINITION_SHAPE('Placement','Placement of an item',#4357);
#4357=NEXT_ASSEMBLY_USAGE_OCCURRENCE('363','PAD35','',#5,#4120,$);
#4358=CONTEXT_DEPENDENT_SHAPE_REPRESENTATION(#4359,#4361);
#4359=( REPRESENTATION_RELATIONSHIP('','',#4124,#10)REPRESENTATION_RELATIONSHIP_WITH_TRANSFORMATION(#4360)SHAPE_REPRESENTATION_RELATIONSHIP() );
#4360=ITEM_DEFINED_TRANSFORMATION('','',#11,#42);
#4361=PRODUCT_DEFINITION_SHAPE('Placement','Placement of an item',#4362);
#4362=NEXT_ASSEMBLY_USAGE_OCCURRENCE('364','PAD7','',#5,#4120,$);
#4363=CONTEXT_DEPENDENT_SHAPE_REPRESENTATION(#4364,#4366);
#4364=( REPRESENTATION_RELATIONSHIP('','',#4124,#10)REPRESENTATION_RELATIONSHIP_WITH_TRANSFORMATION(#4365)SHAPE_REPRESENTATION_RELATIONSHIP() );
#4365=ITEM_DEFINED_TRANSFORMATION('','',#11,#44);
#4366=PRODUCT_DEFINITION_SHAPE('Placement','Placement of an item',#4367);
#4367=NEXT_ASSEMBLY_USAGE_OCCURRENCE('365','PAD34','',#5,#4120,$);
#4368=CONTEXT_DEPENDENT_SHAPE_REPRESENTATION(#4369,#4371);
#4369=( REPRESENTATION_RELATIONSHIP('','',#4124,#10)REPRESENTATION_RELATIONSHIP_WITH_TRANSFORMATION(#4370)SHAPE_REPRESENTATION_RELATIONSHIP() );
#4370=ITEM_DEFINED_TRANSFORMATION('','',#11,#46);
#4371=PRODUCT_DEFINITION_SHAPE('Placement','Placement of an item',#4372);
#4372=NEXT_ASSEMBLY_USAGE_OCCURRENCE('366','PAD8','',#5,#4120,$);
#4373=CONTEXT_DEPENDENT_SHAPE_REPRESENTATION(#4374,#4376);
#4374=( REPRESENTATION_RELATIONSHIP('','',#4124,#10)REPRESENTATION_RELATIONSHIP_WITH_TRANSFORMATION(#4375)SHAPE_REPRESENTATION_RELATIONSHIP() );
#4375=ITEM_DEFINED_TRANSFORMATION('','',#11,#48);
#4376=PRODUCT_DEFINITION_SHAPE('Placement','Placement of an item',#4377);
#4377=NEXT_ASSEMBLY_USAGE_OCCURRENCE('367','PAD33','',#5,#4120,$);
#4378=CONTEXT_DEPENDENT_SHAPE_REPRESENTATION(#4379,#4381);
#4379=( REPRESENTATION_RELATIONSHIP('','',#4124,#10)REPRESENTATION_RELATIONSHIP_WITH_TRANSFORMATION(#4380)SHAPE_REPRESENTATION_RELATIONSHIP() );
#4380=ITEM_DEFINED_TRANSFORMATION('','',#11,#50);
#4381=PRODUCT_DEFINITION_SHAPE('Placement','Placement of an item',#4382);
#4382=NEXT_ASSEMBLY_USAGE_OCCURRENCE('368','PAD9','',#5,#4120,$);
#4383=CONTEXT_DEPENDENT_SHAPE_REPRESENTATION(#4384,#4386);
#4384=( REPRESENTATION_RELATIONSHIP('','',#4124,#10)REPRESENTATION_RELATIONSHIP_WITH_TRANSFORMATION(#4385)SHAPE_REPRESENTATION_RELATIONSHIP() );
#4385=ITEM_DEFINED_TRANSFORMATION('','',#11,#52);
#4386=PRODUCT_DEFINITION_SHAPE('Placement','Placement of an item',#4387);
#4387=NEXT_ASSEMBLY_USAGE_OCCURRENCE('369','PAD32','',#5,#4120,$);
#4388=CONTEXT_DEPENDENT_SHAPE_REPRESENTATION(#4389,#4391);
#4389=( REPRESENTATION_RELATIONSHIP('','',#4124,#10)REPRESENTATION_RELATIONSHIP_WITH_TRANSFORMATION(#4390)SHAPE_REPRESENTATION_RELATIONSHIP() );
#4390=ITEM_DEFINED_TRANSFORMATION('','',#11,#54);
#4391=PRODUCT_DEFINITION_SHAPE('Placement','Placement of an item',#4392);
#4392=NEXT_ASSEMBLY_USAGE_OCCURRENCE('370','PAD10','',#5,#4120,$);
#4393=CONTEXT_DEPENDENT_SHAPE_REPRESENTATION(#4394,#4396);
#4394=( REPRESENTATION_RELATIONSHIP('','',#4124,#10)REPRESENTATION_RELATIONSHIP_WITH_TRANSFORMATION(#4395)SHAPE_REPRESENTATION_RELATIONSHIP() );
#4395=ITEM_DEFINED_TRANSFORMATION('','',#11,#56);
#4396=PRODUCT_DEFINITION_SHAPE('Placement','Placement of an item',#4397);
#4397=NEXT_ASSEMBLY_USAGE_OCCURRENCE('371','PAD31','',#5,#4120,$);
#4398=CONTEXT_DEPENDENT_SHAPE_REPRESENTATION(#4399,#4401);
#4399=( REPRESENTATION_RELATIONSHIP('','',#4124,#10)REPRESENTATION_RELATIONSHIP_WITH_TRANSFORMATION(#4400)SHAPE_REPRESENTATION_RELATIONSHIP() );
#4400=ITEM_DEFINED_TRANSFORMATION('','',#11,#58);
#4401=PRODUCT_DEFINITION_SHAPE('Placement','Placement of an item',#4402);
#4402=NEXT_ASSEMBLY_USAGE_OCCURRENCE('372','PAD11','',#5,#4120,$);
#4403=CONTEXT_DEPENDENT_SHAPE_REPRESENTATION(#4404,#4406);
#4404=( REPRESENTATION_RELATIONSHIP('','',#4124,#10)REPRESENTATION_RELATIONSHIP_WITH_TRANSFORMATION(#4405)SHAPE_REPRESENTATION_RELATIONSHIP() );
#4405=ITEM_DEFINED_TRANSFORMATION('','',#11,#60);
#4406=PRODUCT_DEFINITION_SHAPE('Placement','Placement of an item',#4407);
#4407=NEXT_ASSEMBLY_USAGE_OCCURRENCE('373','PAD30','',#5,#4120,$);
#4408=CONTEXT_DEPENDENT_SHAPE_REPRESENTATION(#4409,#4411);
#4409=( REPRESENTATION_RELATIONSHIP('','',#4124,#10)REPRESENTATION_RELATIONSHIP_WITH_TRANSFORMATION(#4410)SHAPE_REPRESENTATION_RELATIONSHIP() );
#4410=ITEM_DEFINED_TRANSFORMATION('','',#11,#62);
#4411=PRODUCT_DEFINITION_SHAPE('Placement','Placement of an item',#4412);
#4412=NEXT_ASSEMBLY_USAGE_OCCURRENCE('374','PAD12','',#5,#4120,$);
#4413=CONTEXT_DEPENDENT_SHAPE_REPRESENTATION(#4414,#4416);
#4414=( REPRESENTATION_RELATIONSHIP('','',#4124,#10)REPRESENTATION_RELATIONSHIP_WITH_TRANSFORMATION(#4415)SHAPE_REPRESENTATION_RELATIONSHIP() );
#4415=ITEM_DEFINED_TRANSFORMATION('','',#11,#64);
#4416=PRODUCT_DEFINITION_SHAPE('Placement','Placement of an item',#4417);
#4417=NEXT_ASSEMBLY_USAGE_OCCURRENCE('375','PAD29','',#5,#4120,$);
#4418=CONTEXT_DEPENDENT_SHAPE_REPRESENTATION(#4419,#4421);
#4419=( REPRESENTATION_RELATIONSHIP('','',#4124,#10)REPRESENTATION_RELATIONSHIP_WITH_TRANSFORMATION(#4420)SHAPE_REPRESENTATION_RELATIONSHIP() );
#4420=ITEM_DEFINED_TRANSFORMATION('','',#11,#66);
#4421=PRODUCT_DEFINITION_SHAPE('Placement','Placement of an item',#4422);
#4422=NEXT_ASSEMBLY_USAGE_OCCURRENCE('376','PAD13','',#5,#4120,$);
#4423=CONTEXT_DEPENDENT_SHAPE_REPRESENTATION(#4424,#4426);
#4424=( REPRESENTATION_RELATIONSHIP('','',#4124,#10)REPRESENTATION_RELATIONSHIP_WITH_TRANSFORMATION(#4425)SHAPE_REPRESENTATION_RELATIONSHIP() );
#4425=ITEM_DEFINED_TRANSFORMATION('','',#11,#68);
#4426=PRODUCT_DEFINITION_SHAPE('Placement','Placement of an item',#4427);
#4427=NEXT_ASSEMBLY_USAGE_OCCURRENCE('377','PAD28','',#5,#4120,$);
#4428=CONTEXT_DEPENDENT_SHAPE_REPRESENTATION(#4429,#4431);
#4429=( REPRESENTATION_RELATIONSHIP('','',#4124,#10)REPRESENTATION_RELATIONSHIP_WITH_TRANSFORMATION(#4430)SHAPE_REPRESENTATION_RELATIONSHIP() );
#4430=ITEM_DEFINED_TRANSFORMATION('','',#11,#70);
#4431=PRODUCT_DEFINITION_SHAPE('Placement','Placement of an item',#4432);
#4432=NEXT_ASSEMBLY_USAGE_OCCURRENCE('378','PAD14','',#5,#4120,$);
#4433=CONTEXT_DEPENDENT_SHAPE_REPRESENTATION(#4434,#4436);
#4434=( REPRESENTATION_RELATIONSHIP('','',#4124,#10)REPRESENTATION_RELATIONSHIP_WITH_TRANSFORMATION(#4435)SHAPE_REPRESENTATION_RELATIONSHIP() );
#4435=ITEM_DEFINED_TRANSFORMATION('','',#11,#72);
#4436=PRODUCT_DEFINITION_SHAPE('Placement','Placement of an item',#4437);
#4437=NEXT_ASSEMBLY_USAGE_OCCURRENCE('379','PAD27','',#5,#4120,$);
#4438=CONTEXT_DEPENDENT_SHAPE_REPRESENTATION(#4439,#4441);
#4439=( REPRESENTATION_RELATIONSHIP('','',#4124,#10)REPRESENTATION_RELATIONSHIP_WITH_TRANSFORMATION(#4440)SHAPE_REPRESENTATION_RELATIONSHIP() );
#4440=ITEM_DEFINED_TRANSFORMATION('','',#11,#74);
#4441=PRODUCT_DEFINITION_SHAPE('Placement','Placement of an item',#4442);
#4442=NEXT_ASSEMBLY_USAGE_OCCURRENCE('380','PAD15','',#5,#4120,$);
#4443=CONTEXT_DEPENDENT_SHAPE_REPRESENTATION(#4444,#4446);
#4444=( REPRESENTATION_RELATIONSHIP('','',#4124,#10)REPRESENTATION_RELATIONSHIP_WITH_TRANSFORMATION(#4445)SHAPE_REPRESENTATION_RELATIONSHIP() );
#4445=ITEM_DEFINED_TRANSFORMATION('','',#11,#76);
#4446=PRODUCT_DEFINITION_SHAPE('Placement','Placement of an item',#4447);
#4447=NEXT_ASSEMBLY_USAGE_OCCURRENCE('381','PAD26','',#5,#4120,$);
#4448=CONTEXT_DEPENDENT_SHAPE_REPRESENTATION(#4449,#4451);
#4449=( REPRESENTATION_RELATIONSHIP('','',#4124,#10)REPRESENTATION_RELATIONSHIP_WITH_TRANSFORMATION(#4450)SHAPE_REPRESENTATION_RELATIONSHIP() );
#4450=ITEM_DEFINED_TRANSFORMATION('','',#11,#78);
#4451=PRODUCT_DEFINITION_SHAPE('Placement','Placement of an item',#4452);
#4452=NEXT_ASSEMBLY_USAGE_OCCURRENCE('382','PAD16','',#5,#4120,$);
#4453=CONTEXT_DEPENDENT_SHAPE_REPRESENTATION(#4454,#4456);
#4454=( REPRESENTATION_RELATIONSHIP('','',#4124,#10)REPRESENTATION_RELATIONSHIP_WITH_TRANSFORMATION(#4455)SHAPE_REPRESENTATION_RELATIONSHIP() );
#4455=ITEM_DEFINED_TRANSFORMATION('','',#11,#80);
#4456=PRODUCT_DEFINITION_SHAPE('Placement','Placement of an item',#4457);
#4457=NEXT_ASSEMBLY_USAGE_OCCURRENCE('383','PAD25','',#5,#4120,$);
#4458=CONTEXT_DEPENDENT_SHAPE_REPRESENTATION(#4459,#4461);
#4459=( REPRESENTATION_RELATIONSHIP('','',#4124,#10)REPRESENTATION_RELATIONSHIP_WITH_TRANSFORMATION(#4460)SHAPE_REPRESENTATION_RELATIONSHIP() );
#4460=ITEM_DEFINED_TRANSFORMATION('','',#11,#82);
#4461=PRODUCT_DEFINITION_SHAPE('Placement','Placement of an item',#4462);
#4462=NEXT_ASSEMBLY_USAGE_OCCURRENCE('384','PAD17','',#5,#4120,$);
#4463=CONTEXT_DEPENDENT_SHAPE_REPRESENTATION(#4464,#4466);
#4464=( REPRESENTATION_RELATIONSHIP('','',#4124,#10)REPRESENTATION_RELATIONSHIP_WITH_TRANSFORMATION(#4465)SHAPE_REPRESENTATION_RELATIONSHIP() );
#4465=ITEM_DEFINED_TRANSFORMATION('','',#11,#84);
#4466=PRODUCT_DEFINITION_SHAPE('Placement','Placement of an item',#4467);
#4467=NEXT_ASSEMBLY_USAGE_OCCURRENCE('385','PAD24','',#5,#4120,$);
#4468=CONTEXT_DEPENDENT_SHAPE_REPRESENTATION(#4469,#4471);
#4469=( REPRESENTATION_RELATIONSHIP('','',#4124,#10)REPRESENTATION_RELATIONSHIP_WITH_TRANSFORMATION(#4470)SHAPE_REPRESENTATION_RELATIONSHIP() );
#4470=ITEM_DEFINED_TRANSFORMATION('','',#11,#86);
#4471=PRODUCT_DEFINITION_SHAPE('Placement','Placement of an item',#4472);
#4472=NEXT_ASSEMBLY_USAGE_OCCURRENCE('386','PAD18','',#5,#4120,$);
#4473=CONTEXT_DEPENDENT_SHAPE_REPRESENTATION(#4474,#4476);
#4474=( REPRESENTATION_RELATIONSHIP('','',#4124,#10)REPRESENTATION_RELATIONSHIP_WITH_TRANSFORMATION(#4475)SHAPE_REPRESENTATION_RELATIONSHIP() );
#4475=ITEM_DEFINED_TRANSFORMATION('','',#11,#88);
#4476=PRODUCT_DEFINITION_SHAPE('Placement','Placement of an item',#4477);
#4477=NEXT_ASSEMBLY_USAGE_OCCURRENCE('387','PAD23','',#5,#4120,$);
#4478=CONTEXT_DEPENDENT_SHAPE_REPRESENTATION(#4479,#4481);
#4479=( REPRESENTATION_RELATIONSHIP('','',#4124,#10)REPRESENTATION_RELATIONSHIP_WITH_TRANSFORMATION(#4480)SHAPE_REPRESENTATION_RELATIONSHIP() );
#4480=ITEM_DEFINED_TRANSFORMATION('','',#11,#90);
#4481=PRODUCT_DEFINITION_SHAPE('Placement','Placement of an item',#4482);
#4482=NEXT_ASSEMBLY_USAGE_OCCURRENCE('388','PAD19','',#5,#4120,$);
#4483=CONTEXT_DEPENDENT_SHAPE_REPRESENTATION(#4484,#4486);
#4484=( REPRESENTATION_RELATIONSHIP('','',#4124,#10)REPRESENTATION_RELATIONSHIP_WITH_TRANSFORMATION(#4485)SHAPE_REPRESENTATION_RELATIONSHIP() );
#4485=ITEM_DEFINED_TRANSFORMATION('','',#11,#92);
#4486=PRODUCT_DEFINITION_SHAPE('Placement','Placement of an item',#4487);
#4487=NEXT_ASSEMBLY_USAGE_OCCURRENCE('389','PAD22','',#5,#4120,$);
#4488=CONTEXT_DEPENDENT_SHAPE_REPRESENTATION(#4489,#4491);
#4489=( REPRESENTATION_RELATIONSHIP('','',#4124,#10)REPRESENTATION_RELATIONSHIP_WITH_TRANSFORMATION(#4490)SHAPE_REPRESENTATION_RELATIONSHIP() );
#4490=ITEM_DEFINED_TRANSFORMATION('','',#11,#94);
#4491=PRODUCT_DEFINITION_SHAPE('Placement','Placement of an item',#4492);
#4492=NEXT_ASSEMBLY_USAGE_OCCURRENCE('390','PAD20','',#5,#4120,$);
#4493=CONTEXT_DEPENDENT_SHAPE_REPRESENTATION(#4494,#4496);
#4494=( REPRESENTATION_RELATIONSHIP('','',#4124,#10)REPRESENTATION_RELATIONSHIP_WITH_TRANSFORMATION(#4495)SHAPE_REPRESENTATION_RELATIONSHIP() );
#4495=ITEM_DEFINED_TRANSFORMATION('','',#11,#96);
#4496=PRODUCT_DEFINITION_SHAPE('Placement','Placement of an item',#4497);
#4497=NEXT_ASSEMBLY_USAGE_OCCURRENCE('391','PAD21','',#5,#4120,$);
#4498=SHAPE_DEFINITION_REPRESENTATION(#4499,#4504);
#4499=PRODUCT_DEFINITION_SHAPE('','',#4500);
#4500=PRODUCT_DEFINITION('design','',#4501,#4503);
#4501=PRODUCT_DEFINITION_FORMATION('','',#4502);
#4502=PRODUCT('USB','USB','',(#8));
#4503=PRODUCT_DEFINITION_CONTEXT('part definition',#2,'design');
#4504=ADVANCED_BREP_SHAPE_REPRESENTATION('',(#11,#4505),#4595);
#4505=MANIFOLD_SOLID_BREP('',#4506);
#4506=CLOSED_SHELL('',(#4507,#4532,#4557,#4569,#4581,#4588));
#4507=ADVANCED_FACE('',(#4508),#4530,.F.);
#4508=FACE_BOUND('',#4509,.F.);
#4509=EDGE_LOOP('',(#4510,#4517,#4522,#4527));
#4510=ORIENTED_EDGE('',*,*,#4511,.F.);
#4511=EDGE_CURVE('',#4512,#4514,#4516,.T.);
#4512=VERTEX_POINT('',#4513);
#4513=CARTESIAN_POINT('',(-4.,0.,0.));
#4514=VERTEX_POINT('',#4515);
#4515=CARTESIAN_POINT('',(-4.,0.,4.));
#4516=LINE('',#4513,#217);
#4517=ORIENTED_EDGE('',*,*,#4518,.T.);
#4518=EDGE_CURVE('',#4512,#4519,#4521,.T.);
#4519=VERTEX_POINT('',#4520);
#4520=CARTESIAN_POINT('',(-4.,5.8,0.));
#4521=LINE('',#4513,#244);
#4522=ORIENTED_EDGE('',*,*,#4523,.T.);
#4523=EDGE_CURVE('',#4519,#4524,#4526,.T.);
#4524=VERTEX_POINT('',#4525);
#4525=CARTESIAN_POINT('',(-4.,5.8,4.));
#4526=LINE('',#4520,#217);
#4527=ORIENTED_EDGE('',*,*,#4528,.F.);
#4528=EDGE_CURVE('',#4514,#4524,#4529,.T.);
#4529=LINE('',#4515,#244);
#4530=PLANE('',#4531);
#4531=AXIS2_PLACEMENT_3D('',#4513,#14,#13);
#4532=ADVANCED_FACE('',(#4533),#4555,.T.);
#4533=FACE_BOUND('',#4534,.T.);
#4534=EDGE_LOOP('',(#4535,#4542,#4547,#4552));
#4535=ORIENTED_EDGE('',*,*,#4536,.F.);
#4536=EDGE_CURVE('',#4537,#4539,#4541,.T.);
#4537=VERTEX_POINT('',#4538);
#4538=CARTESIAN_POINT('',(4.,0.,0.));
#4539=VERTEX_POINT('',#4540);
#4540=CARTESIAN_POINT('',(4.,0.,4.));
#4541=LINE('',#4538,#217);
#4542=ORIENTED_EDGE('',*,*,#4543,.T.);
#4543=EDGE_CURVE('',#4537,#4544,#4546,.T.);
#4544=VERTEX_POINT('',#4545);
#4545=CARTESIAN_POINT('',(4.,5.8,0.));
#4546=LINE('',#4538,#244);
#4547=ORIENTED_EDGE('',*,*,#4548,.T.);
#4548=EDGE_CURVE('',#4544,#4549,#4551,.T.);
#4549=VERTEX_POINT('',#4550);
#4550=CARTESIAN_POINT('',(4.,5.8,4.));
#4551=LINE('',#4545,#217);
#4552=ORIENTED_EDGE('',*,*,#4553,.F.);
#4553=EDGE_CURVE('',#4539,#4549,#4554,.T.);
#4554=LINE('',#4540,#244);
#4555=PLANE('',#4556);
#4556=AXIS2_PLACEMENT_3D('',#4538,#14,#13);
#4557=ADVANCED_FACE('',(#4558),#4567,.F.);
#4558=FACE_BOUND('',#4559,.F.);
#4559=EDGE_LOOP('',(#4560,#4563,#4564,#4535));
#4560=ORIENTED_EDGE('',*,*,#4561,.F.);
#4561=EDGE_CURVE('',#4512,#4537,#4562,.T.);
#4562=LINE('',#4513,#223);
#4563=ORIENTED_EDGE('',*,*,#4511,.T.);
#4564=ORIENTED_EDGE('',*,*,#4565,.T.);
#4565=EDGE_CURVE('',#4514,#4539,#4566,.T.);
#4566=LINE('',#4515,#223);
#4567=PLANE('',#4568);
#4568=AXIS2_PLACEMENT_3D('',#4513,#234,#13);
#4569=ADVANCED_FACE('',(#4570),#4579,.T.);
#4570=FACE_BOUND('',#4571,.T.);
#4571=EDGE_LOOP('',(#4572,#4522,#4575,#4578));
#4572=ORIENTED_EDGE('',*,*,#4573,.F.);
#4573=EDGE_CURVE('',#4519,#4544,#4574,.T.);
#4574=LINE('',#4520,#223);
#4575=ORIENTED_EDGE('',*,*,#4576,.T.);
#4576=EDGE_CURVE('',#4524,#4549,#4577,.T.);
#4577=LINE('',#4525,#223);
#4578=ORIENTED_EDGE('',*,*,#4548,.F.);
#4579=PLANE('',#4580);
#4580=AXIS2_PLACEMENT_3D('',#4520,#234,#13);
#4581=ADVANCED_FACE('',(#4582),#4586,.F.);
#4582=FACE_BOUND('',#4583,.F.);
#4583=EDGE_LOOP('',(#4584,#4585,#4542,#4572));
#4584=ORIENTED_EDGE('',*,*,#4518,.F.);
#4585=ORIENTED_EDGE('',*,*,#4561,.T.);
#4586=PLANE('',#4587);
#4587=AXIS2_PLACEMENT_3D('',#4513,#13,#14);
#4588=ADVANCED_FACE('',(#4589),#4593,.T.);
#4589=FACE_BOUND('',#4590,.T.);
#4590=EDGE_LOOP('',(#4527,#4564,#4591,#4592));
#4591=ORIENTED_EDGE('',*,*,#4553,.T.);
#4592=ORIENTED_EDGE('',*,*,#4576,.F.);
#4593=PLANE('',#4594);
#4594=AXIS2_PLACEMENT_3D('',#4515,#13,#14);
#4595=( GEOMETRIC_REPRESENTATION_CONTEXT(3)GLOBAL_UNCERTAINTY_ASSIGNED_CONTEXT((#196))GLOBAL_UNIT_ASSIGNED_CONTEXT((#193,#194,#195)) REPRESENTATION_CONTEXT('Context #1','3D Context with UNIT and UNCERTAINTY') );
#4596=CONTEXT_DEPENDENT_SHAPE_REPRESENTATION(#4597,#4599);
#4597=( REPRESENTATION_RELATIONSHIP('','',#4504,#10)REPRESENTATION_RELATIONSHIP_WITH_TRANSFORMATION(#4598)SHAPE_REPRESENTATION_RELATIONSHIP() );
#4598=ITEM_DEFINED_TRANSFORMATION('','',#11,#98);
#4599=PRODUCT_DEFINITION_SHAPE('Placement','Placement of an item',#4600);
#4600=NEXT_ASSEMBLY_USAGE_OCCURRENCE('392','USB','',#5,#4500,$);
#4601=PRODUCT_RELATED_PRODUCT_CATEGORY('part',$,(#4502));
#4602=SHAPE_DEFINITION_REPRESENTATION(#4603,#4608);
#4603=PRODUCT_DEFINITION_SHAPE('','',#4604);
#4604=PRODUCT_DEFINITION('design','',#4605,#4607);
#4605=PRODUCT_DEFINITION_FORMATION('','',#4606);
#4606=PRODUCT('HEADER1','HEADER1','',(#8));
#4607=PRODUCT_DEFINITION_CONTEXT('part definition',#2,'design');
#4608=ADVANCED_BREP_SHAPE_REPRESENTATION('',(#11,#4609),#4699);
#4609=MANIFOLD_SOLID_BREP('',#4610);
#4610=CLOSED_SHELL('',(#4611,#4636,#4661,#4673,#4685,#4692));
#4611=ADVANCED_FACE('',(#4612),#4634,.F.);
#4612=FACE_BOUND('',#4613,.F.);
#4613=EDGE_LOOP('',(#4614,#4621,#4626,#4631));
#4614=ORIENTED_EDGE('',*,*,#4615,.F.);
#4615=EDGE_CURVE('',#4616,#4618,#4620,.T.);
#4616=VERTEX_POINT('',#4617);
#4617=CARTESIAN_POINT('',(-1.25,-25.38,0.));
#4618=VERTEX_POINT('',#4619);
#4619=CARTESIAN_POINT('',(-1.25,-25.38,9.5));
#4620=LINE('',#4617,#217);
#4621=ORIENTED_EDGE('',*,*,#4622,.T.);
#4622=EDGE_CURVE('',#4616,#4623,#4625,.T.);
#4623=VERTEX_POINT('',#4624);
#4624=CARTESIAN_POINT('',(-1.25,25.38,0.));
#4625=LINE('',#4617,#244);
#4626=ORIENTED_EDGE('',*,*,#4627,.T.);
#4627=EDGE_CURVE('',#4623,#4628,#4630,.T.);
#4628=VERTEX_POINT('',#4629);
#4629=CARTESIAN_POINT('',(-1.25,25.38,9.5));
#4630=LINE('',#4624,#217);
#4631=ORIENTED_EDGE('',*,*,#4632,.F.);
#4632=EDGE_CURVE('',#4618,#4628,#4633,.T.);
#4633=LINE('',#4619,#244);
#4634=PLANE('',#4635);
#4635=AXIS2_PLACEMENT_3D('',#4617,#14,#13);
#4636=ADVANCED_FACE('',(#4637),#4659,.T.);
#4637=FACE_BOUND('',#4638,.T.);
#4638=EDGE_LOOP('',(#4639,#4646,#4651,#4656));
#4639=ORIENTED_EDGE('',*,*,#4640,.F.);
#4640=EDGE_CURVE('',#4641,#4643,#4645,.T.);
#4641=VERTEX_POINT('',#4642);
#4642=CARTESIAN_POINT('',(1.25,-25.38,0.));
#4643=VERTEX_POINT('',#4644);
#4644=CARTESIAN_POINT('',(1.25,-25.38,9.5));
#4645=LINE('',#4642,#217);
#4646=ORIENTED_EDGE('',*,*,#4647,.T.);
#4647=EDGE_CURVE('',#4641,#4648,#4650,.T.);
#4648=VERTEX_POINT('',#4649);
#4649=CARTESIAN_POINT('',(1.25,25.38,0.));
#4650=LINE('',#4642,#244);
#4651=ORIENTED_EDGE('',*,*,#4652,.T.);
#4652=EDGE_CURVE('',#4648,#4653,#4655,.T.);
#4653=VERTEX_POINT('',#4654);
#4654=CARTESIAN_POINT('',(1.25,25.38,9.5));
#4655=LINE('',#4649,#217);
#4656=ORIENTED_EDGE('',*,*,#4657,.F.);
#4657=EDGE_CURVE('',#4643,#4653,#4658,.T.);
#4658=LINE('',#4644,#244);
#4659=PLANE('',#4660);
#4660=AXIS2_PLACEMENT_3D('',#4642,#14,#13);
#4661=ADVANCED_FACE('',(#4662),#4671,.F.);
#4662=FACE_BOUND('',#4663,.F.);
#4663=EDGE_LOOP('',(#4664,#4667,#4668,#4639));
#4664=ORIENTED_EDGE('',*,*,#4665,.F.);
#4665=EDGE_CURVE('',#4616,#4641,#4666,.T.);
#4666=LINE('',#4617,#223);
#4667=ORIENTED_EDGE('',*,*,#4615,.T.);
#4668=ORIENTED_EDGE('',*,*,#4669,.T.);
#4669=EDGE_CURVE('',#4618,#4643,#4670,.T.);
#4670=LINE('',#4619,#223);
#4671=PLANE('',#4672);
#4672=AXIS2_PLACEMENT_3D('',#4617,#234,#13);
#4673=ADVANCED_FACE('',(#4674),#4683,.T.);
#4674=FACE_BOUND('',#4675,.T.);
#4675=EDGE_LOOP('',(#4676,#4626,#4679,#4682));
#4676=ORIENTED_EDGE('',*,*,#4677,.F.);
#4677=EDGE_CURVE('',#4623,#4648,#4678,.T.);
#4678=LINE('',#4624,#223);
#4679=ORIENTED_EDGE('',*,*,#4680,.T.);
#4680=EDGE_CURVE('',#4628,#4653,#4681,.T.);
#4681=LINE('',#4629,#223);
#4682=ORIENTED_EDGE('',*,*,#4652,.F.);
#4683=PLANE('',#4684);
#4684=AXIS2_PLACEMENT_3D('',#4624,#234,#13);
#4685=ADVANCED_FACE('',(#4686),#4690,.F.);
#4686=FACE_BOUND('',#4687,.F.);
#4687=EDGE_LOOP('',(#4688,#4689,#4646,#4676));
#4688=ORIENTED_EDGE('',*,*,#4622,.F.);
#4689=ORIENTED_EDGE('',*,*,#4665,.T.);
#4690=PLANE('',#4691);
#4691=AXIS2_PLACEMENT_3D('',#4617,#13,#14);
#4692=ADVANCED_FACE('',(#4693),#4697,.T.);
#4693=FACE_BOUND('',#4694,.T.);
#4694=EDGE_LOOP('',(#4631,#4668,#4695,#4696));
#4695=ORIENTED_EDGE('',*,*,#4657,.T.);
#4696=ORIENTED_EDGE('',*,*,#4680,.F.);
#4697=PLANE('',#4698);
#4698=AXIS2_PLACEMENT_3D('',#4619,#13,#14);
#4699=( GEOMETRIC_REPRESENTATION_CONTEXT(3)GLOBAL_UNCERTAINTY_ASSIGNED_CONTEXT((#196))GLOBAL_UNIT_ASSIGNED_CONTEXT((#193,#194,#195)) REPRESENTATION_CONTEXT('Context #1','3D Context with UNIT and UNCERTAINTY') );
#4700=CONTEXT_DEPENDENT_SHAPE_REPRESENTATION(#4701,#4703);
#4701=( REPRESENTATION_RELATIONSHIP('','',#4608,#10)REPRESENTATION_RELATIONSHIP_WITH_TRANSFORMATION(#4702)SHAPE_REPRESENTATION_RELATIONSHIP() );
#4702=ITEM_DEFINED_TRANSFORMATION('','',#11,#100);
#4703=PRODUCT_DEFINITION_SHAPE('Placement','Placement of an item',#4704);
#4704=NEXT_ASSEMBLY_USAGE_OCCURRENCE('393','HEADER1','',#5,#4604,$);
#4705=PRODUCT_RELATED_PRODUCT_CATEGORY('part',$,(#4606));
#4706=CONTEXT_DEPENDENT_SHAPE_REPRESENTATION(#4707,#4709);
#4707=( REPRESENTATION_RELATIONSHIP('','',#4608,#10)REPRESENTATION_RELATIONSHIP_WITH_TRANSFORMATION(#4708)SHAPE_REPRESENTATION_RELATIONSHIP() );
#4708=ITEM_DEFINED_TRANSFORMATION('','',#11,#102);
#4709=PRODUCT_DEFINITION_SHAPE('Placement','Placement of an item',#4710);
#4710=NEXT_ASSEMBLY_USAGE_OCCURRENCE('394','HEADER2','',#5,#4604,$);
#4711=SHAPE_DEFINITION_REPRESENTATION(#4712,#4717);
#4712=PRODUCT_DEFINITION_SHAPE('','',#4713);
#4713=PRODUCT_DEFINITION('design','',#4714,#4716);
#4714=PRODUCT_DEFINITION_FORMATION('','',#4715);
#4715=PRODUCT('HEADER3','HEADER3','',(#8));
#4716=PRODUCT_DEFINITION_CONTEXT('part definition',#2,'design');
#4717=ADVANCED_BREP_SHAPE_REPRESENTATION('',(#11,#4718),#4808);
#4718=MANIFOLD_SOLID_BREP('',#4719);
#4719=CLOSED_SHELL('',(#4720,#4745,#4770,#4782,#4794,#4801));
#4720=ADVANCED_FACE('',(#4721),#4743,.F.);
#4721=FACE_BOUND('',#4722,.F.);
#4722=EDGE_LOOP('',(#4723,#4730,#4735,#4740));
#4723=ORIENTED_EDGE('',*,*,#4724,.F.);
#4724=EDGE_CURVE('',#4725,#4727,#4729,.T.);
#4725=VERTEX_POINT('',#4726);
#4726=CARTESIAN_POINT('',(-3.79,-1.25,0.));
#4727=VERTEX_POINT('',#4728);
#4728=CARTESIAN_POINT('',(-3.79,-1.25,9.5));
#4729=LINE('',#4726,#217);
#4730=ORIENTED_EDGE('',*,*,#4731,.T.);
#4731=EDGE_CURVE('',#4725,#4732,#4734,.T.);
#4732=VERTEX_POINT('',#4733);
#4733=CARTESIAN_POINT('',(-3.79,1.25,0.));
#4734=LINE('',#4726,#244);
#4735=ORIENTED_EDGE('',*,*,#4736,.T.);
#4736=EDGE_CURVE('',#4732,#4737,#4739,.T.);
#4737=VERTEX_POINT('',#4738);
#4738=CARTESIAN_POINT('',(-3.79,1.25,9.5));
#4739=LINE('',#4733,#217);
#4740=ORIENTED_EDGE('',*,*,#4741,.F.);
#4741=EDGE_CURVE('',#4727,#4737,#4742,.T.);
#4742=LINE('',#4728,#244);
#4743=PLANE('',#4744);
#4744=AXIS2_PLACEMENT_3D('',#4726,#14,#13);
#4745=ADVANCED_FACE('',(#4746),#4768,.T.);
#4746=FACE_BOUND('',#4747,.T.);
#4747=EDGE_LOOP('',(#4748,#4755,#4760,#4765));
#4748=ORIENTED_EDGE('',*,*,#4749,.F.);
#4749=EDGE_CURVE('',#4750,#4752,#4754,.T.);
#4750=VERTEX_POINT('',#4751);
#4751=CARTESIAN_POINT('',(3.79,-1.25,0.));
#4752=VERTEX_POINT('',#4753);
#4753=CARTESIAN_POINT('',(3.79,-1.25,9.5));
#4754=LINE('',#4751,#217);
#4755=ORIENTED_EDGE('',*,*,#4756,.T.);
#4756=EDGE_CURVE('',#4750,#4757,#4759,.T.);
#4757=VERTEX_POINT('',#4758);
#4758=CARTESIAN_POINT('',(3.79,1.25,0.));
#4759=LINE('',#4751,#244);
#4760=ORIENTED_EDGE('',*,*,#4761,.T.);
#4761=EDGE_CURVE('',#4757,#4762,#4764,.T.);
#4762=VERTEX_POINT('',#4763);
#4763=CARTESIAN_POINT('',(3.79,1.25,9.5));
#4764=LINE('',#4758,#217);
#4765=ORIENTED_EDGE('',*,*,#4766,.F.);
#4766=EDGE_CURVE('',#4752,#4762,#4767,.T.);
#4767=LINE('',#4753,#244);
#4768=PLANE('',#4769);
#4769=AXIS2_PLACEMENT_3D('',#4751,#14,#13);
#4770=ADVANCED_FACE('',(#4771),#4780,.F.);
#4771=FACE_BOUND('',#4772,.F.);
#4772=EDGE_LOOP('',(#4773,#4776,#4777,#4748));
#4773=ORIENTED_EDGE('',*,*,#4774,.F.);
#4774=EDGE_CURVE('',#4725,#4750,#4775,.T.);
#4775=LINE('',#4726,#223);
#4776=ORIENTED_EDGE('',*,*,#4724,.T.);
#4777=ORIENTED_EDGE('',*,*,#4778,.T.);
#4778=EDGE_CURVE('',#4727,#4752,#4779,.T.);
#4779=LINE('',#4728,#223);
#4780=PLANE('',#4781);
#4781=AXIS2_PLACEMENT_3D('',#4726,#234,#13);
#4782=ADVANCED_FACE('',(#4783),#4792,.T.);
#4783=FACE_BOUND('',#4784,.T.);
#4784=EDGE_LOOP('',(#4785,#4735,#4788,#4791));
#4785=ORIENTED_EDGE('',*,*,#4786,.F.);
#4786=EDGE_CURVE('',#4732,#4757,#4787,.T.);
#4787=LINE('',#4733,#223);
#4788=ORIENTED_EDGE('',*,*,#4789,.T.);
#4789=EDGE_CURVE('',#4737,#4762,#4790,.T.);
#4790=LINE('',#4738,#223);
#4791=ORIENTED_EDGE('',*,*,#4761,.F.);
#4792=PLANE('',#4793);
#4793=AXIS2_PLACEMENT_3D('',#4733,#234,#13);
#4794=ADVANCED_FACE('',(#4795),#4799,.F.);
#4795=FACE_BOUND('',#4796,.F.);
#4796=EDGE_LOOP('',(#4797,#4798,#4755,#4785));
#4797=ORIENTED_EDGE('',*,*,#4731,.F.);
#4798=ORIENTED_EDGE('',*,*,#4774,.T.);
#4799=PLANE('',#4800);
#4800=AXIS2_PLACEMENT_3D('',#4726,#13,#14);
#4801=ADVANCED_FACE('',(#4802),#4806,.T.);
#4802=FACE_BOUND('',#4803,.T.);
#4803=EDGE_LOOP('',(#4740,#4777,#4804,#4805));
#4804=ORIENTED_EDGE('',*,*,#4766,.T.);
#4805=ORIENTED_EDGE('',*,*,#4789,.F.);
#4806=PLANE('',#4807);
#4807=AXIS2_PLACEMENT_3D('',#4728,#13,#14);
#4808=( GEOMETRIC_REPRESENTATION_CONTEXT(3)GLOBAL_UNCERTAINTY_ASSIGNED_CONTEXT((#196))GLOBAL_UNIT_ASSIGNED_CONTEXT((#193,#194,#195)) REPRESENTATION_CONTEXT('Context #1','3D Context with UNIT and UNCERTAINTY') );
#4809=CONTEXT_DEPENDENT_SHAPE_REPRESENTATION(#4810,#4812);
#4810=( REPRESENTATION_RELATIONSHIP('','',#4717,#10)REPRESENTATION_RELATIONSHIP_WITH_TRANSFORMATION(#4811)SHAPE_REPRESENTATION_RELATIONSHIP() );
#4811=ITEM_DEFINED_TRANSFORMATION('','',#11,#104);
#4812=PRODUCT_DEFINITION_SHAPE('Placement','Placement of an item',#4813);
#4813=NEXT_ASSEMBLY_USAGE_OCCURRENCE('395','HEADER3','',#5,#4713,$);
#4814=PRODUCT_RELATED_PRODUCT_CATEGORY('part',$,(#4715));
#4815=SHAPE_DEFINITION_REPRESENTATION(#4816,#4821);
#4816=PRODUCT_DEFINITION_SHAPE('','',#4817);
#4817=PRODUCT_DEFINITION('design','',#4818,#4820);
#4818=PRODUCT_DEFINITION_FORMATION('','',#4819);
#4819=PRODUCT('PIN1','PIN1','',(#8));
#4820=PRODUCT_DEFINITION_CONTEXT('part definition',#2,'design');
#4821=ADVANCED_BREP_SHAPE_REPRESENTATION('',(#11,#4822),#4912);
#4822=MANIFOLD_SOLID_BREP('',#4823);
#4823=CLOSED_SHELL('',(#4824,#4849,#4874,#4886,#4898,#4905));
#4824=ADVANCED_FACE('',(#4825),#4847,.F.);
#4825=FACE_BOUND('',#4826,.F.);
#4826=EDGE_LOOP('',(#4827,#4834,#4839,#4844));
#4827=ORIENTED_EDGE('',*,*,#4828,.F.);
#4828=EDGE_CURVE('',#4829,#4831,#4833,.T.);
#4829=VERTEX_POINT('',#4830);
#4830=CARTESIAN_POINT('',(-0.35,-0.35,-7.75));
#4831=VERTEX_POINT('',#4832);
#4832=CARTESIAN_POINT('',(-0.35,-0.35,7.75));
#4833=LINE('',#4830,#217);
#4834=ORIENTED_EDGE('',*,*,#4835,.T.);
#4835=EDGE_CURVE('',#4829,#4836,#4838,.T.);
#4836=VERTEX_POINT('',#4837);
#4837=CARTESIAN_POINT('',(-0.35,0.35,-7.75));
#4838=LINE('',#4830,#244);
#4839=ORIENTED_EDGE('',*,*,#4840,.T.);
#4840=EDGE_CURVE('',#4836,#4841,#4843,.T.);
#4841=VERTEX_POINT('',#4842);
#4842=CARTESIAN_POINT('',(-0.35,0.35,7.75));
#4843=LINE('',#4837,#217);
#4844=ORIENTED_EDGE('',*,*,#4845,.F.);
#4845=EDGE_CURVE('',#4831,#4841,#4846,.T.);
#4846=LINE('',#4832,#244);
#4847=PLANE('',#4848);
#4848=AXIS2_PLACEMENT_3D('',#4830,#14,#13);
#4849=ADVANCED_FACE('',(#4850),#4872,.T.);
#4850=FACE_BOUND('',#4851,.T.);
#4851=EDGE_LOOP('',(#4852,#4859,#4864,#4869));
#4852=ORIENTED_EDGE('',*,*,#4853,.F.);
#4853=EDGE_CURVE('',#4854,#4856,#4858,.T.);
#4854=VERTEX_POINT('',#4855);
#4855=CARTESIAN_POINT('',(0.35,-0.35,-7.75));
#4856=VERTEX_POINT('',#4857);
#4857=CARTESIAN_POINT('',(0.35,-0.35,7.75));
#4858=LINE('',#4855,#217);
#4859=ORIENTED_EDGE('',*,*,#4860,.T.);
#4860=EDGE_CURVE('',#4854,#4861,#4863,.T.);
#4861=VERTEX_POINT('',#4862);
#4862=CARTESIAN_POINT('',(0.35,0.35,-7.75));
#4863=LINE('',#4855,#244);
#4864=ORIENTED_EDGE('',*,*,#4865,.T.);
#4865=EDGE_CURVE('',#4861,#4866,#4868,.T.);
#4866=VERTEX_POINT('',#4867);
#4867=CARTESIAN_POINT('',(0.35,0.35,7.75));
#4868=LINE('',#4862,#217);
#4869=ORIENTED_EDGE('',*,*,#4870,.F.);
#4870=EDGE_CURVE('',#4856,#4866,#4871,.T.);
#4871=LINE('',#4857,#244);
#4872=PLANE('',#4873);
#4873=AXIS2_PLACEMENT_3D('',#4855,#14,#13);
#4874=ADVANCED_FACE('',(#4875),#4884,.F.);
#4875=FACE_BOUND('',#4876,.F.);
#4876=EDGE_LOOP('',(#4877,#4880,#4881,#4852));
#4877=ORIENTED_EDGE('',*,*,#4878,.F.);
#4878=EDGE_CURVE('',#4829,#4854,#4879,.T.);
#4879=LINE('',#4830,#223);
#4880=ORIENTED_EDGE('',*,*,#4828,.T.);
#4881=ORIENTED_EDGE('',*,*,#4882,.T.);
#4882=EDGE_CURVE('',#4831,#4856,#4883,.T.);
#4883=LINE('',#4832,#223);
#4884=PLANE('',#4885);
#4885=AXIS2_PLACEMENT_3D('',#4830,#234,#13);
#4886=ADVANCED_FACE('',(#4887),#4896,.T.);
#4887=FACE_BOUND('',#4888,.T.);
#4888=EDGE_LOOP('',(#4889,#4839,#4892,#4895));
#4889=ORIENTED_EDGE('',*,*,#4890,.F.);
#4890=EDGE_CURVE('',#4836,#4861,#4891,.T.);
#4891=LINE('',#4837,#223);
#4892=ORIENTED_EDGE('',*,*,#4893,.T.);
#4893=EDGE_CURVE('',#4841,#4866,#4894,.T.);
#4894=LINE('',#4842,#223);
#4895=ORIENTED_EDGE('',*,*,#4865,.F.);
#4896=PLANE('',#4897);
#4897=AXIS2_PLACEMENT_3D('',#4837,#234,#13);
#4898=ADVANCED_FACE('',(#4899),#4903,.F.);
#4899=FACE_BOUND('',#4900,.F.);
#4900=EDGE_LOOP('',(#4901,#4902,#4859,#4889));
#4901=ORIENTED_EDGE('',*,*,#4835,.F.);
#4902=ORIENTED_EDGE('',*,*,#4878,.T.);
#4903=PLANE('',#4904);
#4904=AXIS2_PLACEMENT_3D('',#4830,#13,#14);
#4905=ADVANCED_FACE('',(#4906),#4910,.T.);
#4906=FACE_BOUND('',#4907,.T.);
#4907=EDGE_LOOP('',(#4844,#4881,#4908,#4909));
#4908=ORIENTED_EDGE('',*,*,#4870,.T.);
#4909=ORIENTED_EDGE('',*,*,#4893,.F.);
#4910=PLANE('',#4911);
#4911=AXIS2_PLACEMENT_3D('',#4832,#13,#14);
#4912=( GEOMETRIC_REPRESENTATION_CONTEXT(3)GLOBAL_UNCERTAINTY_ASSIGNED_CONTEXT((#196))GLOBAL_UNIT_ASSIGNED_CONTEXT((#193,#194,#195)) REPRESENTATION_CONTEXT('Context #1','3D Context with UNIT and UNCERTAINTY') );
#4913=CONTEXT_DEPENDENT_SHAPE_REPRESENTATION(#4914,#4916);
#4914=( REPRESENTATION_RELATIONSHIP('','',#4821,#10)REPRESENTATION_RELATIONSHIP_WITH_TRANSFORMATION(#4915)SHAPE_REPRESENTATION_RELATIONSHIP() );
#4915=ITEM_DEFINED_TRANSFORMATION('','',#11,#106);
#4916=PRODUCT_DEFINITION_SHAPE('Placement','Placement of an item',#4917);
#4917=NEXT_ASSEMBLY_USAGE_OCCURRENCE('396','PIN1','',#5,#4817,$);
#4918=PRODUCT_RELATED_PRODUCT_CATEGORY('part',$,(#4819));
#4919=CONTEXT_DEPENDENT_SHAPE_REPRESENTATION(#4920,#4922);
#4920=( REPRESENTATION_RELATIONSHIP('','',#4821,#10)REPRESENTATION_RELATIONSHIP_WITH_TRANSFORMATION(#4921)SHAPE_REPRESENTATION_RELATIONSHIP() );
#4921=ITEM_DEFINED_TRANSFORMATION('','',#11,#108);
#4922=PRODUCT_DEFINITION_SHAPE('Placement','Placement of an item',#4923);
#4923=NEXT_ASSEMBLY_USAGE_OCCURRENCE('397','PIN40','',#5,#4817,$);
#4924=CONTEXT_DEPENDENT_SHAPE_REPRESENTATION(#4925,#4927);
#4925=( REPRESENTATION_RELATIONSHIP('','',#4821,#10)REPRESENTATION_RELATIONSHIP_WITH_TRANSFORMATION(#4926)SHAPE_REPRESENTATION_RELATIONSHIP() );
#4926=ITEM_DEFINED_TRANSFORMATION('','',#11,#110);
#4927=PRODUCT_DEFINITION_SHAPE('Placement','Placement of an item',#4928);
#4928=NEXT_ASSEMBLY_USAGE_OCCURRENCE('398','PIN2','',#5,#4817,$);
#4929=CONTEXT_DEPENDENT_SHAPE_REPRESENTATION(#4930,#4932);
#4930=( REPRESENTATION_RELATIONSHIP('','',#4821,#10)REPRESENTATION_RELATIONSHIP_WITH_TRANSFORMATION(#4931)SHAPE_REPRESENTATION_RELATIONSHIP() );
#4931=ITEM_DEFINED_TRANSFORMATION('','',#11,#112);
#4932=PRODUCT_DEFINITION_SHAPE('Placement','Placement of an item',#4933);
#4933=NEXT_ASSEMBLY_USAGE_OCCURRENCE('399','PIN39','',#5,#4817,$);
#4934=CONTEXT_DEPENDENT_SHAPE_REPRESENTATION(#4935,#4937);
#4935=( REPRESENTATION_RELATIONSHIP('','',#4821,#10)REPRESENTATION_RELATIONSHIP_WITH_TRANSFORMATION(#4936)SHAPE_REPRESENTATION_RELATIONSHIP() );
#4936=ITEM_DEFINED_TRANSFORMATION('','',#11,#114);
#4937=PRODUCT_DEFINITION_SHAPE('Placement','Placement of an item',#4938);
#4938=NEXT_ASSEMBLY_USAGE_OCCURRENCE('400','PIN3','',#5,#4817,$);
#4939=CONTEXT_DEPENDENT_SHAPE_REPRESENTATION(#4940,#4942);
#4940=( REPRESENTATION_RELATIONSHIP('','',#4821,#10)REPRESENTATION_RELATIONSHIP_WITH_TRANSFORMATION(#4941)SHAPE_REPRESENTATION_RELATIONSHIP() );
#4941=ITEM_DEFINED_TRANSFORMATION('','',#11,#116);
#4942=PRODUCT_DEFINITION_SHAPE('Placement','Placement of an item',#4943);
#4943=NEXT_ASSEMBLY_USAGE_OCCURRENCE('401','PIN38','',#5,#4817,$);
#4944=CONTEXT_DEPENDENT_SHAPE_REPRESENTATION(#4945,#4947);
#4945=( REPRESENTATION_RELATIONSHIP('','',#4821,#10)REPRESENTATION_RELATIONSHIP_WITH_TRANSFORMATION(#4946)SHAPE_REPRESENTATION_RELATIONSHIP() );
#4946=ITEM_DEFINED_TRANSFORMATION('','',#11,#118);
#4947=PRODUCT_DEFINITION_SHAPE('Placement','Placement of an item',#4948);
#4948=NEXT_ASSEMBLY_USAGE_OCCURRENCE('402','PIN4','',#5,#4817,$);
#4949=CONTEXT_DEPENDENT_SHAPE_REPRESENTATION(#4950,#4952);
#4950=( REPRESENTATION_RELATIONSHIP('','',#4821,#10)REPRESENTATION_RELATIONSHIP_WITH_TRANSFORMATION(#4951)SHAPE_REPRESENTATION_RELATIONSHIP() );
#4951=ITEM_DEFINED_TRANSFORMATION('','',#11,#120);
#4952=PRODUCT_DEFINITION_SHAPE('Placement','Placement of an item',#4953);
#4953=NEXT_ASSEMBLY_USAGE_OCCURRENCE('403','PIN37','',#5,#4817,$);
#4954=CONTEXT_DEPENDENT_SHAPE_REPRESENTATION(#4955,#4957);
#4955=( REPRESENTATION_RELATIONSHIP('','',#4821,#10)REPRESENTATION_RELATIONSHIP_WITH_TRANSFORMATION(#4956)SHAPE_REPRESENTATION_RELATIONSHIP() );
#4956=ITEM_DEFINED_TRANSFORMATION('','',#11,#122);
#4957=PRODUCT_DEFINITION_SHAPE('Placement','Placement of an item',#4958);
#4958=NEXT_ASSEMBLY_USAGE_OCCURRENCE('404','PIN5','',#5,#4817,$);
#4959=CONTEXT_DEPENDENT_SHAPE_REPRESENTATION(#4960,#4962);
#4960=( REPRESENTATION_RELATIONSHIP('','',#4821,#10)REPRESENTATION_RELATIONSHIP_WITH_TRANSFORMATION(#4961)SHAPE_REPRESENTATION_RELATIONSHIP() );
#4961=ITEM_DEFINED_TRANSFORMATION('','',#11,#124);
#4962=PRODUCT_DEFINITION_SHAPE('Placement','Placement of an item',#4963);
#4963=NEXT_ASSEMBLY_USAGE_OCCURRENCE('405','PIN36','',#5,#4817,$);
#4964=CONTEXT_DEPENDENT_SHAPE_REPRESENTATION(#4965,#4967);
#4965=( REPRESENTATION_RELATIONSHIP('','',#4821,#10)REPRESENTATION_RELATIONSHIP_WITH_TRANSFORMATION(#4966)SHAPE_REPRESENTATION_RELATIONSHIP() );
#4966=ITEM_DEFINED_TRANSFORMATION('','',#11,#126);
#4967=PRODUCT_DEFINITION_SHAPE('Placement','Placement of an item',#4968);
#4968=NEXT_ASSEMBLY_USAGE_OCCURRENCE('406','PIN6','',#5,#4817,$);
#4969=CONTEXT_DEPENDENT_SHAPE_REPRESENTATION(#4970,#4972);
#4970=( REPRESENTATION_RELATIONSHIP('','',#4821,#10)REPRESENTATION_RELATIONSHIP_WITH_TRANSFORMATION(#4971)SHAPE_REPRESENTATION_RELATIONSHIP() );
#4971=ITEM_DEFINED_TRANSFORMATION('','',#11,#128);
#4972=PRODUCT_DEFINITION_SHAPE('Placement','Placement of an item',#4973);
#4973=NEXT_ASSEMBLY_USAGE_OCCURRENCE('407','PIN35','',#5,#4817,$);
#4974=CONTEXT_DEPENDENT_SHAPE_REPRESENTATION(#4975,#4977);
#4975=( REPRESENTATION_RELATIONSHIP('','',#4821,#10)REPRESENTATION_RELATIONSHIP_WITH_TRANSFORMATION(#4976)SHAPE_REPRESENTATION_RELATIONSHIP() );
#4976=ITEM_DEFINED_TRANSFORMATION('','',#11,#130);
#4977=PRODUCT_DEFINITION_SHAPE('Placement','Placement of an item',#4978);
#4978=NEXT_ASSEMBLY_USAGE_OCCURRENCE('408','PIN7','',#5,#4817,$);
#4979=CONTEXT_DEPENDENT_SHAPE_REPRESENTATION(#4980,#4982);
#4980=( REPRESENTATION_RELATIONSHIP('','',#4821,#10)REPRESENTATION_RELATIONSHIP_WITH_TRANSFORMATION(#4981)SHAPE_REPRESENTATION_RELATIONSHIP() );
#4981=ITEM_DEFINED_TRANSFORMATION('','',#11,#132);
#4982=PRODUCT_DEFINITION_SHAPE('Placement','Placement of an item',#4983);
#4983=NEXT_ASSEMBLY_USAGE_OCCURRENCE('409','PIN34','',#5,#4817,$);
#4984=CONTEXT_DEPENDENT_SHAPE_REPRESENTATION(#4985,#4987);
#4985=( REPRESENTATION_RELATIONSHIP('','',#4821,#10)REPRESENTATION_RELATIONSHIP_WITH_TRANSFORMATION(#4986)SHAPE_REPRESENTATION_RELATIONSHIP() );
#4986=ITEM_DEFINED_TRANSFORMATION('','',#11,#134);
#4987=PRODUCT_DEFINITION_SHAPE('Placement','Placement of an item',#4988);
#4988=NEXT_ASSEMBLY_USAGE_OCCURRENCE('410','PIN8','',#5,#4817,$);
#4989=CONTEXT_DEPENDENT_SHAPE_REPRESENTATION(#4990,#4992);
#4990=( REPRESENTATION_RELATIONSHIP('','',#4821,#10)REPRESENTATION_RELATIONSHIP_WITH_TRANSFORMATION(#4991)SHAPE_REPRESENTATION_RELATIONSHIP() );
#4991=ITEM_DEFINED_TRANSFORMATION('','',#11,#136);
#4992=PRODUCT_DEFINITION_SHAPE('Placement','Placement of an item',#4993);
#4993=NEXT_ASSEMBLY_USAGE_OCCURRENCE('411','PIN33','',#5,#4817,$);
#4994=CONTEXT_DEPENDENT_SHAPE_REPRESENTATION(#4995,#4997);
#4995=( REPRESENTATION_RELATIONSHIP('','',#4821,#10)REPRESENTATION_RELATIONSHIP_WITH_TRANSFORMATION(#4996)SHAPE_REPRESENTATION_RELATIONSHIP() );
#4996=ITEM_DEFINED_TRANSFORMATION('','',#11,#138);
#4997=PRODUCT_DEFINITION_SHAPE('Placement','Placement of an item',#4998);
#4998=NEXT_ASSEMBLY_USAGE_OCCURRENCE('412','PIN9','',#5,#4817,$);
#4999=CONTEXT_DEPENDENT_SHAPE_REPRESENTATION(#5000,#5002);
#5000=( REPRESENTATION_RELATIONSHIP('','',#4821,#10)REPRESENTATION_RELATIONSHIP_WITH_TRANSFORMATION(#5001)SHAPE_REPRESENTATION_RELATIONSHIP() );
#5001=ITEM_DEFINED_TRANSFORMATION('','',#11,#140);
#5002=PRODUCT_DEFINITION_SHAPE('Placement','Placement of an item',#5003);
#5003=NEXT_ASSEMBLY_USAGE_OCCURRENCE('413','PIN32','',#5,#4817,$);
#5004=CONTEXT_DEPENDENT_SHAPE_REPRESENTATION(#5005,#5007);
#5005=( REPRESENTATION_RELATIONSHIP('','',#4821,#10)REPRESENTATION_RELATIONSHIP_WITH_TRANSFORMATION(#5006)SHAPE_REPRESENTATION_RELATIONSHIP() );
#5006=ITEM_DEFINED_TRANSFORMATION('','',#11,#142);
#5007=PRODUCT_DEFINITION_SHAPE('Placement','Placement of an item',#5008);
#5008=NEXT_ASSEMBLY_USAGE_OCCURRENCE('414','PIN10','',#5,#4817,$);
#5009=CONTEXT_DEPENDENT_SHAPE_REPRESENTATION(#5010,#5012);
#5010=( REPRESENTATION_RELATIONSHIP('','',#4821,#10)REPRESENTATION_RELATIONSHIP_WITH_TRANSFORMATION(#5011)SHAPE_REPRESENTATION_RELATIONSHIP() );
#5011=ITEM_DEFINED_TRANSFORMATION('','',#11,#144);
#5012=PRODUCT_DEFINITION_SHAPE('Placement','Placement of an item',#5013);
#5013=NEXT_ASSEMBLY_USAGE_OCCURRENCE('415','PIN31','',#5,#4817,$);
#5014=CONTEXT_DEPENDENT_SHAPE_REPRESENTATION(#5015,#5017);
#5015=( REPRESENTATION_RELATIONSHIP('','',#4821,#10)REPRESENTATION_RELATIONSHIP_WITH_TRANSFORMATION(#5016)SHAPE_REPRESENTATION_RELATIONSHIP() );
#5016=ITEM_DEFINED_TRANSFORMATION('','',#11,#146);
#5017=PRODUCT_DEFINITION_SHAPE('Placement','Placement of an item',#5018);
#5018=NEXT_ASSEMBLY_USAGE_OCCURRENCE('416','PIN11','',#5,#4817,$);
#5019=CONTEXT_DEPENDENT_SHAPE_REPRESENTATION(#5020,#5022);
#5020=( REPRESENTATION_RELATIONSHIP('','',#4821,#10)REPRESENTATION_RELATIONSHIP_WITH_TRANSFORMATION(#5021)SHAPE_REPRESENTATION_RELATIONSHIP() );
#5021=ITEM_DEFINED_TRANSFORMATION('','',#11,#148);
#5022=PRODUCT_DEFINITION_SHAPE('Placement','Placement of an item',#5023);
#5023=NEXT_ASSEMBLY_USAGE_OCCURRENCE('417','PIN30','',#5,#4817,$);
#5024=CONTEXT_DEPENDENT_SHAPE_REPRESENTATION(#5025,#5027);
#5025=( REPRESENTATION_RELATIONSHIP('','',#4821,#10)REPRESENTATION_RELATIONSHIP_WITH_TRANSFORMATION(#5026)SHAPE_REPRESENTATION_RELATIONSHIP() );
#5026=ITEM_DEFINED_TRANSFORMATION('','',#11,#150);
#5027=PRODUCT_DEFINITION_SHAPE('Placement','Placement of an item',#5028);
#5028=NEXT_ASSEMBLY_USAGE_OCCURRENCE('418','PIN12','',#5,#4817,$);
#5029=CONTEXT_DEPENDENT_SHAPE_REPRESENTATION(#5030,#5032);
#5030=( REPRESENTATION_RELATIONSHIP('','',#4821,#10)REPRESENTATION_RELATIONSHIP_WITH_TRANSFORMATION(#5031)SHAPE_REPRESENTATION_RELATIONSHIP() );
#5031=ITEM_DEFINED_TRANSFORMATION('','',#11,#152);
#5032=PRODUCT_DEFINITION_SHAPE('Placement','Placement of an item',#5033);
#5033=NEXT_ASSEMBLY_USAGE_OCCURRENCE('419','PIN29','',#5,#4817,$);
#5034=CONTEXT_DEPENDENT_SHAPE_REPRESENTATION(#5035,#5037);
#5035=( REPRESENTATION_RELATIONSHIP('','',#4821,#10)REPRESENTATION_RELATIONSHIP_WITH_TRANSFORMATION(#5036)SHAPE_REPRESENTATION_RELATIONSHIP() );
#5036=ITEM_DEFINED_TRANSFORMATION('','',#11,#154);
#5037=PRODUCT_DEFINITION_SHAPE('Placement','Placement of an item',#5038);
#5038=NEXT_ASSEMBLY_USAGE_OCCURRENCE('420','PIN13','',#5,#4817,$);
#5039=CONTEXT_DEPENDENT_SHAPE_REPRESENTATION(#5040,#5042);
#5040=( REPRESENTATION_RELATIONSHIP('','',#4821,#10)REPRESENTATION_RELATIONSHIP_WITH_TRANSFORMATION(#5041)SHAPE_REPRESENTATION_RELATIONSHIP() );
#5041=ITEM_DEFINED_TRANSFORMATION('','',#11,#156);
#5042=PRODUCT_DEFINITION_SHAPE('Placement','Placement of an item',#5043);
#5043=NEXT_ASSEMBLY_USAGE_OCCURRENCE('421','PIN28','',#5,#4817,$);
#5044=CONTEXT_DEPENDENT_SHAPE_REPRESENTATION(#5045,#5047);
#5045=( REPRESENTATION_RELATIONSHIP('','',#4821,#10)REPRESENTATION_RELATIONSHIP_WITH_TRANSFORMATION(#5046)SHAPE_REPRESENTATION_RELATIONSHIP() );
#5046=ITEM_DEFINED_TRANSFORMATION('','',#11,#158);
#5047=PRODUCT_DEFINITION_SHAPE('Placement','Placement of an item',#5048);
#5048=NEXT_ASSEMBLY_USAGE_OCCURRENCE('422','PIN14','',#5,#4817,$);
#5049=CONTEXT_DEPENDENT_SHAPE_REPRESENTATION(#5050,#5052);
#5050=( REPRESENTATION_RELATIONSHIP('','',#4821,#10)REPRESENTATION_RELATIONSHIP_WITH_TRANSFORMATION(#5051)SHAPE_REPRESENTATION_RELATIONSHIP() );
#5051=ITEM_DEFINED_TRANSFORMATION('','',#11,#160);
#5052=PRODUCT_DEFINITION_SHAPE('Placement','Placement of an item',#5053);
#5053=NEXT_ASSEMBLY_USAGE_OCCURRENCE('423','PIN27','',#5,#4817,$);
#5054=CONTEXT_DEPENDENT_SHAPE_REPRESENTATION(#5055,#5057);
#5055=( REPRESENTATION_RELATIONSHIP('','',#4821,#10)REPRESENTATION_RELATIONSHIP_WITH_TRANSFORMATION(#5056)SHAPE_REPRESENTATION_RELATIONSHIP() );
#5056=ITEM_DEFINED_TRANSFORMATION('','',#11,#162);
#5057=PRODUCT_DEFINITION_SHAPE('Placement','Placement of an item',#5058);
#5058=NEXT_ASSEMBLY_USAGE_OCCURRENCE('424','PIN15','',#5,#4817,$);
#5059=CONTEXT_DEPENDENT_SHAPE_REPRESENTATION(#5060,#5062);
#5060=( REPRESENTATION_RELATIONSHIP('','',#4821,#10)REPRESENTATION_RELATIONSHIP_WITH_TRANSFORMATION(#5061)SHAPE_REPRESENTATION_RELATIONSHIP() );
#5061=ITEM_DEFINED_TRANSFORMATION('','',#11,#164);
#5062=PRODUCT_DEFINITION_SHAPE('Placement','Placement of an item',#5063);
#5063=NEXT_ASSEMBLY_USAGE_OCCURRENCE('425','PIN26','',#5,#4817,$);
#5064=CONTEXT_DEPENDENT_SHAPE_REPRESENTATION(#5065,#5067);
#5065=( REPRESENTATION_RELATIONSHIP('','',#4821,#10)REPRESENTATION_RELATIONSHIP_WITH_TRANSFORMATION(#5066)SHAPE_REPRESENTATION_RELATIONSHIP() );
#5066=ITEM_DEFINED_TRANSFORMATION('','',#11,#166);
#5067=PRODUCT_DEFINITION_SHAPE('Placement','Placement of an item',#5068);
#5068=NEXT_ASSEMBLY_USAGE_OCCURRENCE('426','PIN16','',#5,#4817,$);
#5069=CONTEXT_DEPENDENT_SHAPE_REPRESENTATION(#5070,#5072);
#5070=( REPRESENTATION_RELATIONSHIP('','',#4821,#10)REPRESENTATION_RELATIONSHIP_WITH_TRANSFORMATION(#5071)SHAPE_REPRESENTATION_RELATIONSHIP() );
#5071=ITEM_DEFINED_TRANSFORMATION('','',#11,#168);
#5072=PRODUCT_DEFINITION_SHAPE('Placement','Placement of an item',#5073);
#5073=NEXT_ASSEMBLY_USAGE_OCCURRENCE('427','PIN25','',#5,#4817,$);
#5074=CONTEXT_DEPENDENT_SHAPE_REPRESENTATION(#5075,#5077);
#5075=( REPRESENTATION_RELATIONSHIP('','',#4821,#10)REPRESENTATION_RELATIONSHIP_WITH_TRANSFORMATION(#5076)SHAPE_REPRESENTATION_RELATIONSHIP() );
#5076=ITEM_DEFINED_TRANSFORMATION('','',#11,#170);
#5077=PRODUCT_DEFINITION_SHAPE('Placement','Placement of an item',#5078);
#5078=NEXT_ASSEMBLY_USAGE_OCCURRENCE('428','PIN17','',#5,#4817,$);
#5079=CONTEXT_DEPENDENT_SHAPE_REPRESENTATION(#5080,#5082);
#5080=( REPRESENTATION_RELATIONSHIP('','',#4821,#10)REPRESENTATION_RELATIONSHIP_WITH_TRANSFORMATION(#5081)SHAPE_REPRESENTATION_RELATIONSHIP() );
#5081=ITEM_DEFINED_TRANSFORMATION('','',#11,#172);
#5082=PRODUCT_DEFINITION_SHAPE('Placement','Placement of an item',#5083);
#5083=NEXT_ASSEMBLY_USAGE_OCCURRENCE('429','PIN24','',#5,#4817,$);
#5084=CONTEXT_DEPENDENT_SHAPE_REPRESENTATION(#5085,#5087);
#5085=( REPRESENTATION_RELATIONSHIP('','',#4821,#10)REPRESENTATION_RELATIONSHIP_WITH_TRANSFORMATION(#5086)SHAPE_REPRESENTATION_RELATIONSHIP() );
#5086=ITEM_DEFINED_TRANSFORMATION('','',#11,#174);
#5087=PRODUCT_DEFINITION_SHAPE('Placement','Placement of an item',#5088);
#5088=NEXT_ASSEMBLY_USAGE_OCCURRENCE('430','PIN18','',#5,#4817,$);
#5089=CONTEXT_DEPENDENT_SHAPE_REPRESENTATION(#5090,#5092);
#5090=( REPRESENTATION_RELATIONSHIP('','',#4821,#10)REPRESENTATION_RELATIONSHIP_WITH_TRANSFORMATION(#5091)SHAPE_REPRESENTATION_RELATIONSHIP() );
#5091=ITEM_DEFINED_TRANSFORMATION('','',#11,#176);
#5092=PRODUCT_DEFINITION_SHAPE('Placement','Placement of an item',#5093);
#5093=NEXT_ASSEMBLY_USAGE_OCCURRENCE('431','PIN23','',#5,#4817,$);
#5094=CONTEXT_DEPENDENT_SHAPE_REPRESENTATION(#5095,#5097);
#5095=( REPRESENTATION_RELATIONSHIP('','',#4821,#10)REPRESENTATION_RELATIONSHIP_WITH_TRANSFORMATION(#5096)SHAPE_REPRESENTATION_RELATIONSHIP() );
#5096=ITEM_DEFINED_TRANSFORMATION('','',#11,#178);
#5097=PRODUCT_DEFINITION_SHAPE('Placement','Placement of an item',#5098);
#5098=NEXT_ASSEMBLY_USAGE_OCCURRENCE('432','PIN19','',#5,#4817,$);
#5099=CONTEXT_DEPENDENT_SHAPE_REPRESENTATION(#5100,#5102);
#5100=( REPRESENTATION_RELATIONSHIP('','',#4821,#10)REPRESENTATION_RELATIONSHIP_WITH_TRANSFORMATION(#5101)SHAPE_REPRESENTATION_RELATIONSHIP() );
#5101=ITEM_DEFINED_TRANSFORMATION('','',#11,#180);
#5102=PRODUCT_DEFINITION_SHAPE('Placement','Placement of an item',#5103);
#5103=NEXT_ASSEMBLY_USAGE_OCCURRENCE('433','PIN22','',#5,#4817,$);
#5104=CONTEXT_DEPENDENT_SHAPE_REPRESENTATION(#5105,#5107);
#5105=( REPRESENTATION_RELATIONSHIP('','',#4821,#10)REPRESENTATION_RELATIONSHIP_WITH_TRANSFORMATION(#5106)SHAPE_REPRESENTATION_RELATIONSHIP() );
#5106=ITEM_DEFINED_TRANSFORMATION('','',#11,#182);
#5107=PRODUCT_DEFINITION_SHAPE('Placement','Placement of an item',#5108);
#5108=NEXT_ASSEMBLY_USAGE_OCCURRENCE('434','PIN20','',#5,#4817,$);
#5109=CONTEXT_DEPENDENT_SHAPE_REPRESENTATION(#5110,#5112);
#5110=( REPRESENTATION_RELATIONSHIP('','',#4821,#10)REPRESENTATION_RELATIONSHIP_WITH_TRANSFORMATION(#5111)SHAPE_REPRESENTATION_RELATIONSHIP() );
#5111=ITEM_DEFINED_TRANSFORMATION('','',#11,#184);
#5112=PRODUCT_DEFINITION_SHAPE('Placement','Placement of an item',#5113);
#5113=NEXT_ASSEMBLY_USAGE_OCCURRENCE('435','PIN21','',#5,#4817,$);
#5114=CONTEXT_DEPENDENT_SHAPE_REPRESENTATION(#5115,#5117);
#5115=( REPRESENTATION_RELATIONSHIP('','',#4821,#10)REPRESENTATION_RELATIONSHIP_WITH_TRANSFORMATION(#5116)SHAPE_REPRESENTATION_RELATIONSHIP() );
#5116=ITEM_DEFINED_TRANSFORMATION('','',#11,#186);
#5117=PRODUCT_DEFINITION_SHAPE('Placement','Placement of an item',#5118);
#5118=NEXT_ASSEMBLY_USAGE_OCCURRENCE('436','DBGPIN1','',#5,#4817,$);
#5119=CONTEXT_DEPENDENT_SHAPE_REPRESENTATION(#5120,#5122);
#5120=( REPRESENTATION_RELATIONSHIP('','',#4821,#10)REPRESENTATION_RELATIONSHIP_WITH_TRANSFORMATION(#5121)SHAPE_REPRESENTATION_RELATIONSHIP() );
#5121=ITEM_DEFINED_TRANSFORMATION('','',#11,#188);
#5122=PRODUCT_DEFINITION_SHAPE('Placement','Placement of an item',#5123);
#5123=NEXT_ASSEMBLY_USAGE_OCCURRENCE('437','DBGPIN2','',#5,#4817,$);
#5124=CONTEXT_DEPENDENT_SHAPE_REPRESENTATION(#5125,#5127);
#5125=( REPRESENTATION_RELATIONSHIP('','',#4821,#10)REPRESENTATION_RELATIONSHIP_WITH_TRANSFORMATION(#5126)SHAPE_REPRESENTATION_RELATIONSHIP() );
#5126=ITEM_DEFINED_TRANSFORMATION('','',#11,#190);
#5127=PRODUCT_DEFINITION_SHAPE('Placement','Placement of an item',#5128);
#5128=NEXT_ASSEMBLY_USAGE_OCCURRENCE('438','DBGPIN3','',#5,#4817,$);
#5129=MECHANICAL_DESIGN_GEOMETRIC_PRESENTATION_REPRESENTATION('',(#5130),#4699);
#5130=STYLED_ITEM('color',(#5131),#4609);
#5131=PRESENTATION_STYLE_ASSIGNMENT((#5132));
#5132=SURFACE_STYLE_USAGE(.BOTH.,#5133);
#5133=SURFACE_SIDE_STYLE('',(#5134));
#5134=SURFACE_STYLE_FILL_AREA(#5135);
#5135=FILL_AREA_STYLE('',(#5136));
#5136=FILL_AREA_STYLE_COLOUR('',#5137);
#5137=COLOUR_RGB('',0.160784783862,0.160784783862,0.160784783862);
#5138=MECHANICAL_DESIGN_GEOMETRIC_PRESENTATION_REPRESENTATION('',(#5139),#4912);
#5139=STYLED_ITEM('color',(#5140),#4822);
#5140=PRESENTATION_STYLE_ASSIGNMENT((#5141));
#5141=SURFACE_STYLE_USAGE(.BOTH.,#5142);
#5142=SURFACE_SIDE_STYLE('',(#5143));
#5143=SURFACE_STYLE_FILL_AREA(#5144);
#5144=FILL_AREA_STYLE('',(#5145));
#5145=FILL_AREA_STYLE_COLOUR('',#5146);
#5146=COLOUR_RGB('',0.862744829005,0.862744829005,0.862744829005);
#5147=MECHANICAL_DESIGN_GEOMETRIC_PRESENTATION_REPRESENTATION('',(#5148),#4296);
#5148=STYLED_ITEM('color',(#5149),#4125);
#5149=PRESENTATION_STYLE_ASSIGNMENT((#5150));
#5150=SURFACE_STYLE_USAGE(.BOTH.,#5151);
#5151=SURFACE_SIDE_STYLE('',(#5152));
#5152=SURFACE_STYLE_FILL_AREA(#5153);
#5153=FILL_AREA_STYLE('',(#5154));
#5154=FILL_AREA_STYLE_COLOUR('',#5155);
#5155=COLOUR_RGB('',0.93333302716,0.788235051098,0.);
#5156=MECHANICAL_DESIGN_GEOMETRIC_PRESENTATION_REPRESENTATION('',(#5157),#4110);
#5157=STYLED_ITEM('color',(#5158),#205);
#5158=PRESENTATION_STYLE_ASSIGNMENT((#5159));
#5159=SURFACE_STYLE_USAGE(.BOTH.,#5160);
#5160=SURFACE_SIDE_STYLE('',(#5161));
#5161=SURFACE_STYLE_FILL_AREA(#5162);
#5162=FILL_AREA_STYLE('',(#5163));
#5163=FILL_AREA_STYLE_COLOUR('',#5164);
#5164=COLOUR_RGB('',0.,0.803921811173,0.);
#5165=MECHANICAL_DESIGN_GEOMETRIC_PRESENTATION_REPRESENTATION('',(#5166),#4808);
#5166=STYLED_ITEM('color',(#5131),#4718);
#5167=MECHANICAL_DESIGN_GEOMETRIC_PRESENTATION_REPRESENTATION('',(#5168),#4595);
#5168=STYLED_ITEM('color',(#5140),#4505);
ENDSEC;
END-ISO-10303-21;
