ISO-10303-21;
HEADER;
FILE_DESCRIPTION(('Open CASCADE Model'),'2;1');
FILE_NAME('Open CASCADE Shape Model','2026-01-18T21:40:09',('Author'),(
'Open CASCADE'),'Open CASCADE STEP processor 7.8','Open CASCADE 7.8'
,'Unknown');
FILE_SCHEMA(('AUTOMOTIVE_DESIGN { 1 0 10303 214 1 1 1 1 }'));
ENDSEC;
DATA;
#1=APPLICATION_PROTOCOL_DEFINITION('international standard','automotive_design',2000,#2);
#2=APPLICATION_CONTEXT('core data for automotive mechanical design processes');
#3=SHAPE_DEFINITION_REPRESENTATION(#4,#10);
#4=PRODUCT_DEFINITION_SHAPE('','',#5);
#5=PRODUCT_DEFINITION('design','',#6,#9);
#6=PRODUCT_DEFINITION_FORMATION('','',#7);
#7=PRODUCT('Pico W (SMD)','Pico W (SMD)','',(#8));
#8=PRODUCT_CONTEXT('',#2,'mechanical');
#9=PRODUCT_DEFINITION_CONTEXT('part definition',#2,'design');
#10=SHAPE_REPRESENTATION('',(#11,#15,#17,#19,#22,#24,#26,#28,#30,#32,#34,#36,#38,#40,#42,#44,#46,#48,#50,#52,#54,#56,#58,#60,#62,#64,#66,#68,#70,#72,#74,#76,#78,#80,#82,#84,#86,#88,#90,#92,#94,#96,#98),#100);
#11=AXIS2_PLACEMENT_3D('',#12,#13,#14);
#12=CARTESIAN_POINT('',(0.,0.,0.));
#13=DIRECTION('',(0.,0.,1.));
#14=DIRECTION('',(1.,0.,0.));
#15=AXIS2_PLACEMENT_3D('',#16,#13,#14);
#16=CARTESIAN_POINT('',(0.,0.,5.E-02));
#17=AXIS2_PLACEMENT_3D('',#18,#13,#14);
#18=CARTESIAN_POINT('',(-10.5,24.13,5.E-02));
#19=AXIS2_PLACEMENT_3D('',#20,#13,#21);
#20=CARTESIAN_POINT('',(10.5,24.13,5.E-02));
#21=DIRECTION('',(-1.,1.224646799147E-16,0.));
#22=AXIS2_PLACEMENT_3D('',#23,#13,#14);
#23=CARTESIAN_POINT('',(-10.5,21.59,5.E-02));
#24=AXIS2_PLACEMENT_3D('',#25,#13,#21);
#25=CARTESIAN_POINT('',(10.5,21.59,5.E-02));
#26=AXIS2_PLACEMENT_3D('',#27,#13,#14);
#27=CARTESIAN_POINT('',(-10.5,19.05,5.E-02));
#28=AXIS2_PLACEMENT_3D('',#29,#13,#21);
#29=CARTESIAN_POINT('',(10.5,19.05,5.E-02));
#30=AXIS2_PLACEMENT_3D('',#31,#13,#14);
#31=CARTESIAN_POINT('',(-10.5,16.51,5.E-02));
#32=AXIS2_PLACEMENT_3D('',#33,#13,#21);
#33=CARTESIAN_POINT('',(10.5,16.51,5.E-02));
#34=AXIS2_PLACEMENT_3D('',#35,#13,#14);
#35=CARTESIAN_POINT('',(-10.5,13.97,5.E-02));
#36=AXIS2_PLACEMENT_3D('',#37,#13,#21);
#37=CARTESIAN_POINT('',(10.5,13.97,5.E-02));
#38=AXIS2_PLACEMENT_3D('',#39,#13,#14);
#39=CARTESIAN_POINT('',(-10.5,11.43,5.E-02));
#40=AXIS2_PLACEMENT_3D('',#41,#13,#21);
#41=CARTESIAN_POINT('',(10.5,11.43,5.E-02));
#42=AXIS2_PLACEMENT_3D('',#43,#13,#14);
#43=CARTESIAN_POINT('',(-10.5,8.89,5.E-02));
#44=AXIS2_PLACEMENT_3D('',#45,#13,#21);
#45=CARTESIAN_POINT('',(10.5,8.89,5.E-02));
#46=AXIS2_PLACEMENT_3D('',#47,#13,#14);
#47=CARTESIAN_POINT('',(-10.5,6.35,5.E-02));
#48=AXIS2_PLACEMENT_3D('',#49,#13,#21);
#49=CARTESIAN_POINT('',(10.5,6.35,5.E-02));
#50=AXIS2_PLACEMENT_3D('',#51,#13,#14);
#51=CARTESIAN_POINT('',(-10.5,3.81,5.E-02));
#52=AXIS2_PLACEMENT_3D('',#53,#13,#21);
#53=CARTESIAN_POINT('',(10.5,3.81,5.E-02));
#54=AXIS2_PLACEMENT_3D('',#55,#13,#14);
#55=CARTESIAN_POINT('',(-10.5,1.27,5.E-02));
#56=AXIS2_PLACEMENT_3D('',#57,#13,#21);
#57=CARTESIAN_POINT('',(10.5,1.27,5.E-02));
#58=AXIS2_PLACEMENT_3D('',#59,#13,#14);
#59=CARTESIAN_POINT('',(-10.5,-1.27,5.E-02));
#60=AXIS2_PLACEMENT_3D('',#61,#13,#21);
#61=CARTESIAN_POINT('',(10.5,-1.27,5.E-02));
#62=AXIS2_PLACEMENT_3D('',#63,#13,#14);
#63=CARTESIAN_POINT('',(-10.5,-3.81,5.E-02));
#64=AXIS2_PLACEMENT_3D('',#65,#13,#21);
#65=CARTESIAN_POINT('',(10.5,-3.81,5.E-02));
#66=AXIS2_PLACEMENT_3D('',#67,#13,#14);
#67=CARTESIAN_POINT('',(-10.5,-6.35,5.E-02));
#68=AXIS2_PLACEMENT_3D('',#69,#13,#21);
#69=CARTESIAN_POINT('',(10.5,-6.35,5.E-02));
#70=AXIS2_PLACEMENT_3D('',#71,#13,#14);
#71=CARTESIAN_POINT('',(-10.5,-8.89,5.E-02));
#72=AXIS2_PLACEMENT_3D('',#73,#13,#21);
#73=CARTESIAN_POINT('',(10.5,-8.89,5.E-02));
#74=AXIS2_PLACEMENT_3D('',#75,#13,#14);
#75=CARTESIAN_POINT('',(-10.5,-11.43,5.E-02));
#76=AXIS2_PLACEMENT_3D('',#77,#13,#21);
#77=CARTESIAN_POINT('',(10.5,-11.43,5.E-02));
#78=AXIS2_PLACEMENT_3D('',#79,#13,#14);
#79=CARTESIAN_POINT('',(-10.5,-13.97,5.E-02));
#80=AXIS2_PLACEMENT_3D('',#81,#13,#21);
#81=CARTESIAN_POINT('',(10.5,-13.97,5.E-02));
#82=AXIS2_PLACEMENT_3D('',#83,#13,#14);
#83=CARTESIAN_POINT('',(-10.5,-16.51,5.E-02));
#84=AXIS2_PLACEMENT_3D('',#85,#13,#21);
#85=CARTESIAN_POINT('',(10.5,-16.51,5.E-02));
#86=AXIS2_PLACEMENT_3D('',#87,#13,#14);
#87=CARTESIAN_POINT('',(-10.5,-19.05,5.E-02));
#88=AXIS2_PLACEMENT_3D('',#89,#13,#21);
#89=CARTESIAN_POINT('',(10.5,-19.05,5.E-02));
#90=AXIS2_PLACEMENT_3D('',#91,#13,#14);
#91=CARTESIAN_POINT('',(-10.5,-21.59,5.E-02));
#92=AXIS2_PLACEMENT_3D('',#93,#13,#21);
#93=CARTESIAN_POINT('',(10.5,-21.59,5.E-02));
#94=AXIS2_PLACEMENT_3D('',#95,#13,#14);
#95=CARTESIAN_POINT('',(-10.5,-24.13,5.E-02));
#96=AXIS2_PLACEMENT_3D('',#97,#13,#21);
#97=CARTESIAN_POINT('',(10.5,-24.13,5.E-02));
#98=AXIS2_PLACEMENT_3D('',#99,#13,#14);
#99=CARTESIAN_POINT('',(0.,21.,1.65));
#100=( GEOMETRIC_REPRESENTATION_CONTEXT(3)GLOBAL_UNCERTAINTY_ASSIGNED_CONTEXT((#104)) GLOBAL_UNIT_ASSIGNED_CONTEXT((#101,#102,#103)) REPRESENTATION_CONTEXT('Context #1','3D Context with UNIT and UNCERTAINTY') );
#101=( LENGTH_UNIT() NAMED_UNIT(*) SI_UNIT(.MILLI.,.METRE.) );
#102=( NAMED_UNIT(*) PLANE_ANGLE_UNIT() SI_UNIT($,.RADIAN.) );
#103=( NAMED_UNIT(*) SI_UNIT($,.STERADIAN.) SOLID_ANGLE_UNIT() );
#104=UNCERTAINTY_MEASURE_WITH_UNIT(LENGTH_MEASURE(1.E-07),#101,'distance_accuracy_value','confusion accuracy');
#105=PRODUCT_RELATED_PRODUCT_CATEGORY('part',$,(#7));
#106=SHAPE_DEFINITION_REPRESENTATION(#107,#112);
#107=PRODUCT_DEFINITION_SHAPE('','',#108);
#108=PRODUCT_DEFINITION('design','',#109,#111);
#109=PRODUCT_DEFINITION_FORMATION('','',#110);
#110=PRODUCT('PCB','PCB','',(#8));
#111=PRODUCT_DEFINITION_CONTEXT('part definition',#2,'design');
#112=ADVANCED_BREP_SHAPE_REPRESENTATION('',(#11,#113),#4019);
#113=MANIFOLD_SOLID_BREP('',#114);
#114=CLOSED_SHELL('',(#115,#143,#167,#191,#1186,#2177,#2188,#2200,#2215,#2227,#2236,#2247,#2259,#2271,#2280,#2291,#2303,#2315,#2324,#2335,#2347,#2359,#2368,#2379,#2391,#2403,#2412,#2423,#2435,#2447,#2456,#2467,#2479,#2491,#2499,#2509,#2518,#2529,#2541,#2553,#2562,#2573,#2585,#2597,#2606,#2617,#2629,#2641,#2650,#2661,#2673,#2685,#2694,#2705,#2717,#2729,#2738,#2749,#2761,#2773,#2782,#2793,#2805,#2817,#2826,#2837,#2849,#2861,#2870,#2881,#2893,#2905,#2914,#2925,#2937,#2949,#2958,#2969,#2981,#2993,#3002,#3013,#3025,#3037,#3046,#3057,#3069,#3081,#3090,#3101,#3113,#3125,#3134,#3145,#3157,#3169,#3178,#3189,#3201,#3213,#3222,#3233,#3245,#3257,#3266,#3277,#3289,#3301,#3310,#3321,#3333,#3345,#3354,#3365,#3374,#3386,#3398,#3407,#3418,#3430,#3442,#3451,#3462,#3474,#3486,#3495,#3506,#3518,#3530,#3539,#3550,#3562,#3574,#3583,#3594,#3606,#3618,#3627,#3638,#3650,#3662,#3671,#3682,#3694,#3706,#3715,#3726,#3738,#3750,#3759,#3770,#3782,#3794,#3803,#3814,#3826,#3838,#3847,#3858,#3870,#3882,#3891,#3902,#3914,#3926,#3935,#3943,#3953,#3965,#3977,#3989,#3999,#4009));
#115=ADVANCED_FACE('',(#116),#140,.T.);
#116=FACE_BOUND('',#117,.T.);
#117=EDGE_LOOP('',(#118,#126,#132,#137));
#118=ORIENTED_EDGE('',*,*,#119,.T.);
#119=EDGE_CURVE('',#120,#122,#124,.T.);
#120=VERTEX_POINT('',#121);
#121=CARTESIAN_POINT('',(-10.5,25.5,0.));
#122=VERTEX_POINT('',#123);
#123=CARTESIAN_POINT('',(-10.5,25.5,1.6));
#124=LINE('',#121,#125);
#125=VECTOR('',#13,1.);
#126=ORIENTED_EDGE('',*,*,#127,.T.);
#127=EDGE_CURVE('',#122,#128,#130,.T.);
#128=VERTEX_POINT('',#129);
#129=CARTESIAN_POINT('',(10.5,25.5,1.6));
#130=LINE('',#123,#131);
#131=VECTOR('',#14,1.);
#132=ORIENTED_EDGE('',*,*,#133,.F.);
#133=EDGE_CURVE('',#134,#128,#136,.T.);
#134=VERTEX_POINT('',#135);
#135=CARTESIAN_POINT('',(10.5,25.5,0.));
#136=LINE('',#135,#125);
#137=ORIENTED_EDGE('',*,*,#138,.F.);
#138=EDGE_CURVE('',#120,#134,#139,.T.);
#139=LINE('',#121,#131);
#140=PLANE('',#141);
#141=AXIS2_PLACEMENT_3D('',#121,#142,#14);
#142=DIRECTION('',(0.,1.,0.));
#143=ADVANCED_FACE('',(#144),#164,.T.);
#144=FACE_BOUND('',#145,.T.);
#145=EDGE_LOOP('',(#146,#153,#159,#163));
#146=ORIENTED_EDGE('',*,*,#147,.F.);
#147=EDGE_CURVE('',#148,#120,#150,.T.);
#148=VERTEX_POINT('',#149);
#149=CARTESIAN_POINT('',(-10.5,24.93,0.));
#150=LINE('',#151,#152);
#151=CARTESIAN_POINT('',(-10.5,-25.5,0.));
#152=VECTOR('',#142,1.);
#153=ORIENTED_EDGE('',*,*,#154,.T.);
#154=EDGE_CURVE('',#148,#155,#157,.T.);
#155=VERTEX_POINT('',#156);
#156=CARTESIAN_POINT('',(-10.5,24.93,1.6));
#157=LINE('',#158,#125);
#158=CARTESIAN_POINT('',(-10.5,24.93,-25.5000001));
#159=ORIENTED_EDGE('',*,*,#160,.T.);
#160=EDGE_CURVE('',#155,#122,#161,.T.);
#161=LINE('',#162,#152);
#162=CARTESIAN_POINT('',(-10.5,-25.5,1.6));
#163=ORIENTED_EDGE('',*,*,#119,.F.);
#164=PLANE('',#165);
#165=AXIS2_PLACEMENT_3D('',#151,#166,#142);
#166=DIRECTION('',(-1.,0.,0.));
#167=ADVANCED_FACE('',(#168),#189,.T.);
#168=FACE_BOUND('',#169,.T.);
#169=EDGE_LOOP('',(#170,#177,#178,#183));
#170=ORIENTED_EDGE('',*,*,#171,.F.);
#171=EDGE_CURVE('',#134,#172,#174,.T.);
#172=VERTEX_POINT('',#173);
#173=CARTESIAN_POINT('',(10.5,24.93,0.));
#174=LINE('',#135,#175);
#175=VECTOR('',#176,1.);
#176=DIRECTION('',(0.,-1.,0.));
#177=ORIENTED_EDGE('',*,*,#133,.T.);
#178=ORIENTED_EDGE('',*,*,#179,.T.);
#179=EDGE_CURVE('',#128,#180,#182,.T.);
#180=VERTEX_POINT('',#181);
#181=CARTESIAN_POINT('',(10.5,24.93,1.6));
#182=LINE('',#129,#175);
#183=ORIENTED_EDGE('',*,*,#184,.T.);
#184=EDGE_CURVE('',#180,#172,#185,.T.);
#185=LINE('',#186,#187);
#186=CARTESIAN_POINT('',(10.5,24.93,-25.50000015));
#187=VECTOR('',#188,1.);
#188=DIRECTION('',(0.,0.,-1.));
#189=PLANE('',#190);
#190=AXIS2_PLACEMENT_3D('',#135,#14,#176);
#191=ADVANCED_FACE('',(#192,#1120,#1129,#1139,#1148,#1157,#1166,#1175),#1184,.T.);
#192=FACE_BOUND('',#193,.T.);
#193=EDGE_LOOP('',(#194,#203,#210,#214,#220,#227,#233,#237,#243,#250,#256,#260,#266,#273,#279,#283,#289,#296,#302,#306,#312,#319,#325,#329,#335,#342,#348,#352,#358,#365,#371,#375,#381,#388,#394,#398,#404,#411,#417,#421,#427,#434,#440,#444,#450,#457,#463,#467,#473,#480,#486,#490,#496,#503,#507,#508,#509,#510,#516,#523,#529,#533,#539,#546,#552,#556,#562,#569,#575,#579,#585,#592,#598,#602,#608,#615,#621,#625,#631,#638,#644,#648,#654,#661,#667,#671,#677,#684,#690,#694,#700,#707,#713,#717,#723,#730,#736,#740,#746,#753,#759,#763,#769,#776,#782,#786,#792,#799,#805,#809,#815,#822,#828,#832,#838,#845,#851,#855,#861,#868,#874,#878,#884,#891,#897,#901,#907,#914,#920,#924,#930,#937,#943,#947,#953,#960,#966,#970,#974,#978,#984,#991,#997,#1001,#1007,#1014,#1020,#1024,#1030,#1037,#1043,#1047,#1053,#1060,#1066,#1070,#1076,#1083,#1089,#1093,#1099,#1106,#1112,#1116));
#194=ORIENTED_EDGE('',*,*,#195,.T.);
#195=EDGE_CURVE('',#196,#198,#200,.T.);
#196=VERTEX_POINT('',#197);
#197=CARTESIAN_POINT('',(-8.89,-9.69,0.));
#198=VERTEX_POINT('',#199);
#199=CARTESIAN_POINT('',(-8.89,-8.09,0.));
#200=CIRCLE('',#201,0.8);
#201=AXIS2_PLACEMENT_3D('',#202,#13,#176);
#202=CARTESIAN_POINT('',(-8.89,-8.89,0.));
#203=ORIENTED_EDGE('',*,*,#204,.T.);
#204=EDGE_CURVE('',#198,#205,#207,.T.);
#205=VERTEX_POINT('',#206);
#206=CARTESIAN_POINT('',(-10.5,-8.09,0.));
#207=LINE('',#208,#209);
#208=CARTESIAN_POINT('',(-4.445,-8.09,0.));
#209=VECTOR('',#166,1.);
#210=ORIENTED_EDGE('',*,*,#211,.T.);
#211=EDGE_CURVE('',#205,#212,#150,.T.);
#212=VERTEX_POINT('',#213);
#213=CARTESIAN_POINT('',(-10.5,-7.15,0.));
#214=ORIENTED_EDGE('',*,*,#215,.T.);
#215=EDGE_CURVE('',#212,#216,#218,.T.);
#216=VERTEX_POINT('',#217);
#217=CARTESIAN_POINT('',(-8.89,-7.15,0.));
#218=LINE('',#219,#131);
#219=CARTESIAN_POINT('',(-6.055,-7.15,0.));
#220=ORIENTED_EDGE('',*,*,#221,.T.);
#221=EDGE_CURVE('',#216,#222,#224,.T.);
#222=VERTEX_POINT('',#223);
#223=CARTESIAN_POINT('',(-8.89,-5.55,0.));
#224=CIRCLE('',#225,0.8);
#225=AXIS2_PLACEMENT_3D('',#226,#13,#176);
#226=CARTESIAN_POINT('',(-8.89,-6.35,0.));
#227=ORIENTED_EDGE('',*,*,#228,.T.);
#228=EDGE_CURVE('',#222,#229,#231,.T.);
#229=VERTEX_POINT('',#230);
#230=CARTESIAN_POINT('',(-10.5,-5.55,0.));
#231=LINE('',#232,#209);
#232=CARTESIAN_POINT('',(-4.445,-5.55,0.));
#233=ORIENTED_EDGE('',*,*,#234,.T.);
#234=EDGE_CURVE('',#229,#235,#150,.T.);
#235=VERTEX_POINT('',#236);
#236=CARTESIAN_POINT('',(-10.5,-4.61,0.));
#237=ORIENTED_EDGE('',*,*,#238,.T.);
#238=EDGE_CURVE('',#235,#239,#241,.T.);
#239=VERTEX_POINT('',#240);
#240=CARTESIAN_POINT('',(-8.89,-4.61,0.));
#241=LINE('',#242,#131);
#242=CARTESIAN_POINT('',(-6.055,-4.61,0.));
#243=ORIENTED_EDGE('',*,*,#244,.T.);
#244=EDGE_CURVE('',#239,#245,#247,.T.);
#245=VERTEX_POINT('',#246);
#246=CARTESIAN_POINT('',(-8.89,-3.01,0.));
#247=CIRCLE('',#248,0.8);
#248=AXIS2_PLACEMENT_3D('',#249,#13,#176);
#249=CARTESIAN_POINT('',(-8.89,-3.81,0.));
#250=ORIENTED_EDGE('',*,*,#251,.T.);
#251=EDGE_CURVE('',#245,#252,#254,.T.);
#252=VERTEX_POINT('',#253);
#253=CARTESIAN_POINT('',(-10.5,-3.01,0.));
#254=LINE('',#255,#209);
#255=CARTESIAN_POINT('',(-4.445,-3.01,0.));
#256=ORIENTED_EDGE('',*,*,#257,.T.);
#257=EDGE_CURVE('',#252,#258,#150,.T.);
#258=VERTEX_POINT('',#259);
#259=CARTESIAN_POINT('',(-10.5,-2.07,0.));
#260=ORIENTED_EDGE('',*,*,#261,.T.);
#261=EDGE_CURVE('',#258,#262,#264,.T.);
#262=VERTEX_POINT('',#263);
#263=CARTESIAN_POINT('',(-8.89,-2.07,0.));
#264=LINE('',#265,#131);
#265=CARTESIAN_POINT('',(-6.055,-2.07,0.));
#266=ORIENTED_EDGE('',*,*,#267,.T.);
#267=EDGE_CURVE('',#262,#268,#270,.T.);
#268=VERTEX_POINT('',#269);
#269=CARTESIAN_POINT('',(-8.89,-0.47,0.));
#270=CIRCLE('',#271,0.8);
#271=AXIS2_PLACEMENT_3D('',#272,#13,#176);
#272=CARTESIAN_POINT('',(-8.89,-1.27,0.));
#273=ORIENTED_EDGE('',*,*,#274,.T.);
#274=EDGE_CURVE('',#268,#275,#277,.T.);
#275=VERTEX_POINT('',#276);
#276=CARTESIAN_POINT('',(-10.5,-0.47,0.));
#277=LINE('',#278,#209);
#278=CARTESIAN_POINT('',(-4.445,-0.47,0.));
#279=ORIENTED_EDGE('',*,*,#280,.T.);
#280=EDGE_CURVE('',#275,#281,#150,.T.);
#281=VERTEX_POINT('',#282);
#282=CARTESIAN_POINT('',(-10.5,0.47,0.));
#283=ORIENTED_EDGE('',*,*,#284,.T.);
#284=EDGE_CURVE('',#281,#285,#287,.T.);
#285=VERTEX_POINT('',#286);
#286=CARTESIAN_POINT('',(-8.89,0.47,0.));
#287=LINE('',#288,#131);
#288=CARTESIAN_POINT('',(-6.055,0.47,0.));
#289=ORIENTED_EDGE('',*,*,#290,.T.);
#290=EDGE_CURVE('',#285,#291,#293,.T.);
#291=VERTEX_POINT('',#292);
#292=CARTESIAN_POINT('',(-8.89,2.07,0.));
#293=CIRCLE('',#294,0.8);
#294=AXIS2_PLACEMENT_3D('',#295,#13,#176);
#295=CARTESIAN_POINT('',(-8.89,1.27,0.));
#296=ORIENTED_EDGE('',*,*,#297,.T.);
#297=EDGE_CURVE('',#291,#298,#300,.T.);
#298=VERTEX_POINT('',#299);
#299=CARTESIAN_POINT('',(-10.5,2.07,0.));
#300=LINE('',#301,#209);
#301=CARTESIAN_POINT('',(-4.445,2.07,0.));
#302=ORIENTED_EDGE('',*,*,#303,.T.);
#303=EDGE_CURVE('',#298,#304,#150,.T.);
#304=VERTEX_POINT('',#305);
#305=CARTESIAN_POINT('',(-10.5,3.01,0.));
#306=ORIENTED_EDGE('',*,*,#307,.T.);
#307=EDGE_CURVE('',#304,#308,#310,.T.);
#308=VERTEX_POINT('',#309);
#309=CARTESIAN_POINT('',(-8.89,3.01,0.));
#310=LINE('',#311,#131);
#311=CARTESIAN_POINT('',(-6.055,3.01,0.));
#312=ORIENTED_EDGE('',*,*,#313,.T.);
#313=EDGE_CURVE('',#308,#314,#316,.T.);
#314=VERTEX_POINT('',#315);
#315=CARTESIAN_POINT('',(-8.89,4.61,0.));
#316=CIRCLE('',#317,0.8);
#317=AXIS2_PLACEMENT_3D('',#318,#13,#176);
#318=CARTESIAN_POINT('',(-8.89,3.81,0.));
#319=ORIENTED_EDGE('',*,*,#320,.T.);
#320=EDGE_CURVE('',#314,#321,#323,.T.);
#321=VERTEX_POINT('',#322);
#322=CARTESIAN_POINT('',(-10.5,4.61,0.));
#323=LINE('',#324,#209);
#324=CARTESIAN_POINT('',(-4.445,4.61,0.));
#325=ORIENTED_EDGE('',*,*,#326,.T.);
#326=EDGE_CURVE('',#321,#327,#150,.T.);
#327=VERTEX_POINT('',#328);
#328=CARTESIAN_POINT('',(-10.5,5.55,0.));
#329=ORIENTED_EDGE('',*,*,#330,.T.);
#330=EDGE_CURVE('',#327,#331,#333,.T.);
#331=VERTEX_POINT('',#332);
#332=CARTESIAN_POINT('',(-8.89,5.55,0.));
#333=LINE('',#334,#131);
#334=CARTESIAN_POINT('',(-6.055,5.55,0.));
#335=ORIENTED_EDGE('',*,*,#336,.T.);
#336=EDGE_CURVE('',#331,#337,#339,.T.);
#337=VERTEX_POINT('',#338);
#338=CARTESIAN_POINT('',(-8.89,7.15,0.));
#339=CIRCLE('',#340,0.8);
#340=AXIS2_PLACEMENT_3D('',#341,#13,#176);
#341=CARTESIAN_POINT('',(-8.89,6.35,0.));
#342=ORIENTED_EDGE('',*,*,#343,.T.);
#343=EDGE_CURVE('',#337,#344,#346,.T.);
#344=VERTEX_POINT('',#345);
#345=CARTESIAN_POINT('',(-10.5,7.15,0.));
#346=LINE('',#347,#209);
#347=CARTESIAN_POINT('',(-4.445,7.15,0.));
#348=ORIENTED_EDGE('',*,*,#349,.T.);
#349=EDGE_CURVE('',#344,#350,#150,.T.);
#350=VERTEX_POINT('',#351);
#351=CARTESIAN_POINT('',(-10.5,8.09,0.));
#352=ORIENTED_EDGE('',*,*,#353,.T.);
#353=EDGE_CURVE('',#350,#354,#356,.T.);
#354=VERTEX_POINT('',#355);
#355=CARTESIAN_POINT('',(-8.89,8.09,0.));
#356=LINE('',#357,#131);
#357=CARTESIAN_POINT('',(-6.055,8.09,0.));
#358=ORIENTED_EDGE('',*,*,#359,.T.);
#359=EDGE_CURVE('',#354,#360,#362,.T.);
#360=VERTEX_POINT('',#361);
#361=CARTESIAN_POINT('',(-8.89,9.69,0.));
#362=CIRCLE('',#363,0.8);
#363=AXIS2_PLACEMENT_3D('',#364,#13,#176);
#364=CARTESIAN_POINT('',(-8.89,8.89,0.));
#365=ORIENTED_EDGE('',*,*,#366,.T.);
#366=EDGE_CURVE('',#360,#367,#369,.T.);
#367=VERTEX_POINT('',#368);
#368=CARTESIAN_POINT('',(-10.5,9.69,0.));
#369=LINE('',#370,#209);
#370=CARTESIAN_POINT('',(-4.445,9.69,0.));
#371=ORIENTED_EDGE('',*,*,#372,.T.);
#372=EDGE_CURVE('',#367,#373,#150,.T.);
#373=VERTEX_POINT('',#374);
#374=CARTESIAN_POINT('',(-10.5,10.63,0.));
#375=ORIENTED_EDGE('',*,*,#376,.T.);
#376=EDGE_CURVE('',#373,#377,#379,.T.);
#377=VERTEX_POINT('',#378);
#378=CARTESIAN_POINT('',(-8.89,10.63,0.));
#379=LINE('',#380,#131);
#380=CARTESIAN_POINT('',(-6.055,10.63,0.));
#381=ORIENTED_EDGE('',*,*,#382,.T.);
#382=EDGE_CURVE('',#377,#383,#385,.T.);
#383=VERTEX_POINT('',#384);
#384=CARTESIAN_POINT('',(-8.89,12.23,0.));
#385=CIRCLE('',#386,0.8);
#386=AXIS2_PLACEMENT_3D('',#387,#13,#176);
#387=CARTESIAN_POINT('',(-8.89,11.43,0.));
#388=ORIENTED_EDGE('',*,*,#389,.T.);
#389=EDGE_CURVE('',#383,#390,#392,.T.);
#390=VERTEX_POINT('',#391);
#391=CARTESIAN_POINT('',(-10.5,12.23,0.));
#392=LINE('',#393,#209);
#393=CARTESIAN_POINT('',(-4.445,12.23,0.));
#394=ORIENTED_EDGE('',*,*,#395,.T.);
#395=EDGE_CURVE('',#390,#396,#150,.T.);
#396=VERTEX_POINT('',#397);
#397=CARTESIAN_POINT('',(-10.5,13.17,0.));
#398=ORIENTED_EDGE('',*,*,#399,.T.);
#399=EDGE_CURVE('',#396,#400,#402,.T.);
#400=VERTEX_POINT('',#401);
#401=CARTESIAN_POINT('',(-8.89,13.17,0.));
#402=LINE('',#403,#131);
#403=CARTESIAN_POINT('',(-6.055,13.17,0.));
#404=ORIENTED_EDGE('',*,*,#405,.T.);
#405=EDGE_CURVE('',#400,#406,#408,.T.);
#406=VERTEX_POINT('',#407);
#407=CARTESIAN_POINT('',(-8.89,14.77,0.));
#408=CIRCLE('',#409,0.8);
#409=AXIS2_PLACEMENT_3D('',#410,#13,#176);
#410=CARTESIAN_POINT('',(-8.89,13.97,0.));
#411=ORIENTED_EDGE('',*,*,#412,.T.);
#412=EDGE_CURVE('',#406,#413,#415,.T.);
#413=VERTEX_POINT('',#414);
#414=CARTESIAN_POINT('',(-10.5,14.77,0.));
#415=LINE('',#416,#209);
#416=CARTESIAN_POINT('',(-4.445,14.77,0.));
#417=ORIENTED_EDGE('',*,*,#418,.T.);
#418=EDGE_CURVE('',#413,#419,#150,.T.);
#419=VERTEX_POINT('',#420);
#420=CARTESIAN_POINT('',(-10.5,15.71,0.));
#421=ORIENTED_EDGE('',*,*,#422,.T.);
#422=EDGE_CURVE('',#419,#423,#425,.T.);
#423=VERTEX_POINT('',#424);
#424=CARTESIAN_POINT('',(-8.89,15.71,0.));
#425=LINE('',#426,#131);
#426=CARTESIAN_POINT('',(-6.055,15.71,0.));
#427=ORIENTED_EDGE('',*,*,#428,.T.);
#428=EDGE_CURVE('',#423,#429,#431,.T.);
#429=VERTEX_POINT('',#430);
#430=CARTESIAN_POINT('',(-8.89,17.31,0.));
#431=CIRCLE('',#432,0.8);
#432=AXIS2_PLACEMENT_3D('',#433,#13,#176);
#433=CARTESIAN_POINT('',(-8.89,16.51,0.));
#434=ORIENTED_EDGE('',*,*,#435,.T.);
#435=EDGE_CURVE('',#429,#436,#438,.T.);
#436=VERTEX_POINT('',#437);
#437=CARTESIAN_POINT('',(-10.5,17.31,0.));
#438=LINE('',#439,#209);
#439=CARTESIAN_POINT('',(-4.445,17.31,0.));
#440=ORIENTED_EDGE('',*,*,#441,.T.);
#441=EDGE_CURVE('',#436,#442,#150,.T.);
#442=VERTEX_POINT('',#443);
#443=CARTESIAN_POINT('',(-10.5,18.25,0.));
#444=ORIENTED_EDGE('',*,*,#445,.T.);
#445=EDGE_CURVE('',#442,#446,#448,.T.);
#446=VERTEX_POINT('',#447);
#447=CARTESIAN_POINT('',(-8.89,18.25,0.));
#448=LINE('',#449,#131);
#449=CARTESIAN_POINT('',(-6.055,18.25,0.));
#450=ORIENTED_EDGE('',*,*,#451,.T.);
#451=EDGE_CURVE('',#446,#452,#454,.T.);
#452=VERTEX_POINT('',#453);
#453=CARTESIAN_POINT('',(-8.89,19.85,0.));
#454=CIRCLE('',#455,0.8);
#455=AXIS2_PLACEMENT_3D('',#456,#13,#176);
#456=CARTESIAN_POINT('',(-8.89,19.05,0.));
#457=ORIENTED_EDGE('',*,*,#458,.T.);
#458=EDGE_CURVE('',#452,#459,#461,.T.);
#459=VERTEX_POINT('',#460);
#460=CARTESIAN_POINT('',(-10.5,19.85,0.));
#461=LINE('',#462,#209);
#462=CARTESIAN_POINT('',(-4.445,19.85,0.));
#463=ORIENTED_EDGE('',*,*,#464,.T.);
#464=EDGE_CURVE('',#459,#465,#150,.T.);
#465=VERTEX_POINT('',#466);
#466=CARTESIAN_POINT('',(-10.5,20.79,0.));
#467=ORIENTED_EDGE('',*,*,#468,.T.);
#468=EDGE_CURVE('',#465,#469,#471,.T.);
#469=VERTEX_POINT('',#470);
#470=CARTESIAN_POINT('',(-8.89,20.79,0.));
#471=LINE('',#472,#131);
#472=CARTESIAN_POINT('',(-6.055,20.79,0.));
#473=ORIENTED_EDGE('',*,*,#474,.T.);
#474=EDGE_CURVE('',#469,#475,#477,.T.);
#475=VERTEX_POINT('',#476);
#476=CARTESIAN_POINT('',(-8.89,22.39,0.));
#477=CIRCLE('',#478,0.8);
#478=AXIS2_PLACEMENT_3D('',#479,#13,#176);
#479=CARTESIAN_POINT('',(-8.89,21.59,0.));
#480=ORIENTED_EDGE('',*,*,#481,.T.);
#481=EDGE_CURVE('',#475,#482,#484,.T.);
#482=VERTEX_POINT('',#483);
#483=CARTESIAN_POINT('',(-10.5,22.39,0.));
#484=LINE('',#485,#209);
#485=CARTESIAN_POINT('',(-4.445,22.39,0.));
#486=ORIENTED_EDGE('',*,*,#487,.T.);
#487=EDGE_CURVE('',#482,#488,#150,.T.);
#488=VERTEX_POINT('',#489);
#489=CARTESIAN_POINT('',(-10.5,23.33,0.));
#490=ORIENTED_EDGE('',*,*,#491,.T.);
#491=EDGE_CURVE('',#488,#492,#494,.T.);
#492=VERTEX_POINT('',#493);
#493=CARTESIAN_POINT('',(-8.89,23.33,0.));
#494=LINE('',#495,#131);
#495=CARTESIAN_POINT('',(-6.055,23.33,0.));
#496=ORIENTED_EDGE('',*,*,#497,.T.);
#497=EDGE_CURVE('',#492,#498,#500,.T.);
#498=VERTEX_POINT('',#499);
#499=CARTESIAN_POINT('',(-8.89,24.93,0.));
#500=CIRCLE('',#501,0.8);
#501=AXIS2_PLACEMENT_3D('',#502,#13,#176);
#502=CARTESIAN_POINT('',(-8.89,24.13,0.));
#503=ORIENTED_EDGE('',*,*,#504,.T.);
#504=EDGE_CURVE('',#498,#148,#505,.T.);
#505=LINE('',#506,#209);
#506=CARTESIAN_POINT('',(-4.445,24.93,0.));
#507=ORIENTED_EDGE('',*,*,#147,.T.);
#508=ORIENTED_EDGE('',*,*,#138,.T.);
#509=ORIENTED_EDGE('',*,*,#171,.T.);
#510=ORIENTED_EDGE('',*,*,#511,.T.);
#511=EDGE_CURVE('',#172,#512,#514,.T.);
#512=VERTEX_POINT('',#513);
#513=CARTESIAN_POINT('',(8.89,24.93,0.));
#514=LINE('',#515,#209);
#515=CARTESIAN_POINT('',(6.055,24.93,0.));
#516=ORIENTED_EDGE('',*,*,#517,.T.);
#517=EDGE_CURVE('',#512,#518,#520,.T.);
#518=VERTEX_POINT('',#519);
#519=CARTESIAN_POINT('',(8.89,23.33,0.));
#520=CIRCLE('',#521,0.8);
#521=AXIS2_PLACEMENT_3D('',#522,#13,#142);
#522=CARTESIAN_POINT('',(8.89,24.13,0.));
#523=ORIENTED_EDGE('',*,*,#524,.T.);
#524=EDGE_CURVE('',#518,#525,#527,.T.);
#525=VERTEX_POINT('',#526);
#526=CARTESIAN_POINT('',(10.5,23.33,0.));
#527=LINE('',#528,#131);
#528=CARTESIAN_POINT('',(4.445,23.33,0.));
#529=ORIENTED_EDGE('',*,*,#530,.T.);
#530=EDGE_CURVE('',#525,#531,#174,.T.);
#531=VERTEX_POINT('',#532);
#532=CARTESIAN_POINT('',(10.5,22.39,0.));
#533=ORIENTED_EDGE('',*,*,#534,.T.);
#534=EDGE_CURVE('',#531,#535,#537,.T.);
#535=VERTEX_POINT('',#536);
#536=CARTESIAN_POINT('',(8.89,22.39,0.));
#537=LINE('',#538,#209);
#538=CARTESIAN_POINT('',(6.055,22.39,0.));
#539=ORIENTED_EDGE('',*,*,#540,.T.);
#540=EDGE_CURVE('',#535,#541,#543,.T.);
#541=VERTEX_POINT('',#542);
#542=CARTESIAN_POINT('',(8.89,20.79,0.));
#543=CIRCLE('',#544,0.8);
#544=AXIS2_PLACEMENT_3D('',#545,#13,#142);
#545=CARTESIAN_POINT('',(8.89,21.59,0.));
#546=ORIENTED_EDGE('',*,*,#547,.T.);
#547=EDGE_CURVE('',#541,#548,#550,.T.);
#548=VERTEX_POINT('',#549);
#549=CARTESIAN_POINT('',(10.5,20.79,0.));
#550=LINE('',#551,#131);
#551=CARTESIAN_POINT('',(4.445,20.79,0.));
#552=ORIENTED_EDGE('',*,*,#553,.T.);
#553=EDGE_CURVE('',#548,#554,#174,.T.);
#554=VERTEX_POINT('',#555);
#555=CARTESIAN_POINT('',(10.5,19.85,0.));
#556=ORIENTED_EDGE('',*,*,#557,.T.);
#557=EDGE_CURVE('',#554,#558,#560,.T.);
#558=VERTEX_POINT('',#559);
#559=CARTESIAN_POINT('',(8.89,19.85,0.));
#560=LINE('',#561,#209);
#561=CARTESIAN_POINT('',(6.055,19.85,0.));
#562=ORIENTED_EDGE('',*,*,#563,.T.);
#563=EDGE_CURVE('',#558,#564,#566,.T.);
#564=VERTEX_POINT('',#565);
#565=CARTESIAN_POINT('',(8.89,18.25,0.));
#566=CIRCLE('',#567,0.8);
#567=AXIS2_PLACEMENT_3D('',#568,#13,#142);
#568=CARTESIAN_POINT('',(8.89,19.05,0.));
#569=ORIENTED_EDGE('',*,*,#570,.T.);
#570=EDGE_CURVE('',#564,#571,#573,.T.);
#571=VERTEX_POINT('',#572);
#572=CARTESIAN_POINT('',(10.5,18.25,0.));
#573=LINE('',#574,#131);
#574=CARTESIAN_POINT('',(4.445,18.25,0.));
#575=ORIENTED_EDGE('',*,*,#576,.T.);
#576=EDGE_CURVE('',#571,#577,#174,.T.);
#577=VERTEX_POINT('',#578);
#578=CARTESIAN_POINT('',(10.5,17.31,0.));
#579=ORIENTED_EDGE('',*,*,#580,.T.);
#580=EDGE_CURVE('',#577,#581,#583,.T.);
#581=VERTEX_POINT('',#582);
#582=CARTESIAN_POINT('',(8.89,17.31,0.));
#583=LINE('',#584,#209);
#584=CARTESIAN_POINT('',(6.055,17.31,0.));
#585=ORIENTED_EDGE('',*,*,#586,.T.);
#586=EDGE_CURVE('',#581,#587,#589,.T.);
#587=VERTEX_POINT('',#588);
#588=CARTESIAN_POINT('',(8.89,15.71,0.));
#589=CIRCLE('',#590,0.8);
#590=AXIS2_PLACEMENT_3D('',#591,#13,#142);
#591=CARTESIAN_POINT('',(8.89,16.51,0.));
#592=ORIENTED_EDGE('',*,*,#593,.T.);
#593=EDGE_CURVE('',#587,#594,#596,.T.);
#594=VERTEX_POINT('',#595);
#595=CARTESIAN_POINT('',(10.5,15.71,0.));
#596=LINE('',#597,#131);
#597=CARTESIAN_POINT('',(4.445,15.71,0.));
#598=ORIENTED_EDGE('',*,*,#599,.T.);
#599=EDGE_CURVE('',#594,#600,#174,.T.);
#600=VERTEX_POINT('',#601);
#601=CARTESIAN_POINT('',(10.5,14.77,0.));
#602=ORIENTED_EDGE('',*,*,#603,.T.);
#603=EDGE_CURVE('',#600,#604,#606,.T.);
#604=VERTEX_POINT('',#605);
#605=CARTESIAN_POINT('',(8.89,14.77,0.));
#606=LINE('',#607,#209);
#607=CARTESIAN_POINT('',(6.055,14.77,0.));
#608=ORIENTED_EDGE('',*,*,#609,.T.);
#609=EDGE_CURVE('',#604,#610,#612,.T.);
#610=VERTEX_POINT('',#611);
#611=CARTESIAN_POINT('',(8.89,13.17,0.));
#612=CIRCLE('',#613,0.8);
#613=AXIS2_PLACEMENT_3D('',#614,#13,#142);
#614=CARTESIAN_POINT('',(8.89,13.97,0.));
#615=ORIENTED_EDGE('',*,*,#616,.T.);
#616=EDGE_CURVE('',#610,#617,#619,.T.);
#617=VERTEX_POINT('',#618);
#618=CARTESIAN_POINT('',(10.5,13.17,0.));
#619=LINE('',#620,#131);
#620=CARTESIAN_POINT('',(4.445,13.17,0.));
#621=ORIENTED_EDGE('',*,*,#622,.T.);
#622=EDGE_CURVE('',#617,#623,#174,.T.);
#623=VERTEX_POINT('',#624);
#624=CARTESIAN_POINT('',(10.5,12.23,0.));
#625=ORIENTED_EDGE('',*,*,#626,.T.);
#626=EDGE_CURVE('',#623,#627,#629,.T.);
#627=VERTEX_POINT('',#628);
#628=CARTESIAN_POINT('',(8.89,12.23,0.));
#629=LINE('',#630,#209);
#630=CARTESIAN_POINT('',(6.055,12.23,0.));
#631=ORIENTED_EDGE('',*,*,#632,.T.);
#632=EDGE_CURVE('',#627,#633,#635,.T.);
#633=VERTEX_POINT('',#634);
#634=CARTESIAN_POINT('',(8.89,10.63,0.));
#635=CIRCLE('',#636,0.8);
#636=AXIS2_PLACEMENT_3D('',#637,#13,#142);
#637=CARTESIAN_POINT('',(8.89,11.43,0.));
#638=ORIENTED_EDGE('',*,*,#639,.T.);
#639=EDGE_CURVE('',#633,#640,#642,.T.);
#640=VERTEX_POINT('',#641);
#641=CARTESIAN_POINT('',(10.5,10.63,0.));
#642=LINE('',#643,#131);
#643=CARTESIAN_POINT('',(4.445,10.63,0.));
#644=ORIENTED_EDGE('',*,*,#645,.T.);
#645=EDGE_CURVE('',#640,#646,#174,.T.);
#646=VERTEX_POINT('',#647);
#647=CARTESIAN_POINT('',(10.5,9.69,0.));
#648=ORIENTED_EDGE('',*,*,#649,.T.);
#649=EDGE_CURVE('',#646,#650,#652,.T.);
#650=VERTEX_POINT('',#651);
#651=CARTESIAN_POINT('',(8.89,9.69,0.));
#652=LINE('',#653,#209);
#653=CARTESIAN_POINT('',(6.055,9.69,0.));
#654=ORIENTED_EDGE('',*,*,#655,.T.);
#655=EDGE_CURVE('',#650,#656,#658,.T.);
#656=VERTEX_POINT('',#657);
#657=CARTESIAN_POINT('',(8.89,8.09,0.));
#658=CIRCLE('',#659,0.8);
#659=AXIS2_PLACEMENT_3D('',#660,#13,#142);
#660=CARTESIAN_POINT('',(8.89,8.89,0.));
#661=ORIENTED_EDGE('',*,*,#662,.T.);
#662=EDGE_CURVE('',#656,#663,#665,.T.);
#663=VERTEX_POINT('',#664);
#664=CARTESIAN_POINT('',(10.5,8.09,0.));
#665=LINE('',#666,#131);
#666=CARTESIAN_POINT('',(4.445,8.09,0.));
#667=ORIENTED_EDGE('',*,*,#668,.T.);
#668=EDGE_CURVE('',#663,#669,#174,.T.);
#669=VERTEX_POINT('',#670);
#670=CARTESIAN_POINT('',(10.5,7.15,0.));
#671=ORIENTED_EDGE('',*,*,#672,.T.);
#672=EDGE_CURVE('',#669,#673,#675,.T.);
#673=VERTEX_POINT('',#674);
#674=CARTESIAN_POINT('',(8.89,7.15,0.));
#675=LINE('',#676,#209);
#676=CARTESIAN_POINT('',(6.055,7.15,0.));
#677=ORIENTED_EDGE('',*,*,#678,.T.);
#678=EDGE_CURVE('',#673,#679,#681,.T.);
#679=VERTEX_POINT('',#680);
#680=CARTESIAN_POINT('',(8.89,5.55,0.));
#681=CIRCLE('',#682,0.8);
#682=AXIS2_PLACEMENT_3D('',#683,#13,#142);
#683=CARTESIAN_POINT('',(8.89,6.35,0.));
#684=ORIENTED_EDGE('',*,*,#685,.T.);
#685=EDGE_CURVE('',#679,#686,#688,.T.);
#686=VERTEX_POINT('',#687);
#687=CARTESIAN_POINT('',(10.5,5.55,0.));
#688=LINE('',#689,#131);
#689=CARTESIAN_POINT('',(4.445,5.55,0.));
#690=ORIENTED_EDGE('',*,*,#691,.T.);
#691=EDGE_CURVE('',#686,#692,#174,.T.);
#692=VERTEX_POINT('',#693);
#693=CARTESIAN_POINT('',(10.5,4.61,0.));
#694=ORIENTED_EDGE('',*,*,#695,.T.);
#695=EDGE_CURVE('',#692,#696,#698,.T.);
#696=VERTEX_POINT('',#697);
#697=CARTESIAN_POINT('',(8.89,4.61,0.));
#698=LINE('',#699,#209);
#699=CARTESIAN_POINT('',(6.055,4.61,0.));
#700=ORIENTED_EDGE('',*,*,#701,.T.);
#701=EDGE_CURVE('',#696,#702,#704,.T.);
#702=VERTEX_POINT('',#703);
#703=CARTESIAN_POINT('',(8.89,3.01,0.));
#704=CIRCLE('',#705,0.8);
#705=AXIS2_PLACEMENT_3D('',#706,#13,#142);
#706=CARTESIAN_POINT('',(8.89,3.81,0.));
#707=ORIENTED_EDGE('',*,*,#708,.T.);
#708=EDGE_CURVE('',#702,#709,#711,.T.);
#709=VERTEX_POINT('',#710);
#710=CARTESIAN_POINT('',(10.5,3.01,0.));
#711=LINE('',#712,#131);
#712=CARTESIAN_POINT('',(4.445,3.01,0.));
#713=ORIENTED_EDGE('',*,*,#714,.T.);
#714=EDGE_CURVE('',#709,#715,#174,.T.);
#715=VERTEX_POINT('',#716);
#716=CARTESIAN_POINT('',(10.5,2.07,0.));
#717=ORIENTED_EDGE('',*,*,#718,.T.);
#718=EDGE_CURVE('',#715,#719,#721,.T.);
#719=VERTEX_POINT('',#720);
#720=CARTESIAN_POINT('',(8.89,2.07,0.));
#721=LINE('',#722,#209);
#722=CARTESIAN_POINT('',(6.055,2.07,0.));
#723=ORIENTED_EDGE('',*,*,#724,.T.);
#724=EDGE_CURVE('',#719,#725,#727,.T.);
#725=VERTEX_POINT('',#726);
#726=CARTESIAN_POINT('',(8.89,0.47,0.));
#727=CIRCLE('',#728,0.8);
#728=AXIS2_PLACEMENT_3D('',#729,#13,#142);
#729=CARTESIAN_POINT('',(8.89,1.27,0.));
#730=ORIENTED_EDGE('',*,*,#731,.T.);
#731=EDGE_CURVE('',#725,#732,#734,.T.);
#732=VERTEX_POINT('',#733);
#733=CARTESIAN_POINT('',(10.5,0.47,0.));
#734=LINE('',#735,#131);
#735=CARTESIAN_POINT('',(4.445,0.47,0.));
#736=ORIENTED_EDGE('',*,*,#737,.T.);
#737=EDGE_CURVE('',#732,#738,#174,.T.);
#738=VERTEX_POINT('',#739);
#739=CARTESIAN_POINT('',(10.5,-0.47,0.));
#740=ORIENTED_EDGE('',*,*,#741,.T.);
#741=EDGE_CURVE('',#738,#742,#744,.T.);
#742=VERTEX_POINT('',#743);
#743=CARTESIAN_POINT('',(8.89,-0.47,0.));
#744=LINE('',#745,#209);
#745=CARTESIAN_POINT('',(6.055,-0.47,0.));
#746=ORIENTED_EDGE('',*,*,#747,.T.);
#747=EDGE_CURVE('',#742,#748,#750,.T.);
#748=VERTEX_POINT('',#749);
#749=CARTESIAN_POINT('',(8.89,-2.07,0.));
#750=CIRCLE('',#751,0.8);
#751=AXIS2_PLACEMENT_3D('',#752,#13,#142);
#752=CARTESIAN_POINT('',(8.89,-1.27,0.));
#753=ORIENTED_EDGE('',*,*,#754,.T.);
#754=EDGE_CURVE('',#748,#755,#757,.T.);
#755=VERTEX_POINT('',#756);
#756=CARTESIAN_POINT('',(10.5,-2.07,0.));
#757=LINE('',#758,#131);
#758=CARTESIAN_POINT('',(4.445,-2.07,0.));
#759=ORIENTED_EDGE('',*,*,#760,.T.);
#760=EDGE_CURVE('',#755,#761,#174,.T.);
#761=VERTEX_POINT('',#762);
#762=CARTESIAN_POINT('',(10.5,-3.01,0.));
#763=ORIENTED_EDGE('',*,*,#764,.T.);
#764=EDGE_CURVE('',#761,#765,#767,.T.);
#765=VERTEX_POINT('',#766);
#766=CARTESIAN_POINT('',(8.89,-3.01,0.));
#767=LINE('',#768,#209);
#768=CARTESIAN_POINT('',(6.055,-3.01,0.));
#769=ORIENTED_EDGE('',*,*,#770,.T.);
#770=EDGE_CURVE('',#765,#771,#773,.T.);
#771=VERTEX_POINT('',#772);
#772=CARTESIAN_POINT('',(8.89,-4.61,0.));
#773=CIRCLE('',#774,0.8);
#774=AXIS2_PLACEMENT_3D('',#775,#13,#142);
#775=CARTESIAN_POINT('',(8.89,-3.81,0.));
#776=ORIENTED_EDGE('',*,*,#777,.T.);
#777=EDGE_CURVE('',#771,#778,#780,.T.);
#778=VERTEX_POINT('',#779);
#779=CARTESIAN_POINT('',(10.5,-4.61,0.));
#780=LINE('',#781,#131);
#781=CARTESIAN_POINT('',(4.445,-4.61,0.));
#782=ORIENTED_EDGE('',*,*,#783,.T.);
#783=EDGE_CURVE('',#778,#784,#174,.T.);
#784=VERTEX_POINT('',#785);
#785=CARTESIAN_POINT('',(10.5,-5.55,0.));
#786=ORIENTED_EDGE('',*,*,#787,.T.);
#787=EDGE_CURVE('',#784,#788,#790,.T.);
#788=VERTEX_POINT('',#789);
#789=CARTESIAN_POINT('',(8.89,-5.55,0.));
#790=LINE('',#791,#209);
#791=CARTESIAN_POINT('',(6.055,-5.55,0.));
#792=ORIENTED_EDGE('',*,*,#793,.T.);
#793=EDGE_CURVE('',#788,#794,#796,.T.);
#794=VERTEX_POINT('',#795);
#795=CARTESIAN_POINT('',(8.89,-7.15,0.));
#796=CIRCLE('',#797,0.8);
#797=AXIS2_PLACEMENT_3D('',#798,#13,#142);
#798=CARTESIAN_POINT('',(8.89,-6.35,0.));
#799=ORIENTED_EDGE('',*,*,#800,.T.);
#800=EDGE_CURVE('',#794,#801,#803,.T.);
#801=VERTEX_POINT('',#802);
#802=CARTESIAN_POINT('',(10.5,-7.15,0.));
#803=LINE('',#804,#131);
#804=CARTESIAN_POINT('',(4.445,-7.15,0.));
#805=ORIENTED_EDGE('',*,*,#806,.T.);
#806=EDGE_CURVE('',#801,#807,#174,.T.);
#807=VERTEX_POINT('',#808);
#808=CARTESIAN_POINT('',(10.5,-8.09,0.));
#809=ORIENTED_EDGE('',*,*,#810,.T.);
#810=EDGE_CURVE('',#807,#811,#813,.T.);
#811=VERTEX_POINT('',#812);
#812=CARTESIAN_POINT('',(8.89,-8.09,0.));
#813=LINE('',#814,#209);
#814=CARTESIAN_POINT('',(6.055,-8.09,0.));
#815=ORIENTED_EDGE('',*,*,#816,.T.);
#816=EDGE_CURVE('',#811,#817,#819,.T.);
#817=VERTEX_POINT('',#818);
#818=CARTESIAN_POINT('',(8.89,-9.69,0.));
#819=CIRCLE('',#820,0.8);
#820=AXIS2_PLACEMENT_3D('',#821,#13,#142);
#821=CARTESIAN_POINT('',(8.89,-8.89,0.));
#822=ORIENTED_EDGE('',*,*,#823,.T.);
#823=EDGE_CURVE('',#817,#824,#826,.T.);
#824=VERTEX_POINT('',#825);
#825=CARTESIAN_POINT('',(10.5,-9.69,0.));
#826=LINE('',#827,#131);
#827=CARTESIAN_POINT('',(4.445,-9.69,0.));
#828=ORIENTED_EDGE('',*,*,#829,.T.);
#829=EDGE_CURVE('',#824,#830,#174,.T.);
#830=VERTEX_POINT('',#831);
#831=CARTESIAN_POINT('',(10.5,-10.63,0.));
#832=ORIENTED_EDGE('',*,*,#833,.T.);
#833=EDGE_CURVE('',#830,#834,#836,.T.);
#834=VERTEX_POINT('',#835);
#835=CARTESIAN_POINT('',(8.89,-10.63,0.));
#836=LINE('',#837,#209);
#837=CARTESIAN_POINT('',(6.055,-10.63,0.));
#838=ORIENTED_EDGE('',*,*,#839,.T.);
#839=EDGE_CURVE('',#834,#840,#842,.T.);
#840=VERTEX_POINT('',#841);
#841=CARTESIAN_POINT('',(8.89,-12.23,0.));
#842=CIRCLE('',#843,0.8);
#843=AXIS2_PLACEMENT_3D('',#844,#13,#142);
#844=CARTESIAN_POINT('',(8.89,-11.43,0.));
#845=ORIENTED_EDGE('',*,*,#846,.T.);
#846=EDGE_CURVE('',#840,#847,#849,.T.);
#847=VERTEX_POINT('',#848);
#848=CARTESIAN_POINT('',(10.5,-12.23,0.));
#849=LINE('',#850,#131);
#850=CARTESIAN_POINT('',(4.445,-12.23,0.));
#851=ORIENTED_EDGE('',*,*,#852,.T.);
#852=EDGE_CURVE('',#847,#853,#174,.T.);
#853=VERTEX_POINT('',#854);
#854=CARTESIAN_POINT('',(10.5,-13.17,0.));
#855=ORIENTED_EDGE('',*,*,#856,.T.);
#856=EDGE_CURVE('',#853,#857,#859,.T.);
#857=VERTEX_POINT('',#858);
#858=CARTESIAN_POINT('',(8.89,-13.17,0.));
#859=LINE('',#860,#209);
#860=CARTESIAN_POINT('',(6.055,-13.17,0.));
#861=ORIENTED_EDGE('',*,*,#862,.T.);
#862=EDGE_CURVE('',#857,#863,#865,.T.);
#863=VERTEX_POINT('',#864);
#864=CARTESIAN_POINT('',(8.89,-14.77,0.));
#865=CIRCLE('',#866,0.8);
#866=AXIS2_PLACEMENT_3D('',#867,#13,#142);
#867=CARTESIAN_POINT('',(8.89,-13.97,0.));
#868=ORIENTED_EDGE('',*,*,#869,.T.);
#869=EDGE_CURVE('',#863,#870,#872,.T.);
#870=VERTEX_POINT('',#871);
#871=CARTESIAN_POINT('',(10.5,-14.77,0.));
#872=LINE('',#873,#131);
#873=CARTESIAN_POINT('',(4.445,-14.77,0.));
#874=ORIENTED_EDGE('',*,*,#875,.T.);
#875=EDGE_CURVE('',#870,#876,#174,.T.);
#876=VERTEX_POINT('',#877);
#877=CARTESIAN_POINT('',(10.5,-15.71,0.));
#878=ORIENTED_EDGE('',*,*,#879,.T.);
#879=EDGE_CURVE('',#876,#880,#882,.T.);
#880=VERTEX_POINT('',#881);
#881=CARTESIAN_POINT('',(8.89,-15.71,0.));
#882=LINE('',#883,#209);
#883=CARTESIAN_POINT('',(6.055,-15.71,0.));
#884=ORIENTED_EDGE('',*,*,#885,.T.);
#885=EDGE_CURVE('',#880,#886,#888,.T.);
#886=VERTEX_POINT('',#887);
#887=CARTESIAN_POINT('',(8.89,-17.31,0.));
#888=CIRCLE('',#889,0.8);
#889=AXIS2_PLACEMENT_3D('',#890,#13,#142);
#890=CARTESIAN_POINT('',(8.89,-16.51,0.));
#891=ORIENTED_EDGE('',*,*,#892,.T.);
#892=EDGE_CURVE('',#886,#893,#895,.T.);
#893=VERTEX_POINT('',#894);
#894=CARTESIAN_POINT('',(10.5,-17.31,0.));
#895=LINE('',#896,#131);
#896=CARTESIAN_POINT('',(4.445,-17.31,0.));
#897=ORIENTED_EDGE('',*,*,#898,.T.);
#898=EDGE_CURVE('',#893,#899,#174,.T.);
#899=VERTEX_POINT('',#900);
#900=CARTESIAN_POINT('',(10.5,-18.25,0.));
#901=ORIENTED_EDGE('',*,*,#902,.T.);
#902=EDGE_CURVE('',#899,#903,#905,.T.);
#903=VERTEX_POINT('',#904);
#904=CARTESIAN_POINT('',(8.89,-18.25,0.));
#905=LINE('',#906,#209);
#906=CARTESIAN_POINT('',(6.055,-18.25,0.));
#907=ORIENTED_EDGE('',*,*,#908,.T.);
#908=EDGE_CURVE('',#903,#909,#911,.T.);
#909=VERTEX_POINT('',#910);
#910=CARTESIAN_POINT('',(8.89,-19.85,0.));
#911=CIRCLE('',#912,0.8);
#912=AXIS2_PLACEMENT_3D('',#913,#13,#142);
#913=CARTESIAN_POINT('',(8.89,-19.05,0.));
#914=ORIENTED_EDGE('',*,*,#915,.T.);
#915=EDGE_CURVE('',#909,#916,#918,.T.);
#916=VERTEX_POINT('',#917);
#917=CARTESIAN_POINT('',(10.5,-19.85,0.));
#918=LINE('',#919,#131);
#919=CARTESIAN_POINT('',(4.445,-19.85,0.));
#920=ORIENTED_EDGE('',*,*,#921,.T.);
#921=EDGE_CURVE('',#916,#922,#174,.T.);
#922=VERTEX_POINT('',#923);
#923=CARTESIAN_POINT('',(10.5,-20.79,0.));
#924=ORIENTED_EDGE('',*,*,#925,.T.);
#925=EDGE_CURVE('',#922,#926,#928,.T.);
#926=VERTEX_POINT('',#927);
#927=CARTESIAN_POINT('',(8.89,-20.79,0.));
#928=LINE('',#929,#209);
#929=CARTESIAN_POINT('',(6.055,-20.79,0.));
#930=ORIENTED_EDGE('',*,*,#931,.T.);
#931=EDGE_CURVE('',#926,#932,#934,.T.);
#932=VERTEX_POINT('',#933);
#933=CARTESIAN_POINT('',(8.89,-22.39,0.));
#934=CIRCLE('',#935,0.8);
#935=AXIS2_PLACEMENT_3D('',#936,#13,#142);
#936=CARTESIAN_POINT('',(8.89,-21.59,0.));
#937=ORIENTED_EDGE('',*,*,#938,.T.);
#938=EDGE_CURVE('',#932,#939,#941,.T.);
#939=VERTEX_POINT('',#940);
#940=CARTESIAN_POINT('',(10.5,-22.39,0.));
#941=LINE('',#942,#131);
#942=CARTESIAN_POINT('',(4.445,-22.39,0.));
#943=ORIENTED_EDGE('',*,*,#944,.T.);
#944=EDGE_CURVE('',#939,#945,#174,.T.);
#945=VERTEX_POINT('',#946);
#946=CARTESIAN_POINT('',(10.5,-23.33,0.));
#947=ORIENTED_EDGE('',*,*,#948,.T.);
#948=EDGE_CURVE('',#945,#949,#951,.T.);
#949=VERTEX_POINT('',#950);
#950=CARTESIAN_POINT('',(8.89,-23.33,0.));
#951=LINE('',#952,#209);
#952=CARTESIAN_POINT('',(6.055,-23.33,0.));
#953=ORIENTED_EDGE('',*,*,#954,.T.);
#954=EDGE_CURVE('',#949,#955,#957,.T.);
#955=VERTEX_POINT('',#956);
#956=CARTESIAN_POINT('',(8.89,-24.93,0.));
#957=CIRCLE('',#958,0.8);
#958=AXIS2_PLACEMENT_3D('',#959,#13,#142);
#959=CARTESIAN_POINT('',(8.89,-24.13,0.));
#960=ORIENTED_EDGE('',*,*,#961,.T.);
#961=EDGE_CURVE('',#955,#962,#964,.T.);
#962=VERTEX_POINT('',#963);
#963=CARTESIAN_POINT('',(10.5,-24.93,0.));
#964=LINE('',#965,#131);
#965=CARTESIAN_POINT('',(4.445,-24.93,0.));
#966=ORIENTED_EDGE('',*,*,#967,.T.);
#967=EDGE_CURVE('',#962,#968,#174,.T.);
#968=VERTEX_POINT('',#969);
#969=CARTESIAN_POINT('',(10.5,-25.5,0.));
#970=ORIENTED_EDGE('',*,*,#971,.T.);
#971=EDGE_CURVE('',#968,#972,#973,.T.);
#972=VERTEX_POINT('',#151);
#973=LINE('',#969,#209);
#974=ORIENTED_EDGE('',*,*,#975,.T.);
#975=EDGE_CURVE('',#972,#976,#150,.T.);
#976=VERTEX_POINT('',#977);
#977=CARTESIAN_POINT('',(-10.5,-24.93,0.));
#978=ORIENTED_EDGE('',*,*,#979,.T.);
#979=EDGE_CURVE('',#976,#980,#982,.T.);
#980=VERTEX_POINT('',#981);
#981=CARTESIAN_POINT('',(-8.89,-24.93,0.));
#982=LINE('',#983,#131);
#983=CARTESIAN_POINT('',(-6.055,-24.93,0.));
#984=ORIENTED_EDGE('',*,*,#985,.T.);
#985=EDGE_CURVE('',#980,#986,#988,.T.);
#986=VERTEX_POINT('',#987);
#987=CARTESIAN_POINT('',(-8.89,-23.33,0.));
#988=CIRCLE('',#989,0.8);
#989=AXIS2_PLACEMENT_3D('',#990,#13,#176);
#990=CARTESIAN_POINT('',(-8.89,-24.13,0.));
#991=ORIENTED_EDGE('',*,*,#992,.T.);
#992=EDGE_CURVE('',#986,#993,#995,.T.);
#993=VERTEX_POINT('',#994);
#994=CARTESIAN_POINT('',(-10.5,-23.33,0.));
#995=LINE('',#996,#209);
#996=CARTESIAN_POINT('',(-4.445,-23.33,0.));
#997=ORIENTED_EDGE('',*,*,#998,.T.);
#998=EDGE_CURVE('',#993,#999,#150,.T.);
#999=VERTEX_POINT('',#1000);
#1000=CARTESIAN_POINT('',(-10.5,-22.39,0.));
#1001=ORIENTED_EDGE('',*,*,#1002,.T.);
#1002=EDGE_CURVE('',#999,#1003,#1005,.T.);
#1003=VERTEX_POINT('',#1004);
#1004=CARTESIAN_POINT('',(-8.89,-22.39,0.));
#1005=LINE('',#1006,#131);
#1006=CARTESIAN_POINT('',(-6.055,-22.39,0.));
#1007=ORIENTED_EDGE('',*,*,#1008,.T.);
#1008=EDGE_CURVE('',#1003,#1009,#1011,.T.);
#1009=VERTEX_POINT('',#1010);
#1010=CARTESIAN_POINT('',(-8.89,-20.79,0.));
#1011=CIRCLE('',#1012,0.8);
#1012=AXIS2_PLACEMENT_3D('',#1013,#13,#176);
#1013=CARTESIAN_POINT('',(-8.89,-21.59,0.));
#1014=ORIENTED_EDGE('',*,*,#1015,.T.);
#1015=EDGE_CURVE('',#1009,#1016,#1018,.T.);
#1016=VERTEX_POINT('',#1017);
#1017=CARTESIAN_POINT('',(-10.5,-20.79,0.));
#1018=LINE('',#1019,#209);
#1019=CARTESIAN_POINT('',(-4.445,-20.79,0.));
#1020=ORIENTED_EDGE('',*,*,#1021,.T.);
#1021=EDGE_CURVE('',#1016,#1022,#150,.T.);
#1022=VERTEX_POINT('',#1023);
#1023=CARTESIAN_POINT('',(-10.5,-19.85,0.));
#1024=ORIENTED_EDGE('',*,*,#1025,.T.);
#1025=EDGE_CURVE('',#1022,#1026,#1028,.T.);
#1026=VERTEX_POINT('',#1027);
#1027=CARTESIAN_POINT('',(-8.89,-19.85,0.));
#1028=LINE('',#1029,#131);
#1029=CARTESIAN_POINT('',(-6.055,-19.85,0.));
#1030=ORIENTED_EDGE('',*,*,#1031,.T.);
#1031=EDGE_CURVE('',#1026,#1032,#1034,.T.);
#1032=VERTEX_POINT('',#1033);
#1033=CARTESIAN_POINT('',(-8.89,-18.25,0.));
#1034=CIRCLE('',#1035,0.8);
#1035=AXIS2_PLACEMENT_3D('',#1036,#13,#176);
#1036=CARTESIAN_POINT('',(-8.89,-19.05,0.));
#1037=ORIENTED_EDGE('',*,*,#1038,.T.);
#1038=EDGE_CURVE('',#1032,#1039,#1041,.T.);
#1039=VERTEX_POINT('',#1040);
#1040=CARTESIAN_POINT('',(-10.5,-18.25,0.));
#1041=LINE('',#1042,#209);
#1042=CARTESIAN_POINT('',(-4.445,-18.25,0.));
#1043=ORIENTED_EDGE('',*,*,#1044,.T.);
#1044=EDGE_CURVE('',#1039,#1045,#150,.T.);
#1045=VERTEX_POINT('',#1046);
#1046=CARTESIAN_POINT('',(-10.5,-17.31,0.));
#1047=ORIENTED_EDGE('',*,*,#1048,.T.);
#1048=EDGE_CURVE('',#1045,#1049,#1051,.T.);
#1049=VERTEX_POINT('',#1050);
#1050=CARTESIAN_POINT('',(-8.89,-17.31,0.));
#1051=LINE('',#1052,#131);
#1052=CARTESIAN_POINT('',(-6.055,-17.31,0.));
#1053=ORIENTED_EDGE('',*,*,#1054,.T.);
#1054=EDGE_CURVE('',#1049,#1055,#1057,.T.);
#1055=VERTEX_POINT('',#1056);
#1056=CARTESIAN_POINT('',(-8.89,-15.71,0.));
#1057=CIRCLE('',#1058,0.8);
#1058=AXIS2_PLACEMENT_3D('',#1059,#13,#176);
#1059=CARTESIAN_POINT('',(-8.89,-16.51,0.));
#1060=ORIENTED_EDGE('',*,*,#1061,.T.);
#1061=EDGE_CURVE('',#1055,#1062,#1064,.T.);
#1062=VERTEX_POINT('',#1063);
#1063=CARTESIAN_POINT('',(-10.5,-15.71,0.));
#1064=LINE('',#1065,#209);
#1065=CARTESIAN_POINT('',(-4.445,-15.71,0.));
#1066=ORIENTED_EDGE('',*,*,#1067,.T.);
#1067=EDGE_CURVE('',#1062,#1068,#150,.T.);
#1068=VERTEX_POINT('',#1069);
#1069=CARTESIAN_POINT('',(-10.5,-14.77,0.));
#1070=ORIENTED_EDGE('',*,*,#1071,.T.);
#1071=EDGE_CURVE('',#1068,#1072,#1074,.T.);
#1072=VERTEX_POINT('',#1073);
#1073=CARTESIAN_POINT('',(-8.89,-14.77,0.));
#1074=LINE('',#1075,#131);
#1075=CARTESIAN_POINT('',(-6.055,-14.77,0.));
#1076=ORIENTED_EDGE('',*,*,#1077,.T.);
#1077=EDGE_CURVE('',#1072,#1078,#1080,.T.);
#1078=VERTEX_POINT('',#1079);
#1079=CARTESIAN_POINT('',(-8.89,-13.17,0.));
#1080=CIRCLE('',#1081,0.8);
#1081=AXIS2_PLACEMENT_3D('',#1082,#13,#176);
#1082=CARTESIAN_POINT('',(-8.89,-13.97,0.));
#1083=ORIENTED_EDGE('',*,*,#1084,.T.);
#1084=EDGE_CURVE('',#1078,#1085,#1087,.T.);
#1085=VERTEX_POINT('',#1086);
#1086=CARTESIAN_POINT('',(-10.5,-13.17,0.));
#1087=LINE('',#1088,#209);
#1088=CARTESIAN_POINT('',(-4.445,-13.17,0.));
#1089=ORIENTED_EDGE('',*,*,#1090,.T.);
#1090=EDGE_CURVE('',#1085,#1091,#150,.T.);
#1091=VERTEX_POINT('',#1092);
#1092=CARTESIAN_POINT('',(-10.5,-12.23,0.));
#1093=ORIENTED_EDGE('',*,*,#1094,.T.);
#1094=EDGE_CURVE('',#1091,#1095,#1097,.T.);
#1095=VERTEX_POINT('',#1096);
#1096=CARTESIAN_POINT('',(-8.89,-12.23,0.));
#1097=LINE('',#1098,#131);
#1098=CARTESIAN_POINT('',(-6.055,-12.23,0.));
#1099=ORIENTED_EDGE('',*,*,#1100,.T.);
#1100=EDGE_CURVE('',#1095,#1101,#1103,.T.);
#1101=VERTEX_POINT('',#1102);
#1102=CARTESIAN_POINT('',(-8.89,-10.63,0.));
#1103=CIRCLE('',#1104,0.8);
#1104=AXIS2_PLACEMENT_3D('',#1105,#13,#176);
#1105=CARTESIAN_POINT('',(-8.89,-11.43,0.));
#1106=ORIENTED_EDGE('',*,*,#1107,.T.);
#1107=EDGE_CURVE('',#1101,#1108,#1110,.T.);
#1108=VERTEX_POINT('',#1109);
#1109=CARTESIAN_POINT('',(-10.5,-10.63,0.));
#1110=LINE('',#1111,#209);
#1111=CARTESIAN_POINT('',(-4.445,-10.63,0.));
#1112=ORIENTED_EDGE('',*,*,#1113,.T.);
#1113=EDGE_CURVE('',#1108,#1114,#150,.T.);
#1114=VERTEX_POINT('',#1115);
#1115=CARTESIAN_POINT('',(-10.5,-9.69,0.));
#1116=ORIENTED_EDGE('',*,*,#1117,.T.);
#1117=EDGE_CURVE('',#1114,#196,#1118,.T.);
#1118=LINE('',#1119,#131);
#1119=CARTESIAN_POINT('',(-6.055,-9.69,0.));
#1120=FACE_BOUND('',#1121,.T.);
#1121=EDGE_LOOP('',(#1122));
#1122=ORIENTED_EDGE('',*,*,#1123,.T.);
#1123=EDGE_CURVE('',#1124,#1124,#1126,.T.);
#1124=VERTEX_POINT('',#1125);
#1125=CARTESIAN_POINT('',(6.75,-23.5,0.));
#1126=CIRCLE('',#1127,1.05);
#1127=AXIS2_PLACEMENT_3D('',#1128,#13,#14);
#1128=CARTESIAN_POINT('',(5.7,-23.5,0.));
#1129=FACE_BOUND('',#1130,.T.);
#1130=EDGE_LOOP('',(#1131));
#1131=ORIENTED_EDGE('',*,*,#1132,.T.);
#1132=EDGE_CURVE('',#1133,#1133,#1135,.T.);
#1133=VERTEX_POINT('',#1134);
#1134=CARTESIAN_POINT('',(6.1641,-5.7,0.));
#1135=CIRCLE('',#1136,0.5);
#1136=AXIS2_PLACEMENT_3D('',#1137,#13,#1138);
#1137=CARTESIAN_POINT('',(5.6641,-5.7,0.));
#1138=DIRECTION('',(1.,-1.7763568394E-15,0.));
#1139=FACE_BOUND('',#1140,.T.);
#1140=EDGE_LOOP('',(#1141));
#1141=ORIENTED_EDGE('',*,*,#1142,.T.);
#1142=EDGE_CURVE('',#1143,#1143,#1145,.T.);
#1143=VERTEX_POINT('',#1144);
#1144=CARTESIAN_POINT('',(3.6241,-5.7,0.));
#1145=CIRCLE('',#1146,0.5);
#1146=AXIS2_PLACEMENT_3D('',#1147,#13,#1138);
#1147=CARTESIAN_POINT('',(3.1241,-5.7,0.));
#1148=FACE_BOUND('',#1149,.T.);
#1149=EDGE_LOOP('',(#1150));
#1150=ORIENTED_EDGE('',*,*,#1151,.T.);
#1151=EDGE_CURVE('',#1152,#1152,#1154,.T.);
#1152=VERTEX_POINT('',#1153);
#1153=CARTESIAN_POINT('',(1.0841,-5.7,0.));
#1154=CIRCLE('',#1155,0.5);
#1155=AXIS2_PLACEMENT_3D('',#1156,#13,#1138);
#1156=CARTESIAN_POINT('',(0.5841,-5.7,0.));
#1157=FACE_BOUND('',#1158,.T.);
#1158=EDGE_LOOP('',(#1159));
#1159=ORIENTED_EDGE('',*,*,#1160,.T.);
#1160=EDGE_CURVE('',#1161,#1161,#1163,.T.);
#1161=VERTEX_POINT('',#1162);
#1162=CARTESIAN_POINT('',(-4.65,-23.5,0.));
#1163=CIRCLE('',#1164,1.05);
#1164=AXIS2_PLACEMENT_3D('',#1165,#13,#14);
#1165=CARTESIAN_POINT('',(-5.7,-23.5,0.));
#1166=FACE_BOUND('',#1167,.T.);
#1167=EDGE_LOOP('',(#1168));
#1168=ORIENTED_EDGE('',*,*,#1169,.T.);
#1169=EDGE_CURVE('',#1170,#1170,#1172,.T.);
#1170=VERTEX_POINT('',#1171);
#1171=CARTESIAN_POINT('',(6.75,23.5,0.));
#1172=CIRCLE('',#1173,1.05);
#1173=AXIS2_PLACEMENT_3D('',#1174,#13,#14);
#1174=CARTESIAN_POINT('',(5.7,23.5,0.));
#1175=FACE_BOUND('',#1176,.T.);
#1176=EDGE_LOOP('',(#1177));
#1177=ORIENTED_EDGE('',*,*,#1178,.T.);
#1178=EDGE_CURVE('',#1179,#1179,#1181,.T.);
#1179=VERTEX_POINT('',#1180);
#1180=CARTESIAN_POINT('',(-4.65,23.5,0.));
#1181=CIRCLE('',#1182,1.05);
#1182=AXIS2_PLACEMENT_3D('',#1183,#13,#14);
#1183=CARTESIAN_POINT('',(-5.7,23.5,0.));
#1184=PLANE('',#1185);
#1185=AXIS2_PLACEMENT_3D('',#12,#188,#166);
#1186=ADVANCED_FACE('',(#1187,#2111,#2120,#2129,#2138,#2147,#2156,#2165),#2174,.F.);
#1187=FACE_BOUND('',#1188,.F.);
#1188=EDGE_LOOP('',(#1189,#1198,#1204,#1208,#1214,#1221,#1227,#1231,#1237,#1244,#1250,#1254,#1260,#1267,#1273,#1277,#1283,#1290,#1296,#1300,#1306,#1313,#1319,#1323,#1329,#1336,#1342,#1346,#1352,#1359,#1365,#1369,#1375,#1382,#1388,#1392,#1398,#1405,#1411,#1415,#1421,#1428,#1434,#1438,#1444,#1451,#1457,#1461,#1467,#1474,#1480,#1484,#1490,#1497,#159,#126,#178,#1501,#1507,#1514,#1520,#1524,#1530,#1537,#1543,#1547,#1553,#1560,#1566,#1570,#1576,#1583,#1589,#1593,#1599,#1606,#1612,#1616,#1622,#1629,#1635,#1639,#1645,#1652,#1658,#1662,#1668,#1675,#1681,#1685,#1691,#1698,#1704,#1708,#1714,#1721,#1727,#1731,#1737,#1744,#1750,#1754,#1760,#1767,#1773,#1777,#1783,#1790,#1796,#1800,#1806,#1813,#1819,#1823,#1829,#1836,#1842,#1846,#1852,#1859,#1865,#1869,#1875,#1882,#1888,#1892,#1898,#1905,#1911,#1915,#1921,#1928,#1934,#1938,#1944,#1951,#1957,#1961,#1965,#1969,#1975,#1982,#1988,#1992,#1998,#2005,#2011,#2015,#2021,#2028,#2034,#2038,#2044,#2051,#2057,#2061,#2067,#2074,#2080,#2084,#2090,#2097,#2103,#2107));
#1189=ORIENTED_EDGE('',*,*,#1190,.F.);
#1190=EDGE_CURVE('',#1191,#1193,#1195,.T.);
#1191=VERTEX_POINT('',#1192);
#1192=CARTESIAN_POINT('',(-8.89,-8.09,1.6));
#1193=VERTEX_POINT('',#1194);
#1194=CARTESIAN_POINT('',(-8.89,-9.69,1.6));
#1195=CIRCLE('',#1196,0.8);
#1196=AXIS2_PLACEMENT_3D('',#1197,#188,#142);
#1197=CARTESIAN_POINT('',(-8.89,-8.89,1.6));
#1198=ORIENTED_EDGE('',*,*,#1199,.T.);
#1199=EDGE_CURVE('',#1191,#1200,#1202,.T.);
#1200=VERTEX_POINT('',#1201);
#1201=CARTESIAN_POINT('',(-10.5,-8.09,1.6));
#1202=LINE('',#1203,#209);
#1203=CARTESIAN_POINT('',(-4.445,-8.09,1.6));
#1204=ORIENTED_EDGE('',*,*,#1205,.T.);
#1205=EDGE_CURVE('',#1200,#1206,#161,.T.);
#1206=VERTEX_POINT('',#1207);
#1207=CARTESIAN_POINT('',(-10.5,-7.15,1.6));
#1208=ORIENTED_EDGE('',*,*,#1209,.T.);
#1209=EDGE_CURVE('',#1206,#1210,#1212,.T.);
#1210=VERTEX_POINT('',#1211);
#1211=CARTESIAN_POINT('',(-8.89,-7.15,1.6));
#1212=LINE('',#1213,#131);
#1213=CARTESIAN_POINT('',(-6.055,-7.15,1.6));
#1214=ORIENTED_EDGE('',*,*,#1215,.F.);
#1215=EDGE_CURVE('',#1216,#1210,#1218,.T.);
#1216=VERTEX_POINT('',#1217);
#1217=CARTESIAN_POINT('',(-8.89,-5.55,1.6));
#1218=CIRCLE('',#1219,0.8);
#1219=AXIS2_PLACEMENT_3D('',#1220,#188,#142);
#1220=CARTESIAN_POINT('',(-8.89,-6.35,1.6));
#1221=ORIENTED_EDGE('',*,*,#1222,.T.);
#1222=EDGE_CURVE('',#1216,#1223,#1225,.T.);
#1223=VERTEX_POINT('',#1224);
#1224=CARTESIAN_POINT('',(-10.5,-5.55,1.6));
#1225=LINE('',#1226,#209);
#1226=CARTESIAN_POINT('',(-4.445,-5.55,1.6));
#1227=ORIENTED_EDGE('',*,*,#1228,.T.);
#1228=EDGE_CURVE('',#1223,#1229,#161,.T.);
#1229=VERTEX_POINT('',#1230);
#1230=CARTESIAN_POINT('',(-10.5,-4.61,1.6));
#1231=ORIENTED_EDGE('',*,*,#1232,.T.);
#1232=EDGE_CURVE('',#1229,#1233,#1235,.T.);
#1233=VERTEX_POINT('',#1234);
#1234=CARTESIAN_POINT('',(-8.89,-4.61,1.6));
#1235=LINE('',#1236,#131);
#1236=CARTESIAN_POINT('',(-6.055,-4.61,1.6));
#1237=ORIENTED_EDGE('',*,*,#1238,.F.);
#1238=EDGE_CURVE('',#1239,#1233,#1241,.T.);
#1239=VERTEX_POINT('',#1240);
#1240=CARTESIAN_POINT('',(-8.89,-3.01,1.6));
#1241=CIRCLE('',#1242,0.8);
#1242=AXIS2_PLACEMENT_3D('',#1243,#188,#142);
#1243=CARTESIAN_POINT('',(-8.89,-3.81,1.6));
#1244=ORIENTED_EDGE('',*,*,#1245,.T.);
#1245=EDGE_CURVE('',#1239,#1246,#1248,.T.);
#1246=VERTEX_POINT('',#1247);
#1247=CARTESIAN_POINT('',(-10.5,-3.01,1.6));
#1248=LINE('',#1249,#209);
#1249=CARTESIAN_POINT('',(-4.445,-3.01,1.6));
#1250=ORIENTED_EDGE('',*,*,#1251,.T.);
#1251=EDGE_CURVE('',#1246,#1252,#161,.T.);
#1252=VERTEX_POINT('',#1253);
#1253=CARTESIAN_POINT('',(-10.5,-2.07,1.6));
#1254=ORIENTED_EDGE('',*,*,#1255,.T.);
#1255=EDGE_CURVE('',#1252,#1256,#1258,.T.);
#1256=VERTEX_POINT('',#1257);
#1257=CARTESIAN_POINT('',(-8.89,-2.07,1.6));
#1258=LINE('',#1259,#131);
#1259=CARTESIAN_POINT('',(-6.055,-2.07,1.6));
#1260=ORIENTED_EDGE('',*,*,#1261,.F.);
#1261=EDGE_CURVE('',#1262,#1256,#1264,.T.);
#1262=VERTEX_POINT('',#1263);
#1263=CARTESIAN_POINT('',(-8.89,-0.47,1.6));
#1264=CIRCLE('',#1265,0.8);
#1265=AXIS2_PLACEMENT_3D('',#1266,#188,#142);
#1266=CARTESIAN_POINT('',(-8.89,-1.27,1.6));
#1267=ORIENTED_EDGE('',*,*,#1268,.T.);
#1268=EDGE_CURVE('',#1262,#1269,#1271,.T.);
#1269=VERTEX_POINT('',#1270);
#1270=CARTESIAN_POINT('',(-10.5,-0.47,1.6));
#1271=LINE('',#1272,#209);
#1272=CARTESIAN_POINT('',(-4.445,-0.47,1.6));
#1273=ORIENTED_EDGE('',*,*,#1274,.T.);
#1274=EDGE_CURVE('',#1269,#1275,#161,.T.);
#1275=VERTEX_POINT('',#1276);
#1276=CARTESIAN_POINT('',(-10.5,0.47,1.6));
#1277=ORIENTED_EDGE('',*,*,#1278,.T.);
#1278=EDGE_CURVE('',#1275,#1279,#1281,.T.);
#1279=VERTEX_POINT('',#1280);
#1280=CARTESIAN_POINT('',(-8.89,0.47,1.6));
#1281=LINE('',#1282,#131);
#1282=CARTESIAN_POINT('',(-6.055,0.47,1.6));
#1283=ORIENTED_EDGE('',*,*,#1284,.F.);
#1284=EDGE_CURVE('',#1285,#1279,#1287,.T.);
#1285=VERTEX_POINT('',#1286);
#1286=CARTESIAN_POINT('',(-8.89,2.07,1.6));
#1287=CIRCLE('',#1288,0.8);
#1288=AXIS2_PLACEMENT_3D('',#1289,#188,#142);
#1289=CARTESIAN_POINT('',(-8.89,1.27,1.6));
#1290=ORIENTED_EDGE('',*,*,#1291,.T.);
#1291=EDGE_CURVE('',#1285,#1292,#1294,.T.);
#1292=VERTEX_POINT('',#1293);
#1293=CARTESIAN_POINT('',(-10.5,2.07,1.6));
#1294=LINE('',#1295,#209);
#1295=CARTESIAN_POINT('',(-4.445,2.07,1.6));
#1296=ORIENTED_EDGE('',*,*,#1297,.T.);
#1297=EDGE_CURVE('',#1292,#1298,#161,.T.);
#1298=VERTEX_POINT('',#1299);
#1299=CARTESIAN_POINT('',(-10.5,3.01,1.6));
#1300=ORIENTED_EDGE('',*,*,#1301,.T.);
#1301=EDGE_CURVE('',#1298,#1302,#1304,.T.);
#1302=VERTEX_POINT('',#1303);
#1303=CARTESIAN_POINT('',(-8.89,3.01,1.6));
#1304=LINE('',#1305,#131);
#1305=CARTESIAN_POINT('',(-6.055,3.01,1.6));
#1306=ORIENTED_EDGE('',*,*,#1307,.F.);
#1307=EDGE_CURVE('',#1308,#1302,#1310,.T.);
#1308=VERTEX_POINT('',#1309);
#1309=CARTESIAN_POINT('',(-8.89,4.61,1.6));
#1310=CIRCLE('',#1311,0.8);
#1311=AXIS2_PLACEMENT_3D('',#1312,#188,#142);
#1312=CARTESIAN_POINT('',(-8.89,3.81,1.6));
#1313=ORIENTED_EDGE('',*,*,#1314,.T.);
#1314=EDGE_CURVE('',#1308,#1315,#1317,.T.);
#1315=VERTEX_POINT('',#1316);
#1316=CARTESIAN_POINT('',(-10.5,4.61,1.6));
#1317=LINE('',#1318,#209);
#1318=CARTESIAN_POINT('',(-4.445,4.61,1.6));
#1319=ORIENTED_EDGE('',*,*,#1320,.T.);
#1320=EDGE_CURVE('',#1315,#1321,#161,.T.);
#1321=VERTEX_POINT('',#1322);
#1322=CARTESIAN_POINT('',(-10.5,5.55,1.6));
#1323=ORIENTED_EDGE('',*,*,#1324,.T.);
#1324=EDGE_CURVE('',#1321,#1325,#1327,.T.);
#1325=VERTEX_POINT('',#1326);
#1326=CARTESIAN_POINT('',(-8.89,5.55,1.6));
#1327=LINE('',#1328,#131);
#1328=CARTESIAN_POINT('',(-6.055,5.55,1.6));
#1329=ORIENTED_EDGE('',*,*,#1330,.F.);
#1330=EDGE_CURVE('',#1331,#1325,#1333,.T.);
#1331=VERTEX_POINT('',#1332);
#1332=CARTESIAN_POINT('',(-8.89,7.15,1.6));
#1333=CIRCLE('',#1334,0.8);
#1334=AXIS2_PLACEMENT_3D('',#1335,#188,#142);
#1335=CARTESIAN_POINT('',(-8.89,6.35,1.6));
#1336=ORIENTED_EDGE('',*,*,#1337,.T.);
#1337=EDGE_CURVE('',#1331,#1338,#1340,.T.);
#1338=VERTEX_POINT('',#1339);
#1339=CARTESIAN_POINT('',(-10.5,7.15,1.6));
#1340=LINE('',#1341,#209);
#1341=CARTESIAN_POINT('',(-4.445,7.15,1.6));
#1342=ORIENTED_EDGE('',*,*,#1343,.T.);
#1343=EDGE_CURVE('',#1338,#1344,#161,.T.);
#1344=VERTEX_POINT('',#1345);
#1345=CARTESIAN_POINT('',(-10.5,8.09,1.6));
#1346=ORIENTED_EDGE('',*,*,#1347,.T.);
#1347=EDGE_CURVE('',#1344,#1348,#1350,.T.);
#1348=VERTEX_POINT('',#1349);
#1349=CARTESIAN_POINT('',(-8.89,8.09,1.6));
#1350=LINE('',#1351,#131);
#1351=CARTESIAN_POINT('',(-6.055,8.09,1.6));
#1352=ORIENTED_EDGE('',*,*,#1353,.F.);
#1353=EDGE_CURVE('',#1354,#1348,#1356,.T.);
#1354=VERTEX_POINT('',#1355);
#1355=CARTESIAN_POINT('',(-8.89,9.69,1.6));
#1356=CIRCLE('',#1357,0.8);
#1357=AXIS2_PLACEMENT_3D('',#1358,#188,#142);
#1358=CARTESIAN_POINT('',(-8.89,8.89,1.6));
#1359=ORIENTED_EDGE('',*,*,#1360,.T.);
#1360=EDGE_CURVE('',#1354,#1361,#1363,.T.);
#1361=VERTEX_POINT('',#1362);
#1362=CARTESIAN_POINT('',(-10.5,9.69,1.6));
#1363=LINE('',#1364,#209);
#1364=CARTESIAN_POINT('',(-4.445,9.69,1.6));
#1365=ORIENTED_EDGE('',*,*,#1366,.T.);
#1366=EDGE_CURVE('',#1361,#1367,#161,.T.);
#1367=VERTEX_POINT('',#1368);
#1368=CARTESIAN_POINT('',(-10.5,10.63,1.6));
#1369=ORIENTED_EDGE('',*,*,#1370,.T.);
#1370=EDGE_CURVE('',#1367,#1371,#1373,.T.);
#1371=VERTEX_POINT('',#1372);
#1372=CARTESIAN_POINT('',(-8.89,10.63,1.6));
#1373=LINE('',#1374,#131);
#1374=CARTESIAN_POINT('',(-6.055,10.63,1.6));
#1375=ORIENTED_EDGE('',*,*,#1376,.F.);
#1376=EDGE_CURVE('',#1377,#1371,#1379,.T.);
#1377=VERTEX_POINT('',#1378);
#1378=CARTESIAN_POINT('',(-8.89,12.23,1.6));
#1379=CIRCLE('',#1380,0.8);
#1380=AXIS2_PLACEMENT_3D('',#1381,#188,#142);
#1381=CARTESIAN_POINT('',(-8.89,11.43,1.6));
#1382=ORIENTED_EDGE('',*,*,#1383,.T.);
#1383=EDGE_CURVE('',#1377,#1384,#1386,.T.);
#1384=VERTEX_POINT('',#1385);
#1385=CARTESIAN_POINT('',(-10.5,12.23,1.6));
#1386=LINE('',#1387,#209);
#1387=CARTESIAN_POINT('',(-4.445,12.23,1.6));
#1388=ORIENTED_EDGE('',*,*,#1389,.T.);
#1389=EDGE_CURVE('',#1384,#1390,#161,.T.);
#1390=VERTEX_POINT('',#1391);
#1391=CARTESIAN_POINT('',(-10.5,13.17,1.6));
#1392=ORIENTED_EDGE('',*,*,#1393,.T.);
#1393=EDGE_CURVE('',#1390,#1394,#1396,.T.);
#1394=VERTEX_POINT('',#1395);
#1395=CARTESIAN_POINT('',(-8.89,13.17,1.6));
#1396=LINE('',#1397,#131);
#1397=CARTESIAN_POINT('',(-6.055,13.17,1.6));
#1398=ORIENTED_EDGE('',*,*,#1399,.F.);
#1399=EDGE_CURVE('',#1400,#1394,#1402,.T.);
#1400=VERTEX_POINT('',#1401);
#1401=CARTESIAN_POINT('',(-8.89,14.77,1.6));
#1402=CIRCLE('',#1403,0.8);
#1403=AXIS2_PLACEMENT_3D('',#1404,#188,#142);
#1404=CARTESIAN_POINT('',(-8.89,13.97,1.6));
#1405=ORIENTED_EDGE('',*,*,#1406,.T.);
#1406=EDGE_CURVE('',#1400,#1407,#1409,.T.);
#1407=VERTEX_POINT('',#1408);
#1408=CARTESIAN_POINT('',(-10.5,14.77,1.6));
#1409=LINE('',#1410,#209);
#1410=CARTESIAN_POINT('',(-4.445,14.77,1.6));
#1411=ORIENTED_EDGE('',*,*,#1412,.T.);
#1412=EDGE_CURVE('',#1407,#1413,#161,.T.);
#1413=VERTEX_POINT('',#1414);
#1414=CARTESIAN_POINT('',(-10.5,15.71,1.6));
#1415=ORIENTED_EDGE('',*,*,#1416,.T.);
#1416=EDGE_CURVE('',#1413,#1417,#1419,.T.);
#1417=VERTEX_POINT('',#1418);
#1418=CARTESIAN_POINT('',(-8.89,15.71,1.6));
#1419=LINE('',#1420,#131);
#1420=CARTESIAN_POINT('',(-6.055,15.71,1.6));
#1421=ORIENTED_EDGE('',*,*,#1422,.F.);
#1422=EDGE_CURVE('',#1423,#1417,#1425,.T.);
#1423=VERTEX_POINT('',#1424);
#1424=CARTESIAN_POINT('',(-8.89,17.31,1.6));
#1425=CIRCLE('',#1426,0.8);
#1426=AXIS2_PLACEMENT_3D('',#1427,#188,#142);
#1427=CARTESIAN_POINT('',(-8.89,16.51,1.6));
#1428=ORIENTED_EDGE('',*,*,#1429,.T.);
#1429=EDGE_CURVE('',#1423,#1430,#1432,.T.);
#1430=VERTEX_POINT('',#1431);
#1431=CARTESIAN_POINT('',(-10.5,17.31,1.6));
#1432=LINE('',#1433,#209);
#1433=CARTESIAN_POINT('',(-4.445,17.31,1.6));
#1434=ORIENTED_EDGE('',*,*,#1435,.T.);
#1435=EDGE_CURVE('',#1430,#1436,#161,.T.);
#1436=VERTEX_POINT('',#1437);
#1437=CARTESIAN_POINT('',(-10.5,18.25,1.6));
#1438=ORIENTED_EDGE('',*,*,#1439,.T.);
#1439=EDGE_CURVE('',#1436,#1440,#1442,.T.);
#1440=VERTEX_POINT('',#1441);
#1441=CARTESIAN_POINT('',(-8.89,18.25,1.6));
#1442=LINE('',#1443,#131);
#1443=CARTESIAN_POINT('',(-6.055,18.25,1.6));
#1444=ORIENTED_EDGE('',*,*,#1445,.F.);
#1445=EDGE_CURVE('',#1446,#1440,#1448,.T.);
#1446=VERTEX_POINT('',#1447);
#1447=CARTESIAN_POINT('',(-8.89,19.85,1.6));
#1448=CIRCLE('',#1449,0.8);
#1449=AXIS2_PLACEMENT_3D('',#1450,#188,#142);
#1450=CARTESIAN_POINT('',(-8.89,19.05,1.6));
#1451=ORIENTED_EDGE('',*,*,#1452,.T.);
#1452=EDGE_CURVE('',#1446,#1453,#1455,.T.);
#1453=VERTEX_POINT('',#1454);
#1454=CARTESIAN_POINT('',(-10.5,19.85,1.6));
#1455=LINE('',#1456,#209);
#1456=CARTESIAN_POINT('',(-4.445,19.85,1.6));
#1457=ORIENTED_EDGE('',*,*,#1458,.T.);
#1458=EDGE_CURVE('',#1453,#1459,#161,.T.);
#1459=VERTEX_POINT('',#1460);
#1460=CARTESIAN_POINT('',(-10.5,20.79,1.6));
#1461=ORIENTED_EDGE('',*,*,#1462,.T.);
#1462=EDGE_CURVE('',#1459,#1463,#1465,.T.);
#1463=VERTEX_POINT('',#1464);
#1464=CARTESIAN_POINT('',(-8.89,20.79,1.6));
#1465=LINE('',#1466,#131);
#1466=CARTESIAN_POINT('',(-6.055,20.79,1.6));
#1467=ORIENTED_EDGE('',*,*,#1468,.F.);
#1468=EDGE_CURVE('',#1469,#1463,#1471,.T.);
#1469=VERTEX_POINT('',#1470);
#1470=CARTESIAN_POINT('',(-8.89,22.39,1.6));
#1471=CIRCLE('',#1472,0.8);
#1472=AXIS2_PLACEMENT_3D('',#1473,#188,#142);
#1473=CARTESIAN_POINT('',(-8.89,21.59,1.6));
#1474=ORIENTED_EDGE('',*,*,#1475,.T.);
#1475=EDGE_CURVE('',#1469,#1476,#1478,.T.);
#1476=VERTEX_POINT('',#1477);
#1477=CARTESIAN_POINT('',(-10.5,22.39,1.6));
#1478=LINE('',#1479,#209);
#1479=CARTESIAN_POINT('',(-4.445,22.39,1.6));
#1480=ORIENTED_EDGE('',*,*,#1481,.T.);
#1481=EDGE_CURVE('',#1476,#1482,#161,.T.);
#1482=VERTEX_POINT('',#1483);
#1483=CARTESIAN_POINT('',(-10.5,23.33,1.6));
#1484=ORIENTED_EDGE('',*,*,#1485,.T.);
#1485=EDGE_CURVE('',#1482,#1486,#1488,.T.);
#1486=VERTEX_POINT('',#1487);
#1487=CARTESIAN_POINT('',(-8.89,23.33,1.6));
#1488=LINE('',#1489,#131);
#1489=CARTESIAN_POINT('',(-6.055,23.33,1.6));
#1490=ORIENTED_EDGE('',*,*,#1491,.F.);
#1491=EDGE_CURVE('',#1492,#1486,#1494,.T.);
#1492=VERTEX_POINT('',#1493);
#1493=CARTESIAN_POINT('',(-8.89,24.93,1.6));
#1494=CIRCLE('',#1495,0.8);
#1495=AXIS2_PLACEMENT_3D('',#1496,#188,#142);
#1496=CARTESIAN_POINT('',(-8.89,24.13,1.6));
#1497=ORIENTED_EDGE('',*,*,#1498,.T.);
#1498=EDGE_CURVE('',#1492,#155,#1499,.T.);
#1499=LINE('',#1500,#209);
#1500=CARTESIAN_POINT('',(-4.445,24.93,1.6));
#1501=ORIENTED_EDGE('',*,*,#1502,.T.);
#1502=EDGE_CURVE('',#180,#1503,#1505,.T.);
#1503=VERTEX_POINT('',#1504);
#1504=CARTESIAN_POINT('',(8.89,24.93,1.6));
#1505=LINE('',#1506,#209);
#1506=CARTESIAN_POINT('',(6.055,24.93,1.6));
#1507=ORIENTED_EDGE('',*,*,#1508,.F.);
#1508=EDGE_CURVE('',#1509,#1503,#1511,.T.);
#1509=VERTEX_POINT('',#1510);
#1510=CARTESIAN_POINT('',(8.89,23.33,1.6));
#1511=CIRCLE('',#1512,0.8);
#1512=AXIS2_PLACEMENT_3D('',#1513,#188,#176);
#1513=CARTESIAN_POINT('',(8.89,24.13,1.6));
#1514=ORIENTED_EDGE('',*,*,#1515,.T.);
#1515=EDGE_CURVE('',#1509,#1516,#1518,.T.);
#1516=VERTEX_POINT('',#1517);
#1517=CARTESIAN_POINT('',(10.5,23.33,1.6));
#1518=LINE('',#1519,#131);
#1519=CARTESIAN_POINT('',(4.445,23.33,1.6));
#1520=ORIENTED_EDGE('',*,*,#1521,.T.);
#1521=EDGE_CURVE('',#1516,#1522,#182,.T.);
#1522=VERTEX_POINT('',#1523);
#1523=CARTESIAN_POINT('',(10.5,22.39,1.6));
#1524=ORIENTED_EDGE('',*,*,#1525,.T.);
#1525=EDGE_CURVE('',#1522,#1526,#1528,.T.);
#1526=VERTEX_POINT('',#1527);
#1527=CARTESIAN_POINT('',(8.89,22.39,1.6));
#1528=LINE('',#1529,#209);
#1529=CARTESIAN_POINT('',(6.055,22.39,1.6));
#1530=ORIENTED_EDGE('',*,*,#1531,.F.);
#1531=EDGE_CURVE('',#1532,#1526,#1534,.T.);
#1532=VERTEX_POINT('',#1533);
#1533=CARTESIAN_POINT('',(8.89,20.79,1.6));
#1534=CIRCLE('',#1535,0.8);
#1535=AXIS2_PLACEMENT_3D('',#1536,#188,#176);
#1536=CARTESIAN_POINT('',(8.89,21.59,1.6));
#1537=ORIENTED_EDGE('',*,*,#1538,.T.);
#1538=EDGE_CURVE('',#1532,#1539,#1541,.T.);
#1539=VERTEX_POINT('',#1540);
#1540=CARTESIAN_POINT('',(10.5,20.79,1.6));
#1541=LINE('',#1542,#131);
#1542=CARTESIAN_POINT('',(4.445,20.79,1.6));
#1543=ORIENTED_EDGE('',*,*,#1544,.T.);
#1544=EDGE_CURVE('',#1539,#1545,#182,.T.);
#1545=VERTEX_POINT('',#1546);
#1546=CARTESIAN_POINT('',(10.5,19.85,1.6));
#1547=ORIENTED_EDGE('',*,*,#1548,.T.);
#1548=EDGE_CURVE('',#1545,#1549,#1551,.T.);
#1549=VERTEX_POINT('',#1550);
#1550=CARTESIAN_POINT('',(8.89,19.85,1.6));
#1551=LINE('',#1552,#209);
#1552=CARTESIAN_POINT('',(6.055,19.85,1.6));
#1553=ORIENTED_EDGE('',*,*,#1554,.F.);
#1554=EDGE_CURVE('',#1555,#1549,#1557,.T.);
#1555=VERTEX_POINT('',#1556);
#1556=CARTESIAN_POINT('',(8.89,18.25,1.6));
#1557=CIRCLE('',#1558,0.8);
#1558=AXIS2_PLACEMENT_3D('',#1559,#188,#176);
#1559=CARTESIAN_POINT('',(8.89,19.05,1.6));
#1560=ORIENTED_EDGE('',*,*,#1561,.T.);
#1561=EDGE_CURVE('',#1555,#1562,#1564,.T.);
#1562=VERTEX_POINT('',#1563);
#1563=CARTESIAN_POINT('',(10.5,18.25,1.6));
#1564=LINE('',#1565,#131);
#1565=CARTESIAN_POINT('',(4.445,18.25,1.6));
#1566=ORIENTED_EDGE('',*,*,#1567,.T.);
#1567=EDGE_CURVE('',#1562,#1568,#182,.T.);
#1568=VERTEX_POINT('',#1569);
#1569=CARTESIAN_POINT('',(10.5,17.31,1.6));
#1570=ORIENTED_EDGE('',*,*,#1571,.T.);
#1571=EDGE_CURVE('',#1568,#1572,#1574,.T.);
#1572=VERTEX_POINT('',#1573);
#1573=CARTESIAN_POINT('',(8.89,17.31,1.6));
#1574=LINE('',#1575,#209);
#1575=CARTESIAN_POINT('',(6.055,17.31,1.6));
#1576=ORIENTED_EDGE('',*,*,#1577,.F.);
#1577=EDGE_CURVE('',#1578,#1572,#1580,.T.);
#1578=VERTEX_POINT('',#1579);
#1579=CARTESIAN_POINT('',(8.89,15.71,1.6));
#1580=CIRCLE('',#1581,0.8);
#1581=AXIS2_PLACEMENT_3D('',#1582,#188,#176);
#1582=CARTESIAN_POINT('',(8.89,16.51,1.6));
#1583=ORIENTED_EDGE('',*,*,#1584,.T.);
#1584=EDGE_CURVE('',#1578,#1585,#1587,.T.);
#1585=VERTEX_POINT('',#1586);
#1586=CARTESIAN_POINT('',(10.5,15.71,1.6));
#1587=LINE('',#1588,#131);
#1588=CARTESIAN_POINT('',(4.445,15.71,1.6));
#1589=ORIENTED_EDGE('',*,*,#1590,.T.);
#1590=EDGE_CURVE('',#1585,#1591,#182,.T.);
#1591=VERTEX_POINT('',#1592);
#1592=CARTESIAN_POINT('',(10.5,14.77,1.6));
#1593=ORIENTED_EDGE('',*,*,#1594,.T.);
#1594=EDGE_CURVE('',#1591,#1595,#1597,.T.);
#1595=VERTEX_POINT('',#1596);
#1596=CARTESIAN_POINT('',(8.89,14.77,1.6));
#1597=LINE('',#1598,#209);
#1598=CARTESIAN_POINT('',(6.055,14.77,1.6));
#1599=ORIENTED_EDGE('',*,*,#1600,.F.);
#1600=EDGE_CURVE('',#1601,#1595,#1603,.T.);
#1601=VERTEX_POINT('',#1602);
#1602=CARTESIAN_POINT('',(8.89,13.17,1.6));
#1603=CIRCLE('',#1604,0.8);
#1604=AXIS2_PLACEMENT_3D('',#1605,#188,#176);
#1605=CARTESIAN_POINT('',(8.89,13.97,1.6));
#1606=ORIENTED_EDGE('',*,*,#1607,.T.);
#1607=EDGE_CURVE('',#1601,#1608,#1610,.T.);
#1608=VERTEX_POINT('',#1609);
#1609=CARTESIAN_POINT('',(10.5,13.17,1.6));
#1610=LINE('',#1611,#131);
#1611=CARTESIAN_POINT('',(4.445,13.17,1.6));
#1612=ORIENTED_EDGE('',*,*,#1613,.T.);
#1613=EDGE_CURVE('',#1608,#1614,#182,.T.);
#1614=VERTEX_POINT('',#1615);
#1615=CARTESIAN_POINT('',(10.5,12.23,1.6));
#1616=ORIENTED_EDGE('',*,*,#1617,.T.);
#1617=EDGE_CURVE('',#1614,#1618,#1620,.T.);
#1618=VERTEX_POINT('',#1619);
#1619=CARTESIAN_POINT('',(8.89,12.23,1.6));
#1620=LINE('',#1621,#209);
#1621=CARTESIAN_POINT('',(6.055,12.23,1.6));
#1622=ORIENTED_EDGE('',*,*,#1623,.F.);
#1623=EDGE_CURVE('',#1624,#1618,#1626,.T.);
#1624=VERTEX_POINT('',#1625);
#1625=CARTESIAN_POINT('',(8.89,10.63,1.6));
#1626=CIRCLE('',#1627,0.8);
#1627=AXIS2_PLACEMENT_3D('',#1628,#188,#176);
#1628=CARTESIAN_POINT('',(8.89,11.43,1.6));
#1629=ORIENTED_EDGE('',*,*,#1630,.T.);
#1630=EDGE_CURVE('',#1624,#1631,#1633,.T.);
#1631=VERTEX_POINT('',#1632);
#1632=CARTESIAN_POINT('',(10.5,10.63,1.6));
#1633=LINE('',#1634,#131);
#1634=CARTESIAN_POINT('',(4.445,10.63,1.6));
#1635=ORIENTED_EDGE('',*,*,#1636,.T.);
#1636=EDGE_CURVE('',#1631,#1637,#182,.T.);
#1637=VERTEX_POINT('',#1638);
#1638=CARTESIAN_POINT('',(10.5,9.69,1.6));
#1639=ORIENTED_EDGE('',*,*,#1640,.T.);
#1640=EDGE_CURVE('',#1637,#1641,#1643,.T.);
#1641=VERTEX_POINT('',#1642);
#1642=CARTESIAN_POINT('',(8.89,9.69,1.6));
#1643=LINE('',#1644,#209);
#1644=CARTESIAN_POINT('',(6.055,9.69,1.6));
#1645=ORIENTED_EDGE('',*,*,#1646,.F.);
#1646=EDGE_CURVE('',#1647,#1641,#1649,.T.);
#1647=VERTEX_POINT('',#1648);
#1648=CARTESIAN_POINT('',(8.89,8.09,1.6));
#1649=CIRCLE('',#1650,0.8);
#1650=AXIS2_PLACEMENT_3D('',#1651,#188,#176);
#1651=CARTESIAN_POINT('',(8.89,8.89,1.6));
#1652=ORIENTED_EDGE('',*,*,#1653,.T.);
#1653=EDGE_CURVE('',#1647,#1654,#1656,.T.);
#1654=VERTEX_POINT('',#1655);
#1655=CARTESIAN_POINT('',(10.5,8.09,1.6));
#1656=LINE('',#1657,#131);
#1657=CARTESIAN_POINT('',(4.445,8.09,1.6));
#1658=ORIENTED_EDGE('',*,*,#1659,.T.);
#1659=EDGE_CURVE('',#1654,#1660,#182,.T.);
#1660=VERTEX_POINT('',#1661);
#1661=CARTESIAN_POINT('',(10.5,7.15,1.6));
#1662=ORIENTED_EDGE('',*,*,#1663,.T.);
#1663=EDGE_CURVE('',#1660,#1664,#1666,.T.);
#1664=VERTEX_POINT('',#1665);
#1665=CARTESIAN_POINT('',(8.89,7.15,1.6));
#1666=LINE('',#1667,#209);
#1667=CARTESIAN_POINT('',(6.055,7.15,1.6));
#1668=ORIENTED_EDGE('',*,*,#1669,.F.);
#1669=EDGE_CURVE('',#1670,#1664,#1672,.T.);
#1670=VERTEX_POINT('',#1671);
#1671=CARTESIAN_POINT('',(8.89,5.55,1.6));
#1672=CIRCLE('',#1673,0.8);
#1673=AXIS2_PLACEMENT_3D('',#1674,#188,#176);
#1674=CARTESIAN_POINT('',(8.89,6.35,1.6));
#1675=ORIENTED_EDGE('',*,*,#1676,.T.);
#1676=EDGE_CURVE('',#1670,#1677,#1679,.T.);
#1677=VERTEX_POINT('',#1678);
#1678=CARTESIAN_POINT('',(10.5,5.55,1.6));
#1679=LINE('',#1680,#131);
#1680=CARTESIAN_POINT('',(4.445,5.55,1.6));
#1681=ORIENTED_EDGE('',*,*,#1682,.T.);
#1682=EDGE_CURVE('',#1677,#1683,#182,.T.);
#1683=VERTEX_POINT('',#1684);
#1684=CARTESIAN_POINT('',(10.5,4.61,1.6));
#1685=ORIENTED_EDGE('',*,*,#1686,.T.);
#1686=EDGE_CURVE('',#1683,#1687,#1689,.T.);
#1687=VERTEX_POINT('',#1688);
#1688=CARTESIAN_POINT('',(8.89,4.61,1.6));
#1689=LINE('',#1690,#209);
#1690=CARTESIAN_POINT('',(6.055,4.61,1.6));
#1691=ORIENTED_EDGE('',*,*,#1692,.F.);
#1692=EDGE_CURVE('',#1693,#1687,#1695,.T.);
#1693=VERTEX_POINT('',#1694);
#1694=CARTESIAN_POINT('',(8.89,3.01,1.6));
#1695=CIRCLE('',#1696,0.8);
#1696=AXIS2_PLACEMENT_3D('',#1697,#188,#176);
#1697=CARTESIAN_POINT('',(8.89,3.81,1.6));
#1698=ORIENTED_EDGE('',*,*,#1699,.T.);
#1699=EDGE_CURVE('',#1693,#1700,#1702,.T.);
#1700=VERTEX_POINT('',#1701);
#1701=CARTESIAN_POINT('',(10.5,3.01,1.6));
#1702=LINE('',#1703,#131);
#1703=CARTESIAN_POINT('',(4.445,3.01,1.6));
#1704=ORIENTED_EDGE('',*,*,#1705,.T.);
#1705=EDGE_CURVE('',#1700,#1706,#182,.T.);
#1706=VERTEX_POINT('',#1707);
#1707=CARTESIAN_POINT('',(10.5,2.07,1.6));
#1708=ORIENTED_EDGE('',*,*,#1709,.T.);
#1709=EDGE_CURVE('',#1706,#1710,#1712,.T.);
#1710=VERTEX_POINT('',#1711);
#1711=CARTESIAN_POINT('',(8.89,2.07,1.6));
#1712=LINE('',#1713,#209);
#1713=CARTESIAN_POINT('',(6.055,2.07,1.6));
#1714=ORIENTED_EDGE('',*,*,#1715,.F.);
#1715=EDGE_CURVE('',#1716,#1710,#1718,.T.);
#1716=VERTEX_POINT('',#1717);
#1717=CARTESIAN_POINT('',(8.89,0.47,1.6));
#1718=CIRCLE('',#1719,0.8);
#1719=AXIS2_PLACEMENT_3D('',#1720,#188,#176);
#1720=CARTESIAN_POINT('',(8.89,1.27,1.6));
#1721=ORIENTED_EDGE('',*,*,#1722,.T.);
#1722=EDGE_CURVE('',#1716,#1723,#1725,.T.);
#1723=VERTEX_POINT('',#1724);
#1724=CARTESIAN_POINT('',(10.5,0.47,1.6));
#1725=LINE('',#1726,#131);
#1726=CARTESIAN_POINT('',(4.445,0.47,1.6));
#1727=ORIENTED_EDGE('',*,*,#1728,.T.);
#1728=EDGE_CURVE('',#1723,#1729,#182,.T.);
#1729=VERTEX_POINT('',#1730);
#1730=CARTESIAN_POINT('',(10.5,-0.47,1.6));
#1731=ORIENTED_EDGE('',*,*,#1732,.T.);
#1732=EDGE_CURVE('',#1729,#1733,#1735,.T.);
#1733=VERTEX_POINT('',#1734);
#1734=CARTESIAN_POINT('',(8.89,-0.47,1.6));
#1735=LINE('',#1736,#209);
#1736=CARTESIAN_POINT('',(6.055,-0.47,1.6));
#1737=ORIENTED_EDGE('',*,*,#1738,.F.);
#1738=EDGE_CURVE('',#1739,#1733,#1741,.T.);
#1739=VERTEX_POINT('',#1740);
#1740=CARTESIAN_POINT('',(8.89,-2.07,1.6));
#1741=CIRCLE('',#1742,0.8);
#1742=AXIS2_PLACEMENT_3D('',#1743,#188,#176);
#1743=CARTESIAN_POINT('',(8.89,-1.27,1.6));
#1744=ORIENTED_EDGE('',*,*,#1745,.T.);
#1745=EDGE_CURVE('',#1739,#1746,#1748,.T.);
#1746=VERTEX_POINT('',#1747);
#1747=CARTESIAN_POINT('',(10.5,-2.07,1.6));
#1748=LINE('',#1749,#131);
#1749=CARTESIAN_POINT('',(4.445,-2.07,1.6));
#1750=ORIENTED_EDGE('',*,*,#1751,.T.);
#1751=EDGE_CURVE('',#1746,#1752,#182,.T.);
#1752=VERTEX_POINT('',#1753);
#1753=CARTESIAN_POINT('',(10.5,-3.01,1.6));
#1754=ORIENTED_EDGE('',*,*,#1755,.T.);
#1755=EDGE_CURVE('',#1752,#1756,#1758,.T.);
#1756=VERTEX_POINT('',#1757);
#1757=CARTESIAN_POINT('',(8.89,-3.01,1.6));
#1758=LINE('',#1759,#209);
#1759=CARTESIAN_POINT('',(6.055,-3.01,1.6));
#1760=ORIENTED_EDGE('',*,*,#1761,.F.);
#1761=EDGE_CURVE('',#1762,#1756,#1764,.T.);
#1762=VERTEX_POINT('',#1763);
#1763=CARTESIAN_POINT('',(8.89,-4.61,1.6));
#1764=CIRCLE('',#1765,0.8);
#1765=AXIS2_PLACEMENT_3D('',#1766,#188,#176);
#1766=CARTESIAN_POINT('',(8.89,-3.81,1.6));
#1767=ORIENTED_EDGE('',*,*,#1768,.T.);
#1768=EDGE_CURVE('',#1762,#1769,#1771,.T.);
#1769=VERTEX_POINT('',#1770);
#1770=CARTESIAN_POINT('',(10.5,-4.61,1.6));
#1771=LINE('',#1772,#131);
#1772=CARTESIAN_POINT('',(4.445,-4.61,1.6));
#1773=ORIENTED_EDGE('',*,*,#1774,.T.);
#1774=EDGE_CURVE('',#1769,#1775,#182,.T.);
#1775=VERTEX_POINT('',#1776);
#1776=CARTESIAN_POINT('',(10.5,-5.55,1.6));
#1777=ORIENTED_EDGE('',*,*,#1778,.T.);
#1778=EDGE_CURVE('',#1775,#1779,#1781,.T.);
#1779=VERTEX_POINT('',#1780);
#1780=CARTESIAN_POINT('',(8.89,-5.55,1.6));
#1781=LINE('',#1782,#209);
#1782=CARTESIAN_POINT('',(6.055,-5.55,1.6));
#1783=ORIENTED_EDGE('',*,*,#1784,.F.);
#1784=EDGE_CURVE('',#1785,#1779,#1787,.T.);
#1785=VERTEX_POINT('',#1786);
#1786=CARTESIAN_POINT('',(8.89,-7.15,1.6));
#1787=CIRCLE('',#1788,0.8);
#1788=AXIS2_PLACEMENT_3D('',#1789,#188,#176);
#1789=CARTESIAN_POINT('',(8.89,-6.35,1.6));
#1790=ORIENTED_EDGE('',*,*,#1791,.T.);
#1791=EDGE_CURVE('',#1785,#1792,#1794,.T.);
#1792=VERTEX_POINT('',#1793);
#1793=CARTESIAN_POINT('',(10.5,-7.15,1.6));
#1794=LINE('',#1795,#131);
#1795=CARTESIAN_POINT('',(4.445,-7.15,1.6));
#1796=ORIENTED_EDGE('',*,*,#1797,.T.);
#1797=EDGE_CURVE('',#1792,#1798,#182,.T.);
#1798=VERTEX_POINT('',#1799);
#1799=CARTESIAN_POINT('',(10.5,-8.09,1.6));
#1800=ORIENTED_EDGE('',*,*,#1801,.T.);
#1801=EDGE_CURVE('',#1798,#1802,#1804,.T.);
#1802=VERTEX_POINT('',#1803);
#1803=CARTESIAN_POINT('',(8.89,-8.09,1.6));
#1804=LINE('',#1805,#209);
#1805=CARTESIAN_POINT('',(6.055,-8.09,1.6));
#1806=ORIENTED_EDGE('',*,*,#1807,.F.);
#1807=EDGE_CURVE('',#1808,#1802,#1810,.T.);
#1808=VERTEX_POINT('',#1809);
#1809=CARTESIAN_POINT('',(8.89,-9.69,1.6));
#1810=CIRCLE('',#1811,0.8);
#1811=AXIS2_PLACEMENT_3D('',#1812,#188,#176);
#1812=CARTESIAN_POINT('',(8.89,-8.89,1.6));
#1813=ORIENTED_EDGE('',*,*,#1814,.T.);
#1814=EDGE_CURVE('',#1808,#1815,#1817,.T.);
#1815=VERTEX_POINT('',#1816);
#1816=CARTESIAN_POINT('',(10.5,-9.69,1.6));
#1817=LINE('',#1818,#131);
#1818=CARTESIAN_POINT('',(4.445,-9.69,1.6));
#1819=ORIENTED_EDGE('',*,*,#1820,.T.);
#1820=EDGE_CURVE('',#1815,#1821,#182,.T.);
#1821=VERTEX_POINT('',#1822);
#1822=CARTESIAN_POINT('',(10.5,-10.63,1.6));
#1823=ORIENTED_EDGE('',*,*,#1824,.T.);
#1824=EDGE_CURVE('',#1821,#1825,#1827,.T.);
#1825=VERTEX_POINT('',#1826);
#1826=CARTESIAN_POINT('',(8.89,-10.63,1.6));
#1827=LINE('',#1828,#209);
#1828=CARTESIAN_POINT('',(6.055,-10.63,1.6));
#1829=ORIENTED_EDGE('',*,*,#1830,.F.);
#1830=EDGE_CURVE('',#1831,#1825,#1833,.T.);
#1831=VERTEX_POINT('',#1832);
#1832=CARTESIAN_POINT('',(8.89,-12.23,1.6));
#1833=CIRCLE('',#1834,0.8);
#1834=AXIS2_PLACEMENT_3D('',#1835,#188,#176);
#1835=CARTESIAN_POINT('',(8.89,-11.43,1.6));
#1836=ORIENTED_EDGE('',*,*,#1837,.T.);
#1837=EDGE_CURVE('',#1831,#1838,#1840,.T.);
#1838=VERTEX_POINT('',#1839);
#1839=CARTESIAN_POINT('',(10.5,-12.23,1.6));
#1840=LINE('',#1841,#131);
#1841=CARTESIAN_POINT('',(4.445,-12.23,1.6));
#1842=ORIENTED_EDGE('',*,*,#1843,.T.);
#1843=EDGE_CURVE('',#1838,#1844,#182,.T.);
#1844=VERTEX_POINT('',#1845);
#1845=CARTESIAN_POINT('',(10.5,-13.17,1.6));
#1846=ORIENTED_EDGE('',*,*,#1847,.T.);
#1847=EDGE_CURVE('',#1844,#1848,#1850,.T.);
#1848=VERTEX_POINT('',#1849);
#1849=CARTESIAN_POINT('',(8.89,-13.17,1.6));
#1850=LINE('',#1851,#209);
#1851=CARTESIAN_POINT('',(6.055,-13.17,1.6));
#1852=ORIENTED_EDGE('',*,*,#1853,.F.);
#1853=EDGE_CURVE('',#1854,#1848,#1856,.T.);
#1854=VERTEX_POINT('',#1855);
#1855=CARTESIAN_POINT('',(8.89,-14.77,1.6));
#1856=CIRCLE('',#1857,0.8);
#1857=AXIS2_PLACEMENT_3D('',#1858,#188,#176);
#1858=CARTESIAN_POINT('',(8.89,-13.97,1.6));
#1859=ORIENTED_EDGE('',*,*,#1860,.T.);
#1860=EDGE_CURVE('',#1854,#1861,#1863,.T.);
#1861=VERTEX_POINT('',#1862);
#1862=CARTESIAN_POINT('',(10.5,-14.77,1.6));
#1863=LINE('',#1864,#131);
#1864=CARTESIAN_POINT('',(4.445,-14.77,1.6));
#1865=ORIENTED_EDGE('',*,*,#1866,.T.);
#1866=EDGE_CURVE('',#1861,#1867,#182,.T.);
#1867=VERTEX_POINT('',#1868);
#1868=CARTESIAN_POINT('',(10.5,-15.71,1.6));
#1869=ORIENTED_EDGE('',*,*,#1870,.T.);
#1870=EDGE_CURVE('',#1867,#1871,#1873,.T.);
#1871=VERTEX_POINT('',#1872);
#1872=CARTESIAN_POINT('',(8.89,-15.71,1.6));
#1873=LINE('',#1874,#209);
#1874=CARTESIAN_POINT('',(6.055,-15.71,1.6));
#1875=ORIENTED_EDGE('',*,*,#1876,.F.);
#1876=EDGE_CURVE('',#1877,#1871,#1879,.T.);
#1877=VERTEX_POINT('',#1878);
#1878=CARTESIAN_POINT('',(8.89,-17.31,1.6));
#1879=CIRCLE('',#1880,0.8);
#1880=AXIS2_PLACEMENT_3D('',#1881,#188,#176);
#1881=CARTESIAN_POINT('',(8.89,-16.51,1.6));
#1882=ORIENTED_EDGE('',*,*,#1883,.T.);
#1883=EDGE_CURVE('',#1877,#1884,#1886,.T.);
#1884=VERTEX_POINT('',#1885);
#1885=CARTESIAN_POINT('',(10.5,-17.31,1.6));
#1886=LINE('',#1887,#131);
#1887=CARTESIAN_POINT('',(4.445,-17.31,1.6));
#1888=ORIENTED_EDGE('',*,*,#1889,.T.);
#1889=EDGE_CURVE('',#1884,#1890,#182,.T.);
#1890=VERTEX_POINT('',#1891);
#1891=CARTESIAN_POINT('',(10.5,-18.25,1.6));
#1892=ORIENTED_EDGE('',*,*,#1893,.T.);
#1893=EDGE_CURVE('',#1890,#1894,#1896,.T.);
#1894=VERTEX_POINT('',#1895);
#1895=CARTESIAN_POINT('',(8.89,-18.25,1.6));
#1896=LINE('',#1897,#209);
#1897=CARTESIAN_POINT('',(6.055,-18.25,1.6));
#1898=ORIENTED_EDGE('',*,*,#1899,.F.);
#1899=EDGE_CURVE('',#1900,#1894,#1902,.T.);
#1900=VERTEX_POINT('',#1901);
#1901=CARTESIAN_POINT('',(8.89,-19.85,1.6));
#1902=CIRCLE('',#1903,0.8);
#1903=AXIS2_PLACEMENT_3D('',#1904,#188,#176);
#1904=CARTESIAN_POINT('',(8.89,-19.05,1.6));
#1905=ORIENTED_EDGE('',*,*,#1906,.T.);
#1906=EDGE_CURVE('',#1900,#1907,#1909,.T.);
#1907=VERTEX_POINT('',#1908);
#1908=CARTESIAN_POINT('',(10.5,-19.85,1.6));
#1909=LINE('',#1910,#131);
#1910=CARTESIAN_POINT('',(4.445,-19.85,1.6));
#1911=ORIENTED_EDGE('',*,*,#1912,.T.);
#1912=EDGE_CURVE('',#1907,#1913,#182,.T.);
#1913=VERTEX_POINT('',#1914);
#1914=CARTESIAN_POINT('',(10.5,-20.79,1.6));
#1915=ORIENTED_EDGE('',*,*,#1916,.T.);
#1916=EDGE_CURVE('',#1913,#1917,#1919,.T.);
#1917=VERTEX_POINT('',#1918);
#1918=CARTESIAN_POINT('',(8.89,-20.79,1.6));
#1919=LINE('',#1920,#209);
#1920=CARTESIAN_POINT('',(6.055,-20.79,1.6));
#1921=ORIENTED_EDGE('',*,*,#1922,.F.);
#1922=EDGE_CURVE('',#1923,#1917,#1925,.T.);
#1923=VERTEX_POINT('',#1924);
#1924=CARTESIAN_POINT('',(8.89,-22.39,1.6));
#1925=CIRCLE('',#1926,0.8);
#1926=AXIS2_PLACEMENT_3D('',#1927,#188,#176);
#1927=CARTESIAN_POINT('',(8.89,-21.59,1.6));
#1928=ORIENTED_EDGE('',*,*,#1929,.T.);
#1929=EDGE_CURVE('',#1923,#1930,#1932,.T.);
#1930=VERTEX_POINT('',#1931);
#1931=CARTESIAN_POINT('',(10.5,-22.39,1.6));
#1932=LINE('',#1933,#131);
#1933=CARTESIAN_POINT('',(4.445,-22.39,1.6));
#1934=ORIENTED_EDGE('',*,*,#1935,.T.);
#1935=EDGE_CURVE('',#1930,#1936,#182,.T.);
#1936=VERTEX_POINT('',#1937);
#1937=CARTESIAN_POINT('',(10.5,-23.33,1.6));
#1938=ORIENTED_EDGE('',*,*,#1939,.T.);
#1939=EDGE_CURVE('',#1936,#1940,#1942,.T.);
#1940=VERTEX_POINT('',#1941);
#1941=CARTESIAN_POINT('',(8.89,-23.33,1.6));
#1942=LINE('',#1943,#209);
#1943=CARTESIAN_POINT('',(6.055,-23.33,1.6));
#1944=ORIENTED_EDGE('',*,*,#1945,.F.);
#1945=EDGE_CURVE('',#1946,#1940,#1948,.T.);
#1946=VERTEX_POINT('',#1947);
#1947=CARTESIAN_POINT('',(8.89,-24.93,1.6));
#1948=CIRCLE('',#1949,0.8);
#1949=AXIS2_PLACEMENT_3D('',#1950,#188,#176);
#1950=CARTESIAN_POINT('',(8.89,-24.13,1.6));
#1951=ORIENTED_EDGE('',*,*,#1952,.T.);
#1952=EDGE_CURVE('',#1946,#1953,#1955,.T.);
#1953=VERTEX_POINT('',#1954);
#1954=CARTESIAN_POINT('',(10.5,-24.93,1.6));
#1955=LINE('',#1956,#131);
#1956=CARTESIAN_POINT('',(4.445,-24.93,1.6));
#1957=ORIENTED_EDGE('',*,*,#1958,.T.);
#1958=EDGE_CURVE('',#1953,#1959,#182,.T.);
#1959=VERTEX_POINT('',#1960);
#1960=CARTESIAN_POINT('',(10.5,-25.5,1.6));
#1961=ORIENTED_EDGE('',*,*,#1962,.T.);
#1962=EDGE_CURVE('',#1959,#1963,#1964,.T.);
#1963=VERTEX_POINT('',#162);
#1964=LINE('',#1960,#209);
#1965=ORIENTED_EDGE('',*,*,#1966,.T.);
#1966=EDGE_CURVE('',#1963,#1967,#161,.T.);
#1967=VERTEX_POINT('',#1968);
#1968=CARTESIAN_POINT('',(-10.5,-24.93,1.6));
#1969=ORIENTED_EDGE('',*,*,#1970,.T.);
#1970=EDGE_CURVE('',#1967,#1971,#1973,.T.);
#1971=VERTEX_POINT('',#1972);
#1972=CARTESIAN_POINT('',(-8.89,-24.93,1.6));
#1973=LINE('',#1974,#131);
#1974=CARTESIAN_POINT('',(-6.055,-24.93,1.6));
#1975=ORIENTED_EDGE('',*,*,#1976,.F.);
#1976=EDGE_CURVE('',#1977,#1971,#1979,.T.);
#1977=VERTEX_POINT('',#1978);
#1978=CARTESIAN_POINT('',(-8.89,-23.33,1.6));
#1979=CIRCLE('',#1980,0.8);
#1980=AXIS2_PLACEMENT_3D('',#1981,#188,#142);
#1981=CARTESIAN_POINT('',(-8.89,-24.13,1.6));
#1982=ORIENTED_EDGE('',*,*,#1983,.T.);
#1983=EDGE_CURVE('',#1977,#1984,#1986,.T.);
#1984=VERTEX_POINT('',#1985);
#1985=CARTESIAN_POINT('',(-10.5,-23.33,1.6));
#1986=LINE('',#1987,#209);
#1987=CARTESIAN_POINT('',(-4.445,-23.33,1.6));
#1988=ORIENTED_EDGE('',*,*,#1989,.T.);
#1989=EDGE_CURVE('',#1984,#1990,#161,.T.);
#1990=VERTEX_POINT('',#1991);
#1991=CARTESIAN_POINT('',(-10.5,-22.39,1.6));
#1992=ORIENTED_EDGE('',*,*,#1993,.T.);
#1993=EDGE_CURVE('',#1990,#1994,#1996,.T.);
#1994=VERTEX_POINT('',#1995);
#1995=CARTESIAN_POINT('',(-8.89,-22.39,1.6));
#1996=LINE('',#1997,#131);
#1997=CARTESIAN_POINT('',(-6.055,-22.39,1.6));
#1998=ORIENTED_EDGE('',*,*,#1999,.F.);
#1999=EDGE_CURVE('',#2000,#1994,#2002,.T.);
#2000=VERTEX_POINT('',#2001);
#2001=CARTESIAN_POINT('',(-8.89,-20.79,1.6));
#2002=CIRCLE('',#2003,0.8);
#2003=AXIS2_PLACEMENT_3D('',#2004,#188,#142);
#2004=CARTESIAN_POINT('',(-8.89,-21.59,1.6));
#2005=ORIENTED_EDGE('',*,*,#2006,.T.);
#2006=EDGE_CURVE('',#2000,#2007,#2009,.T.);
#2007=VERTEX_POINT('',#2008);
#2008=CARTESIAN_POINT('',(-10.5,-20.79,1.6));
#2009=LINE('',#2010,#209);
#2010=CARTESIAN_POINT('',(-4.445,-20.79,1.6));
#2011=ORIENTED_EDGE('',*,*,#2012,.T.);
#2012=EDGE_CURVE('',#2007,#2013,#161,.T.);
#2013=VERTEX_POINT('',#2014);
#2014=CARTESIAN_POINT('',(-10.5,-19.85,1.6));
#2015=ORIENTED_EDGE('',*,*,#2016,.T.);
#2016=EDGE_CURVE('',#2013,#2017,#2019,.T.);
#2017=VERTEX_POINT('',#2018);
#2018=CARTESIAN_POINT('',(-8.89,-19.85,1.6));
#2019=LINE('',#2020,#131);
#2020=CARTESIAN_POINT('',(-6.055,-19.85,1.6));
#2021=ORIENTED_EDGE('',*,*,#2022,.F.);
#2022=EDGE_CURVE('',#2023,#2017,#2025,.T.);
#2023=VERTEX_POINT('',#2024);
#2024=CARTESIAN_POINT('',(-8.89,-18.25,1.6));
#2025=CIRCLE('',#2026,0.8);
#2026=AXIS2_PLACEMENT_3D('',#2027,#188,#142);
#2027=CARTESIAN_POINT('',(-8.89,-19.05,1.6));
#2028=ORIENTED_EDGE('',*,*,#2029,.T.);
#2029=EDGE_CURVE('',#2023,#2030,#2032,.T.);
#2030=VERTEX_POINT('',#2031);
#2031=CARTESIAN_POINT('',(-10.5,-18.25,1.6));
#2032=LINE('',#2033,#209);
#2033=CARTESIAN_POINT('',(-4.445,-18.25,1.6));
#2034=ORIENTED_EDGE('',*,*,#2035,.T.);
#2035=EDGE_CURVE('',#2030,#2036,#161,.T.);
#2036=VERTEX_POINT('',#2037);
#2037=CARTESIAN_POINT('',(-10.5,-17.31,1.6));
#2038=ORIENTED_EDGE('',*,*,#2039,.T.);
#2039=EDGE_CURVE('',#2036,#2040,#2042,.T.);
#2040=VERTEX_POINT('',#2041);
#2041=CARTESIAN_POINT('',(-8.89,-17.31,1.6));
#2042=LINE('',#2043,#131);
#2043=CARTESIAN_POINT('',(-6.055,-17.31,1.6));
#2044=ORIENTED_EDGE('',*,*,#2045,.F.);
#2045=EDGE_CURVE('',#2046,#2040,#2048,.T.);
#2046=VERTEX_POINT('',#2047);
#2047=CARTESIAN_POINT('',(-8.89,-15.71,1.6));
#2048=CIRCLE('',#2049,0.8);
#2049=AXIS2_PLACEMENT_3D('',#2050,#188,#142);
#2050=CARTESIAN_POINT('',(-8.89,-16.51,1.6));
#2051=ORIENTED_EDGE('',*,*,#2052,.T.);
#2052=EDGE_CURVE('',#2046,#2053,#2055,.T.);
#2053=VERTEX_POINT('',#2054);
#2054=CARTESIAN_POINT('',(-10.5,-15.71,1.6));
#2055=LINE('',#2056,#209);
#2056=CARTESIAN_POINT('',(-4.445,-15.71,1.6));
#2057=ORIENTED_EDGE('',*,*,#2058,.T.);
#2058=EDGE_CURVE('',#2053,#2059,#161,.T.);
#2059=VERTEX_POINT('',#2060);
#2060=CARTESIAN_POINT('',(-10.5,-14.77,1.6));
#2061=ORIENTED_EDGE('',*,*,#2062,.T.);
#2062=EDGE_CURVE('',#2059,#2063,#2065,.T.);
#2063=VERTEX_POINT('',#2064);
#2064=CARTESIAN_POINT('',(-8.89,-14.77,1.6));
#2065=LINE('',#2066,#131);
#2066=CARTESIAN_POINT('',(-6.055,-14.77,1.6));
#2067=ORIENTED_EDGE('',*,*,#2068,.F.);
#2068=EDGE_CURVE('',#2069,#2063,#2071,.T.);
#2069=VERTEX_POINT('',#2070);
#2070=CARTESIAN_POINT('',(-8.89,-13.17,1.6));
#2071=CIRCLE('',#2072,0.8);
#2072=AXIS2_PLACEMENT_3D('',#2073,#188,#142);
#2073=CARTESIAN_POINT('',(-8.89,-13.97,1.6));
#2074=ORIENTED_EDGE('',*,*,#2075,.T.);
#2075=EDGE_CURVE('',#2069,#2076,#2078,.T.);
#2076=VERTEX_POINT('',#2077);
#2077=CARTESIAN_POINT('',(-10.5,-13.17,1.6));
#2078=LINE('',#2079,#209);
#2079=CARTESIAN_POINT('',(-4.445,-13.17,1.6));
#2080=ORIENTED_EDGE('',*,*,#2081,.T.);
#2081=EDGE_CURVE('',#2076,#2082,#161,.T.);
#2082=VERTEX_POINT('',#2083);
#2083=CARTESIAN_POINT('',(-10.5,-12.23,1.6));
#2084=ORIENTED_EDGE('',*,*,#2085,.T.);
#2085=EDGE_CURVE('',#2082,#2086,#2088,.T.);
#2086=VERTEX_POINT('',#2087);
#2087=CARTESIAN_POINT('',(-8.89,-12.23,1.6));
#2088=LINE('',#2089,#131);
#2089=CARTESIAN_POINT('',(-6.055,-12.23,1.6));
#2090=ORIENTED_EDGE('',*,*,#2091,.F.);
#2091=EDGE_CURVE('',#2092,#2086,#2094,.T.);
#2092=VERTEX_POINT('',#2093);
#2093=CARTESIAN_POINT('',(-8.89,-10.63,1.6));
#2094=CIRCLE('',#2095,0.8);
#2095=AXIS2_PLACEMENT_3D('',#2096,#188,#142);
#2096=CARTESIAN_POINT('',(-8.89,-11.43,1.6));
#2097=ORIENTED_EDGE('',*,*,#2098,.T.);
#2098=EDGE_CURVE('',#2092,#2099,#2101,.T.);
#2099=VERTEX_POINT('',#2100);
#2100=CARTESIAN_POINT('',(-10.5,-10.63,1.6));
#2101=LINE('',#2102,#209);
#2102=CARTESIAN_POINT('',(-4.445,-10.63,1.6));
#2103=ORIENTED_EDGE('',*,*,#2104,.T.);
#2104=EDGE_CURVE('',#2099,#2105,#161,.T.);
#2105=VERTEX_POINT('',#2106);
#2106=CARTESIAN_POINT('',(-10.5,-9.69,1.6));
#2107=ORIENTED_EDGE('',*,*,#2108,.T.);
#2108=EDGE_CURVE('',#2105,#1193,#2109,.T.);
#2109=LINE('',#2110,#131);
#2110=CARTESIAN_POINT('',(-6.055,-9.69,1.6));
#2111=FACE_BOUND('',#2112,.F.);
#2112=EDGE_LOOP('',(#2113));
#2113=ORIENTED_EDGE('',*,*,#2114,.T.);
#2114=EDGE_CURVE('',#2115,#2115,#2117,.T.);
#2115=VERTEX_POINT('',#2116);
#2116=CARTESIAN_POINT('',(6.75,-23.5,1.6));
#2117=CIRCLE('',#2118,1.05);
#2118=AXIS2_PLACEMENT_3D('',#2119,#13,#14);
#2119=CARTESIAN_POINT('',(5.7,-23.5,1.6));
#2120=FACE_BOUND('',#2121,.F.);
#2121=EDGE_LOOP('',(#2122));
#2122=ORIENTED_EDGE('',*,*,#2123,.F.);
#2123=EDGE_CURVE('',#2124,#2124,#2126,.T.);
#2124=VERTEX_POINT('',#2125);
#2125=CARTESIAN_POINT('',(6.1641,-5.7,1.6));
#2126=CIRCLE('',#2127,0.5);
#2127=AXIS2_PLACEMENT_3D('',#2128,#188,#14);
#2128=CARTESIAN_POINT('',(5.6641,-5.7,1.6));
#2129=FACE_BOUND('',#2130,.F.);
#2130=EDGE_LOOP('',(#2131));
#2131=ORIENTED_EDGE('',*,*,#2132,.F.);
#2132=EDGE_CURVE('',#2133,#2133,#2135,.T.);
#2133=VERTEX_POINT('',#2134);
#2134=CARTESIAN_POINT('',(3.6241,-5.7,1.6));
#2135=CIRCLE('',#2136,0.5);
#2136=AXIS2_PLACEMENT_3D('',#2137,#188,#14);
#2137=CARTESIAN_POINT('',(3.1241,-5.7,1.6));
#2138=FACE_BOUND('',#2139,.F.);
#2139=EDGE_LOOP('',(#2140));
#2140=ORIENTED_EDGE('',*,*,#2141,.F.);
#2141=EDGE_CURVE('',#2142,#2142,#2144,.T.);
#2142=VERTEX_POINT('',#2143);
#2143=CARTESIAN_POINT('',(1.0841,-5.7,1.6));
#2144=CIRCLE('',#2145,0.5);
#2145=AXIS2_PLACEMENT_3D('',#2146,#188,#14);
#2146=CARTESIAN_POINT('',(0.5841,-5.7,1.6));
#2147=FACE_BOUND('',#2148,.F.);
#2148=EDGE_LOOP('',(#2149));
#2149=ORIENTED_EDGE('',*,*,#2150,.T.);
#2150=EDGE_CURVE('',#2151,#2151,#2153,.T.);
#2151=VERTEX_POINT('',#2152);
#2152=CARTESIAN_POINT('',(-4.65,-23.5,1.6));
#2153=CIRCLE('',#2154,1.05);
#2154=AXIS2_PLACEMENT_3D('',#2155,#13,#14);
#2155=CARTESIAN_POINT('',(-5.7,-23.5,1.6));
#2156=FACE_BOUND('',#2157,.F.);
#2157=EDGE_LOOP('',(#2158));
#2158=ORIENTED_EDGE('',*,*,#2159,.T.);
#2159=EDGE_CURVE('',#2160,#2160,#2162,.T.);
#2160=VERTEX_POINT('',#2161);
#2161=CARTESIAN_POINT('',(6.75,23.5,1.6));
#2162=CIRCLE('',#2163,1.05);
#2163=AXIS2_PLACEMENT_3D('',#2164,#13,#14);
#2164=CARTESIAN_POINT('',(5.7,23.5,1.6));
#2165=FACE_BOUND('',#2166,.F.);
#2166=EDGE_LOOP('',(#2167));
#2167=ORIENTED_EDGE('',*,*,#2168,.T.);
#2168=EDGE_CURVE('',#2169,#2169,#2171,.T.);
#2169=VERTEX_POINT('',#2170);
#2170=CARTESIAN_POINT('',(-4.65,23.5,1.6));
#2171=CIRCLE('',#2172,1.05);
#2172=AXIS2_PLACEMENT_3D('',#2173,#13,#14);
#2173=CARTESIAN_POINT('',(-5.7,23.5,1.6));
#2174=PLANE('',#2175);
#2175=AXIS2_PLACEMENT_3D('',#2176,#188,#166);
#2176=CARTESIAN_POINT('',(0.,0.,1.6));
#2177=ADVANCED_FACE('',(#2178),#2186,.T.);
#2178=FACE_BOUND('',#2179,.T.);
#2179=EDGE_LOOP('',(#2180,#2181,#1497,#2185));
#2180=ORIENTED_EDGE('',*,*,#504,.F.);
#2181=ORIENTED_EDGE('',*,*,#2182,.T.);
#2182=EDGE_CURVE('',#498,#1492,#2183,.T.);
#2183=LINE('',#2184,#125);
#2184=CARTESIAN_POINT('',(-8.89,24.93,-51.0000002));
#2185=ORIENTED_EDGE('',*,*,#154,.F.);
#2186=PLANE('',#2187);
#2187=AXIS2_PLACEMENT_3D('',#2184,#176,#166);
#2188=ADVANCED_FACE('',(#2189),#2197,.T.);
#2189=FACE_BOUND('',#2190,.T.);
#2190=EDGE_LOOP('',(#2191,#2195,#2196,#1501));
#2191=ORIENTED_EDGE('',*,*,#2192,.F.);
#2192=EDGE_CURVE('',#512,#1503,#2193,.T.);
#2193=LINE('',#2194,#125);
#2194=CARTESIAN_POINT('',(8.89,24.93,-51.0000003));
#2195=ORIENTED_EDGE('',*,*,#511,.F.);
#2196=ORIENTED_EDGE('',*,*,#184,.F.);
#2197=PLANE('',#2198);
#2198=AXIS2_PLACEMENT_3D('',#2199,#176,#166);
#2199=CARTESIAN_POINT('',(12.11,24.93,-51.0000003));
#2200=ADVANCED_FACE('',(#2201),#2212,.F.);
#2201=FACE_BOUND('',#2202,.T.);
#2202=EDGE_LOOP('',(#2203,#2204,#1189,#2208));
#2203=ORIENTED_EDGE('',*,*,#195,.F.);
#2204=ORIENTED_EDGE('',*,*,#2205,.T.);
#2205=EDGE_CURVE('',#196,#1193,#2206,.T.);
#2206=LINE('',#2207,#125);
#2207=CARTESIAN_POINT('',(-8.89,-9.69,-51.0000003));
#2208=ORIENTED_EDGE('',*,*,#2209,.F.);
#2209=EDGE_CURVE('',#198,#1191,#2210,.T.);
#2210=LINE('',#2211,#125);
#2211=CARTESIAN_POINT('',(-8.89,-8.09,-51.0000003));
#2212=CYLINDRICAL_SURFACE('',#2213,0.8);
#2213=AXIS2_PLACEMENT_3D('',#2214,#188,#14);
#2214=CARTESIAN_POINT('',(-8.89,-8.89,-51.0000003));
#2215=ADVANCED_FACE('',(#2216),#2224,.T.);
#2216=FACE_BOUND('',#2217,.T.);
#2217=EDGE_LOOP('',(#2218,#2219,#2220,#2107));
#2218=ORIENTED_EDGE('',*,*,#2205,.F.);
#2219=ORIENTED_EDGE('',*,*,#1117,.F.);
#2220=ORIENTED_EDGE('',*,*,#2221,.F.);
#2221=EDGE_CURVE('',#2105,#1114,#2222,.T.);
#2222=LINE('',#2223,#187);
#2223=CARTESIAN_POINT('',(-10.5,-9.69,-25.50000015));
#2224=PLANE('',#2225);
#2225=AXIS2_PLACEMENT_3D('',#2226,#142,#14);
#2226=CARTESIAN_POINT('',(-12.11,-9.69,-51.0000003));
#2227=ADVANCED_FACE('',(#2228),#164,.T.);
#2228=FACE_BOUND('',#2229,.T.);
#2229=EDGE_LOOP('',(#2230,#2231,#2103,#2235));
#2230=ORIENTED_EDGE('',*,*,#1113,.F.);
#2231=ORIENTED_EDGE('',*,*,#2232,.T.);
#2232=EDGE_CURVE('',#1108,#2099,#2233,.T.);
#2233=LINE('',#2234,#125);
#2234=CARTESIAN_POINT('',(-10.5,-10.63,-25.50000015));
#2235=ORIENTED_EDGE('',*,*,#2221,.T.);
#2236=ADVANCED_FACE('',(#2237),#2245,.T.);
#2237=FACE_BOUND('',#2238,.T.);
#2238=EDGE_LOOP('',(#2239,#2240,#2097,#2244));
#2239=ORIENTED_EDGE('',*,*,#1107,.F.);
#2240=ORIENTED_EDGE('',*,*,#2241,.T.);
#2241=EDGE_CURVE('',#1101,#2092,#2242,.T.);
#2242=LINE('',#2243,#125);
#2243=CARTESIAN_POINT('',(-8.89,-10.63,-51.0000003));
#2244=ORIENTED_EDGE('',*,*,#2232,.F.);
#2245=PLANE('',#2246);
#2246=AXIS2_PLACEMENT_3D('',#2243,#176,#166);
#2247=ADVANCED_FACE('',(#2248),#2256,.F.);
#2248=FACE_BOUND('',#2249,.T.);
#2249=EDGE_LOOP('',(#2250,#2251,#2090,#2255));
#2250=ORIENTED_EDGE('',*,*,#1100,.F.);
#2251=ORIENTED_EDGE('',*,*,#2252,.T.);
#2252=EDGE_CURVE('',#1095,#2086,#2253,.T.);
#2253=LINE('',#2254,#125);
#2254=CARTESIAN_POINT('',(-8.89,-12.23,-51.0000003));
#2255=ORIENTED_EDGE('',*,*,#2241,.F.);
#2256=CYLINDRICAL_SURFACE('',#2257,0.8);
#2257=AXIS2_PLACEMENT_3D('',#2258,#188,#14);
#2258=CARTESIAN_POINT('',(-8.89,-11.43,-51.0000003));
#2259=ADVANCED_FACE('',(#2260),#2268,.T.);
#2260=FACE_BOUND('',#2261,.T.);
#2261=EDGE_LOOP('',(#2262,#2263,#2264,#2084));
#2262=ORIENTED_EDGE('',*,*,#2252,.F.);
#2263=ORIENTED_EDGE('',*,*,#1094,.F.);
#2264=ORIENTED_EDGE('',*,*,#2265,.F.);
#2265=EDGE_CURVE('',#2082,#1091,#2266,.T.);
#2266=LINE('',#2267,#187);
#2267=CARTESIAN_POINT('',(-10.5,-12.23,-25.50000015));
#2268=PLANE('',#2269);
#2269=AXIS2_PLACEMENT_3D('',#2270,#142,#14);
#2270=CARTESIAN_POINT('',(-12.11,-12.23,-51.0000003));
#2271=ADVANCED_FACE('',(#2272),#164,.T.);
#2272=FACE_BOUND('',#2273,.T.);
#2273=EDGE_LOOP('',(#2274,#2275,#2080,#2279));
#2274=ORIENTED_EDGE('',*,*,#1090,.F.);
#2275=ORIENTED_EDGE('',*,*,#2276,.T.);
#2276=EDGE_CURVE('',#1085,#2076,#2277,.T.);
#2277=LINE('',#2278,#125);
#2278=CARTESIAN_POINT('',(-10.5,-13.17,-25.50000015));
#2279=ORIENTED_EDGE('',*,*,#2265,.T.);
#2280=ADVANCED_FACE('',(#2281),#2289,.T.);
#2281=FACE_BOUND('',#2282,.T.);
#2282=EDGE_LOOP('',(#2283,#2284,#2074,#2288));
#2283=ORIENTED_EDGE('',*,*,#1084,.F.);
#2284=ORIENTED_EDGE('',*,*,#2285,.T.);
#2285=EDGE_CURVE('',#1078,#2069,#2286,.T.);
#2286=LINE('',#2287,#125);
#2287=CARTESIAN_POINT('',(-8.89,-13.17,-51.0000003));
#2288=ORIENTED_EDGE('',*,*,#2276,.F.);
#2289=PLANE('',#2290);
#2290=AXIS2_PLACEMENT_3D('',#2287,#176,#166);
#2291=ADVANCED_FACE('',(#2292),#2300,.F.);
#2292=FACE_BOUND('',#2293,.T.);
#2293=EDGE_LOOP('',(#2294,#2295,#2067,#2299));
#2294=ORIENTED_EDGE('',*,*,#1077,.F.);
#2295=ORIENTED_EDGE('',*,*,#2296,.T.);
#2296=EDGE_CURVE('',#1072,#2063,#2297,.T.);
#2297=LINE('',#2298,#125);
#2298=CARTESIAN_POINT('',(-8.89,-14.77,-51.0000003));
#2299=ORIENTED_EDGE('',*,*,#2285,.F.);
#2300=CYLINDRICAL_SURFACE('',#2301,0.8);
#2301=AXIS2_PLACEMENT_3D('',#2302,#188,#14);
#2302=CARTESIAN_POINT('',(-8.89,-13.97,-51.0000003));
#2303=ADVANCED_FACE('',(#2304),#2312,.T.);
#2304=FACE_BOUND('',#2305,.T.);
#2305=EDGE_LOOP('',(#2306,#2307,#2308,#2061));
#2306=ORIENTED_EDGE('',*,*,#2296,.F.);
#2307=ORIENTED_EDGE('',*,*,#1071,.F.);
#2308=ORIENTED_EDGE('',*,*,#2309,.F.);
#2309=EDGE_CURVE('',#2059,#1068,#2310,.T.);
#2310=LINE('',#2311,#187);
#2311=CARTESIAN_POINT('',(-10.5,-14.77,-25.50000015));
#2312=PLANE('',#2313);
#2313=AXIS2_PLACEMENT_3D('',#2314,#142,#14);
#2314=CARTESIAN_POINT('',(-12.11,-14.77,-51.0000003));
#2315=ADVANCED_FACE('',(#2316),#164,.T.);
#2316=FACE_BOUND('',#2317,.T.);
#2317=EDGE_LOOP('',(#2318,#2319,#2057,#2323));
#2318=ORIENTED_EDGE('',*,*,#1067,.F.);
#2319=ORIENTED_EDGE('',*,*,#2320,.T.);
#2320=EDGE_CURVE('',#1062,#2053,#2321,.T.);
#2321=LINE('',#2322,#125);
#2322=CARTESIAN_POINT('',(-10.5,-15.71,-25.50000015));
#2323=ORIENTED_EDGE('',*,*,#2309,.T.);
#2324=ADVANCED_FACE('',(#2325),#2333,.T.);
#2325=FACE_BOUND('',#2326,.T.);
#2326=EDGE_LOOP('',(#2327,#2328,#2051,#2332));
#2327=ORIENTED_EDGE('',*,*,#1061,.F.);
#2328=ORIENTED_EDGE('',*,*,#2329,.T.);
#2329=EDGE_CURVE('',#1055,#2046,#2330,.T.);
#2330=LINE('',#2331,#125);
#2331=CARTESIAN_POINT('',(-8.89,-15.71,-51.0000003));
#2332=ORIENTED_EDGE('',*,*,#2320,.F.);
#2333=PLANE('',#2334);
#2334=AXIS2_PLACEMENT_3D('',#2331,#176,#166);
#2335=ADVANCED_FACE('',(#2336),#2344,.F.);
#2336=FACE_BOUND('',#2337,.T.);
#2337=EDGE_LOOP('',(#2338,#2339,#2044,#2343));
#2338=ORIENTED_EDGE('',*,*,#1054,.F.);
#2339=ORIENTED_EDGE('',*,*,#2340,.T.);
#2340=EDGE_CURVE('',#1049,#2040,#2341,.T.);
#2341=LINE('',#2342,#125);
#2342=CARTESIAN_POINT('',(-8.89,-17.31,-51.0000003));
#2343=ORIENTED_EDGE('',*,*,#2329,.F.);
#2344=CYLINDRICAL_SURFACE('',#2345,0.8);
#2345=AXIS2_PLACEMENT_3D('',#2346,#188,#14);
#2346=CARTESIAN_POINT('',(-8.89,-16.51,-51.0000003));
#2347=ADVANCED_FACE('',(#2348),#2356,.T.);
#2348=FACE_BOUND('',#2349,.T.);
#2349=EDGE_LOOP('',(#2350,#2351,#2352,#2038));
#2350=ORIENTED_EDGE('',*,*,#2340,.F.);
#2351=ORIENTED_EDGE('',*,*,#1048,.F.);
#2352=ORIENTED_EDGE('',*,*,#2353,.F.);
#2353=EDGE_CURVE('',#2036,#1045,#2354,.T.);
#2354=LINE('',#2355,#187);
#2355=CARTESIAN_POINT('',(-10.5,-17.31,-25.50000015));
#2356=PLANE('',#2357);
#2357=AXIS2_PLACEMENT_3D('',#2358,#142,#14);
#2358=CARTESIAN_POINT('',(-12.11,-17.31,-51.0000003));
#2359=ADVANCED_FACE('',(#2360),#164,.T.);
#2360=FACE_BOUND('',#2361,.T.);
#2361=EDGE_LOOP('',(#2362,#2363,#2034,#2367));
#2362=ORIENTED_EDGE('',*,*,#1044,.F.);
#2363=ORIENTED_EDGE('',*,*,#2364,.T.);
#2364=EDGE_CURVE('',#1039,#2030,#2365,.T.);
#2365=LINE('',#2366,#125);
#2366=CARTESIAN_POINT('',(-10.5,-18.25,-25.50000015));
#2367=ORIENTED_EDGE('',*,*,#2353,.T.);
#2368=ADVANCED_FACE('',(#2369),#2377,.T.);
#2369=FACE_BOUND('',#2370,.T.);
#2370=EDGE_LOOP('',(#2371,#2372,#2028,#2376));
#2371=ORIENTED_EDGE('',*,*,#1038,.F.);
#2372=ORIENTED_EDGE('',*,*,#2373,.T.);
#2373=EDGE_CURVE('',#1032,#2023,#2374,.T.);
#2374=LINE('',#2375,#125);
#2375=CARTESIAN_POINT('',(-8.89,-18.25,-51.0000003));
#2376=ORIENTED_EDGE('',*,*,#2364,.F.);
#2377=PLANE('',#2378);
#2378=AXIS2_PLACEMENT_3D('',#2375,#176,#166);
#2379=ADVANCED_FACE('',(#2380),#2388,.F.);
#2380=FACE_BOUND('',#2381,.T.);
#2381=EDGE_LOOP('',(#2382,#2383,#2021,#2387));
#2382=ORIENTED_EDGE('',*,*,#1031,.F.);
#2383=ORIENTED_EDGE('',*,*,#2384,.T.);
#2384=EDGE_CURVE('',#1026,#2017,#2385,.T.);
#2385=LINE('',#2386,#125);
#2386=CARTESIAN_POINT('',(-8.89,-19.85,-51.0000003));
#2387=ORIENTED_EDGE('',*,*,#2373,.F.);
#2388=CYLINDRICAL_SURFACE('',#2389,0.8);
#2389=AXIS2_PLACEMENT_3D('',#2390,#188,#14);
#2390=CARTESIAN_POINT('',(-8.89,-19.05,-51.0000003));
#2391=ADVANCED_FACE('',(#2392),#2400,.T.);
#2392=FACE_BOUND('',#2393,.T.);
#2393=EDGE_LOOP('',(#2394,#2395,#2396,#2015));
#2394=ORIENTED_EDGE('',*,*,#2384,.F.);
#2395=ORIENTED_EDGE('',*,*,#1025,.F.);
#2396=ORIENTED_EDGE('',*,*,#2397,.F.);
#2397=EDGE_CURVE('',#2013,#1022,#2398,.T.);
#2398=LINE('',#2399,#187);
#2399=CARTESIAN_POINT('',(-10.5,-19.85,-25.50000015));
#2400=PLANE('',#2401);
#2401=AXIS2_PLACEMENT_3D('',#2402,#142,#14);
#2402=CARTESIAN_POINT('',(-12.11,-19.85,-51.0000003));
#2403=ADVANCED_FACE('',(#2404),#164,.T.);
#2404=FACE_BOUND('',#2405,.T.);
#2405=EDGE_LOOP('',(#2406,#2407,#2011,#2411));
#2406=ORIENTED_EDGE('',*,*,#1021,.F.);
#2407=ORIENTED_EDGE('',*,*,#2408,.T.);
#2408=EDGE_CURVE('',#1016,#2007,#2409,.T.);
#2409=LINE('',#2410,#125);
#2410=CARTESIAN_POINT('',(-10.5,-20.79,-25.50000015));
#2411=ORIENTED_EDGE('',*,*,#2397,.T.);
#2412=ADVANCED_FACE('',(#2413),#2421,.T.);
#2413=FACE_BOUND('',#2414,.T.);
#2414=EDGE_LOOP('',(#2415,#2416,#2005,#2420));
#2415=ORIENTED_EDGE('',*,*,#1015,.F.);
#2416=ORIENTED_EDGE('',*,*,#2417,.T.);
#2417=EDGE_CURVE('',#1009,#2000,#2418,.T.);
#2418=LINE('',#2419,#125);
#2419=CARTESIAN_POINT('',(-8.89,-20.79,-51.0000003));
#2420=ORIENTED_EDGE('',*,*,#2408,.F.);
#2421=PLANE('',#2422);
#2422=AXIS2_PLACEMENT_3D('',#2419,#176,#166);
#2423=ADVANCED_FACE('',(#2424),#2432,.F.);
#2424=FACE_BOUND('',#2425,.T.);
#2425=EDGE_LOOP('',(#2426,#2427,#1998,#2431));
#2426=ORIENTED_EDGE('',*,*,#1008,.F.);
#2427=ORIENTED_EDGE('',*,*,#2428,.T.);
#2428=EDGE_CURVE('',#1003,#1994,#2429,.T.);
#2429=LINE('',#2430,#125);
#2430=CARTESIAN_POINT('',(-8.89,-22.39,-51.0000003));
#2431=ORIENTED_EDGE('',*,*,#2417,.F.);
#2432=CYLINDRICAL_SURFACE('',#2433,0.8);
#2433=AXIS2_PLACEMENT_3D('',#2434,#188,#14);
#2434=CARTESIAN_POINT('',(-8.89,-21.59,-51.0000003));
#2435=ADVANCED_FACE('',(#2436),#2444,.T.);
#2436=FACE_BOUND('',#2437,.T.);
#2437=EDGE_LOOP('',(#2438,#2439,#2440,#1992));
#2438=ORIENTED_EDGE('',*,*,#2428,.F.);
#2439=ORIENTED_EDGE('',*,*,#1002,.F.);
#2440=ORIENTED_EDGE('',*,*,#2441,.F.);
#2441=EDGE_CURVE('',#1990,#999,#2442,.T.);
#2442=LINE('',#2443,#187);
#2443=CARTESIAN_POINT('',(-10.5,-22.39,-25.50000015));
#2444=PLANE('',#2445);
#2445=AXIS2_PLACEMENT_3D('',#2446,#142,#14);
#2446=CARTESIAN_POINT('',(-12.11,-22.39,-51.0000003));
#2447=ADVANCED_FACE('',(#2448),#164,.T.);
#2448=FACE_BOUND('',#2449,.T.);
#2449=EDGE_LOOP('',(#2450,#2451,#1988,#2455));
#2450=ORIENTED_EDGE('',*,*,#998,.F.);
#2451=ORIENTED_EDGE('',*,*,#2452,.T.);
#2452=EDGE_CURVE('',#993,#1984,#2453,.T.);
#2453=LINE('',#2454,#125);
#2454=CARTESIAN_POINT('',(-10.5,-23.33,-25.50000015));
#2455=ORIENTED_EDGE('',*,*,#2441,.T.);
#2456=ADVANCED_FACE('',(#2457),#2465,.T.);
#2457=FACE_BOUND('',#2458,.T.);
#2458=EDGE_LOOP('',(#2459,#2460,#1982,#2464));
#2459=ORIENTED_EDGE('',*,*,#992,.F.);
#2460=ORIENTED_EDGE('',*,*,#2461,.T.);
#2461=EDGE_CURVE('',#986,#1977,#2462,.T.);
#2462=LINE('',#2463,#125);
#2463=CARTESIAN_POINT('',(-8.89,-23.33,-51.0000003));
#2464=ORIENTED_EDGE('',*,*,#2452,.F.);
#2465=PLANE('',#2466);
#2466=AXIS2_PLACEMENT_3D('',#2463,#176,#166);
#2467=ADVANCED_FACE('',(#2468),#2476,.F.);
#2468=FACE_BOUND('',#2469,.T.);
#2469=EDGE_LOOP('',(#2470,#2471,#1975,#2475));
#2470=ORIENTED_EDGE('',*,*,#985,.F.);
#2471=ORIENTED_EDGE('',*,*,#2472,.T.);
#2472=EDGE_CURVE('',#980,#1971,#2473,.T.);
#2473=LINE('',#2474,#125);
#2474=CARTESIAN_POINT('',(-8.89,-24.93,-51.0000003));
#2475=ORIENTED_EDGE('',*,*,#2461,.F.);
#2476=CYLINDRICAL_SURFACE('',#2477,0.8);
#2477=AXIS2_PLACEMENT_3D('',#2478,#188,#14);
#2478=CARTESIAN_POINT('',(-8.89,-24.13,-51.0000003));
#2479=ADVANCED_FACE('',(#2480),#2488,.T.);
#2480=FACE_BOUND('',#2481,.T.);
#2481=EDGE_LOOP('',(#2482,#2483,#2484,#1969));
#2482=ORIENTED_EDGE('',*,*,#2472,.F.);
#2483=ORIENTED_EDGE('',*,*,#979,.F.);
#2484=ORIENTED_EDGE('',*,*,#2485,.F.);
#2485=EDGE_CURVE('',#1967,#976,#2486,.T.);
#2486=LINE('',#2487,#187);
#2487=CARTESIAN_POINT('',(-10.5,-24.93,-25.50000015));
#2488=PLANE('',#2489);
#2489=AXIS2_PLACEMENT_3D('',#2490,#142,#14);
#2490=CARTESIAN_POINT('',(-12.11,-24.93,-51.0000003));
#2491=ADVANCED_FACE('',(#2492),#164,.T.);
#2492=FACE_BOUND('',#2493,.T.);
#2493=EDGE_LOOP('',(#2494,#2495,#1965,#2498));
#2494=ORIENTED_EDGE('',*,*,#975,.F.);
#2495=ORIENTED_EDGE('',*,*,#2496,.T.);
#2496=EDGE_CURVE('',#972,#1963,#2497,.T.);
#2497=LINE('',#151,#125);
#2498=ORIENTED_EDGE('',*,*,#2485,.T.);
#2499=ADVANCED_FACE('',(#2500),#2507,.T.);
#2500=FACE_BOUND('',#2501,.T.);
#2501=EDGE_LOOP('',(#2502,#1961,#2505,#2506));
#2502=ORIENTED_EDGE('',*,*,#2503,.T.);
#2503=EDGE_CURVE('',#968,#1959,#2504,.T.);
#2504=LINE('',#969,#125);
#2505=ORIENTED_EDGE('',*,*,#2496,.F.);
#2506=ORIENTED_EDGE('',*,*,#971,.F.);
#2507=PLANE('',#2508);
#2508=AXIS2_PLACEMENT_3D('',#969,#176,#166);
#2509=ADVANCED_FACE('',(#2510),#189,.T.);
#2510=FACE_BOUND('',#2511,.T.);
#2511=EDGE_LOOP('',(#2512,#2513,#1957,#2517));
#2512=ORIENTED_EDGE('',*,*,#967,.F.);
#2513=ORIENTED_EDGE('',*,*,#2514,.T.);
#2514=EDGE_CURVE('',#962,#1953,#2515,.T.);
#2515=LINE('',#2516,#125);
#2516=CARTESIAN_POINT('',(10.5,-24.93,-25.50000015));
#2517=ORIENTED_EDGE('',*,*,#2503,.F.);
#2518=ADVANCED_FACE('',(#2519),#2527,.T.);
#2519=FACE_BOUND('',#2520,.T.);
#2520=EDGE_LOOP('',(#2521,#2522,#1951,#2526));
#2521=ORIENTED_EDGE('',*,*,#961,.F.);
#2522=ORIENTED_EDGE('',*,*,#2523,.T.);
#2523=EDGE_CURVE('',#955,#1946,#2524,.T.);
#2524=LINE('',#2525,#125);
#2525=CARTESIAN_POINT('',(8.89,-24.93,-51.0000003));
#2526=ORIENTED_EDGE('',*,*,#2514,.F.);
#2527=PLANE('',#2528);
#2528=AXIS2_PLACEMENT_3D('',#2525,#142,#14);
#2529=ADVANCED_FACE('',(#2530),#2538,.F.);
#2530=FACE_BOUND('',#2531,.T.);
#2531=EDGE_LOOP('',(#2532,#2533,#1944,#2537));
#2532=ORIENTED_EDGE('',*,*,#954,.F.);
#2533=ORIENTED_EDGE('',*,*,#2534,.T.);
#2534=EDGE_CURVE('',#949,#1940,#2535,.T.);
#2535=LINE('',#2536,#125);
#2536=CARTESIAN_POINT('',(8.89,-23.33,-51.0000003));
#2537=ORIENTED_EDGE('',*,*,#2523,.F.);
#2538=CYLINDRICAL_SURFACE('',#2539,0.8);
#2539=AXIS2_PLACEMENT_3D('',#2540,#188,#14);
#2540=CARTESIAN_POINT('',(8.89,-24.13,-51.0000003));
#2541=ADVANCED_FACE('',(#2542),#2550,.T.);
#2542=FACE_BOUND('',#2543,.T.);
#2543=EDGE_LOOP('',(#2544,#2545,#2546,#1938));
#2544=ORIENTED_EDGE('',*,*,#2534,.F.);
#2545=ORIENTED_EDGE('',*,*,#948,.F.);
#2546=ORIENTED_EDGE('',*,*,#2547,.F.);
#2547=EDGE_CURVE('',#1936,#945,#2548,.T.);
#2548=LINE('',#2549,#187);
#2549=CARTESIAN_POINT('',(10.5,-23.33,-25.50000015));
#2550=PLANE('',#2551);
#2551=AXIS2_PLACEMENT_3D('',#2552,#176,#166);
#2552=CARTESIAN_POINT('',(12.11,-23.33,-51.0000003));
#2553=ADVANCED_FACE('',(#2554),#189,.T.);
#2554=FACE_BOUND('',#2555,.T.);
#2555=EDGE_LOOP('',(#2556,#2557,#1934,#2561));
#2556=ORIENTED_EDGE('',*,*,#944,.F.);
#2557=ORIENTED_EDGE('',*,*,#2558,.T.);
#2558=EDGE_CURVE('',#939,#1930,#2559,.T.);
#2559=LINE('',#2560,#125);
#2560=CARTESIAN_POINT('',(10.5,-22.39,-25.50000015));
#2561=ORIENTED_EDGE('',*,*,#2547,.T.);
#2562=ADVANCED_FACE('',(#2563),#2571,.T.);
#2563=FACE_BOUND('',#2564,.T.);
#2564=EDGE_LOOP('',(#2565,#2566,#1928,#2570));
#2565=ORIENTED_EDGE('',*,*,#938,.F.);
#2566=ORIENTED_EDGE('',*,*,#2567,.T.);
#2567=EDGE_CURVE('',#932,#1923,#2568,.T.);
#2568=LINE('',#2569,#125);
#2569=CARTESIAN_POINT('',(8.89,-22.39,-51.0000003));
#2570=ORIENTED_EDGE('',*,*,#2558,.F.);
#2571=PLANE('',#2572);
#2572=AXIS2_PLACEMENT_3D('',#2569,#142,#14);
#2573=ADVANCED_FACE('',(#2574),#2582,.F.);
#2574=FACE_BOUND('',#2575,.T.);
#2575=EDGE_LOOP('',(#2576,#2577,#1921,#2581));
#2576=ORIENTED_EDGE('',*,*,#931,.F.);
#2577=ORIENTED_EDGE('',*,*,#2578,.T.);
#2578=EDGE_CURVE('',#926,#1917,#2579,.T.);
#2579=LINE('',#2580,#125);
#2580=CARTESIAN_POINT('',(8.89,-20.79,-51.0000003));
#2581=ORIENTED_EDGE('',*,*,#2567,.F.);
#2582=CYLINDRICAL_SURFACE('',#2583,0.8);
#2583=AXIS2_PLACEMENT_3D('',#2584,#188,#14);
#2584=CARTESIAN_POINT('',(8.89,-21.59,-51.0000003));
#2585=ADVANCED_FACE('',(#2586),#2594,.T.);
#2586=FACE_BOUND('',#2587,.T.);
#2587=EDGE_LOOP('',(#2588,#2589,#2590,#1915));
#2588=ORIENTED_EDGE('',*,*,#2578,.F.);
#2589=ORIENTED_EDGE('',*,*,#925,.F.);
#2590=ORIENTED_EDGE('',*,*,#2591,.F.);
#2591=EDGE_CURVE('',#1913,#922,#2592,.T.);
#2592=LINE('',#2593,#187);
#2593=CARTESIAN_POINT('',(10.5,-20.79,-25.50000015));
#2594=PLANE('',#2595);
#2595=AXIS2_PLACEMENT_3D('',#2596,#176,#166);
#2596=CARTESIAN_POINT('',(12.11,-20.79,-51.0000003));
#2597=ADVANCED_FACE('',(#2598),#189,.T.);
#2598=FACE_BOUND('',#2599,.T.);
#2599=EDGE_LOOP('',(#2600,#2601,#1911,#2605));
#2600=ORIENTED_EDGE('',*,*,#921,.F.);
#2601=ORIENTED_EDGE('',*,*,#2602,.T.);
#2602=EDGE_CURVE('',#916,#1907,#2603,.T.);
#2603=LINE('',#2604,#125);
#2604=CARTESIAN_POINT('',(10.5,-19.85,-25.50000015));
#2605=ORIENTED_EDGE('',*,*,#2591,.T.);
#2606=ADVANCED_FACE('',(#2607),#2615,.T.);
#2607=FACE_BOUND('',#2608,.T.);
#2608=EDGE_LOOP('',(#2609,#2610,#1905,#2614));
#2609=ORIENTED_EDGE('',*,*,#915,.F.);
#2610=ORIENTED_EDGE('',*,*,#2611,.T.);
#2611=EDGE_CURVE('',#909,#1900,#2612,.T.);
#2612=LINE('',#2613,#125);
#2613=CARTESIAN_POINT('',(8.89,-19.85,-51.0000003));
#2614=ORIENTED_EDGE('',*,*,#2602,.F.);
#2615=PLANE('',#2616);
#2616=AXIS2_PLACEMENT_3D('',#2613,#142,#14);
#2617=ADVANCED_FACE('',(#2618),#2626,.F.);
#2618=FACE_BOUND('',#2619,.T.);
#2619=EDGE_LOOP('',(#2620,#2621,#1898,#2625));
#2620=ORIENTED_EDGE('',*,*,#908,.F.);
#2621=ORIENTED_EDGE('',*,*,#2622,.T.);
#2622=EDGE_CURVE('',#903,#1894,#2623,.T.);
#2623=LINE('',#2624,#125);
#2624=CARTESIAN_POINT('',(8.89,-18.25,-51.0000003));
#2625=ORIENTED_EDGE('',*,*,#2611,.F.);
#2626=CYLINDRICAL_SURFACE('',#2627,0.8);
#2627=AXIS2_PLACEMENT_3D('',#2628,#188,#14);
#2628=CARTESIAN_POINT('',(8.89,-19.05,-51.0000003));
#2629=ADVANCED_FACE('',(#2630),#2638,.T.);
#2630=FACE_BOUND('',#2631,.T.);
#2631=EDGE_LOOP('',(#2632,#2633,#2634,#1892));
#2632=ORIENTED_EDGE('',*,*,#2622,.F.);
#2633=ORIENTED_EDGE('',*,*,#902,.F.);
#2634=ORIENTED_EDGE('',*,*,#2635,.F.);
#2635=EDGE_CURVE('',#1890,#899,#2636,.T.);
#2636=LINE('',#2637,#187);
#2637=CARTESIAN_POINT('',(10.5,-18.25,-25.50000015));
#2638=PLANE('',#2639);
#2639=AXIS2_PLACEMENT_3D('',#2640,#176,#166);
#2640=CARTESIAN_POINT('',(12.11,-18.25,-51.0000003));
#2641=ADVANCED_FACE('',(#2642),#189,.T.);
#2642=FACE_BOUND('',#2643,.T.);
#2643=EDGE_LOOP('',(#2644,#2645,#1888,#2649));
#2644=ORIENTED_EDGE('',*,*,#898,.F.);
#2645=ORIENTED_EDGE('',*,*,#2646,.T.);
#2646=EDGE_CURVE('',#893,#1884,#2647,.T.);
#2647=LINE('',#2648,#125);
#2648=CARTESIAN_POINT('',(10.5,-17.31,-25.50000015));
#2649=ORIENTED_EDGE('',*,*,#2635,.T.);
#2650=ADVANCED_FACE('',(#2651),#2659,.T.);
#2651=FACE_BOUND('',#2652,.T.);
#2652=EDGE_LOOP('',(#2653,#2654,#1882,#2658));
#2653=ORIENTED_EDGE('',*,*,#892,.F.);
#2654=ORIENTED_EDGE('',*,*,#2655,.T.);
#2655=EDGE_CURVE('',#886,#1877,#2656,.T.);
#2656=LINE('',#2657,#125);
#2657=CARTESIAN_POINT('',(8.89,-17.31,-51.0000003));
#2658=ORIENTED_EDGE('',*,*,#2646,.F.);
#2659=PLANE('',#2660);
#2660=AXIS2_PLACEMENT_3D('',#2657,#142,#14);
#2661=ADVANCED_FACE('',(#2662),#2670,.F.);
#2662=FACE_BOUND('',#2663,.T.);
#2663=EDGE_LOOP('',(#2664,#2665,#1875,#2669));
#2664=ORIENTED_EDGE('',*,*,#885,.F.);
#2665=ORIENTED_EDGE('',*,*,#2666,.T.);
#2666=EDGE_CURVE('',#880,#1871,#2667,.T.);
#2667=LINE('',#2668,#125);
#2668=CARTESIAN_POINT('',(8.89,-15.71,-51.0000003));
#2669=ORIENTED_EDGE('',*,*,#2655,.F.);
#2670=CYLINDRICAL_SURFACE('',#2671,0.8);
#2671=AXIS2_PLACEMENT_3D('',#2672,#188,#14);
#2672=CARTESIAN_POINT('',(8.89,-16.51,-51.0000003));
#2673=ADVANCED_FACE('',(#2674),#2682,.T.);
#2674=FACE_BOUND('',#2675,.T.);
#2675=EDGE_LOOP('',(#2676,#2677,#2678,#1869));
#2676=ORIENTED_EDGE('',*,*,#2666,.F.);
#2677=ORIENTED_EDGE('',*,*,#879,.F.);
#2678=ORIENTED_EDGE('',*,*,#2679,.F.);
#2679=EDGE_CURVE('',#1867,#876,#2680,.T.);
#2680=LINE('',#2681,#187);
#2681=CARTESIAN_POINT('',(10.5,-15.71,-25.50000015));
#2682=PLANE('',#2683);
#2683=AXIS2_PLACEMENT_3D('',#2684,#176,#166);
#2684=CARTESIAN_POINT('',(12.11,-15.71,-51.0000003));
#2685=ADVANCED_FACE('',(#2686),#189,.T.);
#2686=FACE_BOUND('',#2687,.T.);
#2687=EDGE_LOOP('',(#2688,#2689,#1865,#2693));
#2688=ORIENTED_EDGE('',*,*,#875,.F.);
#2689=ORIENTED_EDGE('',*,*,#2690,.T.);
#2690=EDGE_CURVE('',#870,#1861,#2691,.T.);
#2691=LINE('',#2692,#125);
#2692=CARTESIAN_POINT('',(10.5,-14.77,-25.50000015));
#2693=ORIENTED_EDGE('',*,*,#2679,.T.);
#2694=ADVANCED_FACE('',(#2695),#2703,.T.);
#2695=FACE_BOUND('',#2696,.T.);
#2696=EDGE_LOOP('',(#2697,#2698,#1859,#2702));
#2697=ORIENTED_EDGE('',*,*,#869,.F.);
#2698=ORIENTED_EDGE('',*,*,#2699,.T.);
#2699=EDGE_CURVE('',#863,#1854,#2700,.T.);
#2700=LINE('',#2701,#125);
#2701=CARTESIAN_POINT('',(8.89,-14.77,-51.0000003));
#2702=ORIENTED_EDGE('',*,*,#2690,.F.);
#2703=PLANE('',#2704);
#2704=AXIS2_PLACEMENT_3D('',#2701,#142,#14);
#2705=ADVANCED_FACE('',(#2706),#2714,.F.);
#2706=FACE_BOUND('',#2707,.T.);
#2707=EDGE_LOOP('',(#2708,#2709,#1852,#2713));
#2708=ORIENTED_EDGE('',*,*,#862,.F.);
#2709=ORIENTED_EDGE('',*,*,#2710,.T.);
#2710=EDGE_CURVE('',#857,#1848,#2711,.T.);
#2711=LINE('',#2712,#125);
#2712=CARTESIAN_POINT('',(8.89,-13.17,-51.0000003));
#2713=ORIENTED_EDGE('',*,*,#2699,.F.);
#2714=CYLINDRICAL_SURFACE('',#2715,0.8);
#2715=AXIS2_PLACEMENT_3D('',#2716,#188,#14);
#2716=CARTESIAN_POINT('',(8.89,-13.97,-51.0000003));
#2717=ADVANCED_FACE('',(#2718),#2726,.T.);
#2718=FACE_BOUND('',#2719,.T.);
#2719=EDGE_LOOP('',(#2720,#2721,#2722,#1846));
#2720=ORIENTED_EDGE('',*,*,#2710,.F.);
#2721=ORIENTED_EDGE('',*,*,#856,.F.);
#2722=ORIENTED_EDGE('',*,*,#2723,.F.);
#2723=EDGE_CURVE('',#1844,#853,#2724,.T.);
#2724=LINE('',#2725,#187);
#2725=CARTESIAN_POINT('',(10.5,-13.17,-25.50000015));
#2726=PLANE('',#2727);
#2727=AXIS2_PLACEMENT_3D('',#2728,#176,#166);
#2728=CARTESIAN_POINT('',(12.11,-13.17,-51.0000003));
#2729=ADVANCED_FACE('',(#2730),#189,.T.);
#2730=FACE_BOUND('',#2731,.T.);
#2731=EDGE_LOOP('',(#2732,#2733,#1842,#2737));
#2732=ORIENTED_EDGE('',*,*,#852,.F.);
#2733=ORIENTED_EDGE('',*,*,#2734,.T.);
#2734=EDGE_CURVE('',#847,#1838,#2735,.T.);
#2735=LINE('',#2736,#125);
#2736=CARTESIAN_POINT('',(10.5,-12.23,-25.50000015));
#2737=ORIENTED_EDGE('',*,*,#2723,.T.);
#2738=ADVANCED_FACE('',(#2739),#2747,.T.);
#2739=FACE_BOUND('',#2740,.T.);
#2740=EDGE_LOOP('',(#2741,#2742,#1836,#2746));
#2741=ORIENTED_EDGE('',*,*,#846,.F.);
#2742=ORIENTED_EDGE('',*,*,#2743,.T.);
#2743=EDGE_CURVE('',#840,#1831,#2744,.T.);
#2744=LINE('',#2745,#125);
#2745=CARTESIAN_POINT('',(8.89,-12.23,-51.0000003));
#2746=ORIENTED_EDGE('',*,*,#2734,.F.);
#2747=PLANE('',#2748);
#2748=AXIS2_PLACEMENT_3D('',#2745,#142,#14);
#2749=ADVANCED_FACE('',(#2750),#2758,.F.);
#2750=FACE_BOUND('',#2751,.T.);
#2751=EDGE_LOOP('',(#2752,#2753,#1829,#2757));
#2752=ORIENTED_EDGE('',*,*,#839,.F.);
#2753=ORIENTED_EDGE('',*,*,#2754,.T.);
#2754=EDGE_CURVE('',#834,#1825,#2755,.T.);
#2755=LINE('',#2756,#125);
#2756=CARTESIAN_POINT('',(8.89,-10.63,-51.0000003));
#2757=ORIENTED_EDGE('',*,*,#2743,.F.);
#2758=CYLINDRICAL_SURFACE('',#2759,0.8);
#2759=AXIS2_PLACEMENT_3D('',#2760,#188,#14);
#2760=CARTESIAN_POINT('',(8.89,-11.43,-51.0000003));
#2761=ADVANCED_FACE('',(#2762),#2770,.T.);
#2762=FACE_BOUND('',#2763,.T.);
#2763=EDGE_LOOP('',(#2764,#2765,#2766,#1823));
#2764=ORIENTED_EDGE('',*,*,#2754,.F.);
#2765=ORIENTED_EDGE('',*,*,#833,.F.);
#2766=ORIENTED_EDGE('',*,*,#2767,.F.);
#2767=EDGE_CURVE('',#1821,#830,#2768,.T.);
#2768=LINE('',#2769,#187);
#2769=CARTESIAN_POINT('',(10.5,-10.63,-25.50000015));
#2770=PLANE('',#2771);
#2771=AXIS2_PLACEMENT_3D('',#2772,#176,#166);
#2772=CARTESIAN_POINT('',(12.11,-10.63,-51.0000003));
#2773=ADVANCED_FACE('',(#2774),#189,.T.);
#2774=FACE_BOUND('',#2775,.T.);
#2775=EDGE_LOOP('',(#2776,#2777,#1819,#2781));
#2776=ORIENTED_EDGE('',*,*,#829,.F.);
#2777=ORIENTED_EDGE('',*,*,#2778,.T.);
#2778=EDGE_CURVE('',#824,#1815,#2779,.T.);
#2779=LINE('',#2780,#125);
#2780=CARTESIAN_POINT('',(10.5,-9.69,-25.50000015));
#2781=ORIENTED_EDGE('',*,*,#2767,.T.);
#2782=ADVANCED_FACE('',(#2783),#2791,.T.);
#2783=FACE_BOUND('',#2784,.T.);
#2784=EDGE_LOOP('',(#2785,#2786,#1813,#2790));
#2785=ORIENTED_EDGE('',*,*,#823,.F.);
#2786=ORIENTED_EDGE('',*,*,#2787,.T.);
#2787=EDGE_CURVE('',#817,#1808,#2788,.T.);
#2788=LINE('',#2789,#125);
#2789=CARTESIAN_POINT('',(8.89,-9.69,-51.0000003));
#2790=ORIENTED_EDGE('',*,*,#2778,.F.);
#2791=PLANE('',#2792);
#2792=AXIS2_PLACEMENT_3D('',#2789,#142,#14);
#2793=ADVANCED_FACE('',(#2794),#2802,.F.);
#2794=FACE_BOUND('',#2795,.T.);
#2795=EDGE_LOOP('',(#2796,#2797,#1806,#2801));
#2796=ORIENTED_EDGE('',*,*,#816,.F.);
#2797=ORIENTED_EDGE('',*,*,#2798,.T.);
#2798=EDGE_CURVE('',#811,#1802,#2799,.T.);
#2799=LINE('',#2800,#125);
#2800=CARTESIAN_POINT('',(8.89,-8.09,-51.0000003));
#2801=ORIENTED_EDGE('',*,*,#2787,.F.);
#2802=CYLINDRICAL_SURFACE('',#2803,0.8);
#2803=AXIS2_PLACEMENT_3D('',#2804,#188,#14);
#2804=CARTESIAN_POINT('',(8.89,-8.89,-51.0000003));
#2805=ADVANCED_FACE('',(#2806),#2814,.T.);
#2806=FACE_BOUND('',#2807,.T.);
#2807=EDGE_LOOP('',(#2808,#2809,#2810,#1800));
#2808=ORIENTED_EDGE('',*,*,#2798,.F.);
#2809=ORIENTED_EDGE('',*,*,#810,.F.);
#2810=ORIENTED_EDGE('',*,*,#2811,.F.);
#2811=EDGE_CURVE('',#1798,#807,#2812,.T.);
#2812=LINE('',#2813,#187);
#2813=CARTESIAN_POINT('',(10.5,-8.09,-25.50000015));
#2814=PLANE('',#2815);
#2815=AXIS2_PLACEMENT_3D('',#2816,#176,#166);
#2816=CARTESIAN_POINT('',(12.11,-8.09,-51.0000003));
#2817=ADVANCED_FACE('',(#2818),#189,.T.);
#2818=FACE_BOUND('',#2819,.T.);
#2819=EDGE_LOOP('',(#2820,#2821,#1796,#2825));
#2820=ORIENTED_EDGE('',*,*,#806,.F.);
#2821=ORIENTED_EDGE('',*,*,#2822,.T.);
#2822=EDGE_CURVE('',#801,#1792,#2823,.T.);
#2823=LINE('',#2824,#125);
#2824=CARTESIAN_POINT('',(10.5,-7.15,-25.50000015));
#2825=ORIENTED_EDGE('',*,*,#2811,.T.);
#2826=ADVANCED_FACE('',(#2827),#2835,.T.);
#2827=FACE_BOUND('',#2828,.T.);
#2828=EDGE_LOOP('',(#2829,#2830,#1790,#2834));
#2829=ORIENTED_EDGE('',*,*,#800,.F.);
#2830=ORIENTED_EDGE('',*,*,#2831,.T.);
#2831=EDGE_CURVE('',#794,#1785,#2832,.T.);
#2832=LINE('',#2833,#125);
#2833=CARTESIAN_POINT('',(8.89,-7.15,-51.0000003));
#2834=ORIENTED_EDGE('',*,*,#2822,.F.);
#2835=PLANE('',#2836);
#2836=AXIS2_PLACEMENT_3D('',#2833,#142,#14);
#2837=ADVANCED_FACE('',(#2838),#2846,.F.);
#2838=FACE_BOUND('',#2839,.T.);
#2839=EDGE_LOOP('',(#2840,#2841,#1783,#2845));
#2840=ORIENTED_EDGE('',*,*,#793,.F.);
#2841=ORIENTED_EDGE('',*,*,#2842,.T.);
#2842=EDGE_CURVE('',#788,#1779,#2843,.T.);
#2843=LINE('',#2844,#125);
#2844=CARTESIAN_POINT('',(8.89,-5.55,-51.0000003));
#2845=ORIENTED_EDGE('',*,*,#2831,.F.);
#2846=CYLINDRICAL_SURFACE('',#2847,0.8);
#2847=AXIS2_PLACEMENT_3D('',#2848,#188,#14);
#2848=CARTESIAN_POINT('',(8.89,-6.35,-51.0000003));
#2849=ADVANCED_FACE('',(#2850),#2858,.T.);
#2850=FACE_BOUND('',#2851,.T.);
#2851=EDGE_LOOP('',(#2852,#2853,#2854,#1777));
#2852=ORIENTED_EDGE('',*,*,#2842,.F.);
#2853=ORIENTED_EDGE('',*,*,#787,.F.);
#2854=ORIENTED_EDGE('',*,*,#2855,.F.);
#2855=EDGE_CURVE('',#1775,#784,#2856,.T.);
#2856=LINE('',#2857,#187);
#2857=CARTESIAN_POINT('',(10.5,-5.55,-25.50000015));
#2858=PLANE('',#2859);
#2859=AXIS2_PLACEMENT_3D('',#2860,#176,#166);
#2860=CARTESIAN_POINT('',(12.11,-5.55,-51.0000003));
#2861=ADVANCED_FACE('',(#2862),#189,.T.);
#2862=FACE_BOUND('',#2863,.T.);
#2863=EDGE_LOOP('',(#2864,#2865,#1773,#2869));
#2864=ORIENTED_EDGE('',*,*,#783,.F.);
#2865=ORIENTED_EDGE('',*,*,#2866,.T.);
#2866=EDGE_CURVE('',#778,#1769,#2867,.T.);
#2867=LINE('',#2868,#125);
#2868=CARTESIAN_POINT('',(10.5,-4.61,-25.50000015));
#2869=ORIENTED_EDGE('',*,*,#2855,.T.);
#2870=ADVANCED_FACE('',(#2871),#2879,.T.);
#2871=FACE_BOUND('',#2872,.T.);
#2872=EDGE_LOOP('',(#2873,#2874,#1767,#2878));
#2873=ORIENTED_EDGE('',*,*,#777,.F.);
#2874=ORIENTED_EDGE('',*,*,#2875,.T.);
#2875=EDGE_CURVE('',#771,#1762,#2876,.T.);
#2876=LINE('',#2877,#125);
#2877=CARTESIAN_POINT('',(8.89,-4.61,-51.0000003));
#2878=ORIENTED_EDGE('',*,*,#2866,.F.);
#2879=PLANE('',#2880);
#2880=AXIS2_PLACEMENT_3D('',#2877,#142,#14);
#2881=ADVANCED_FACE('',(#2882),#2890,.F.);
#2882=FACE_BOUND('',#2883,.T.);
#2883=EDGE_LOOP('',(#2884,#2885,#1760,#2889));
#2884=ORIENTED_EDGE('',*,*,#770,.F.);
#2885=ORIENTED_EDGE('',*,*,#2886,.T.);
#2886=EDGE_CURVE('',#765,#1756,#2887,.T.);
#2887=LINE('',#2888,#125);
#2888=CARTESIAN_POINT('',(8.89,-3.01,-51.0000003));
#2889=ORIENTED_EDGE('',*,*,#2875,.F.);
#2890=CYLINDRICAL_SURFACE('',#2891,0.8);
#2891=AXIS2_PLACEMENT_3D('',#2892,#188,#14);
#2892=CARTESIAN_POINT('',(8.89,-3.81,-51.0000003));
#2893=ADVANCED_FACE('',(#2894),#2902,.T.);
#2894=FACE_BOUND('',#2895,.T.);
#2895=EDGE_LOOP('',(#2896,#2897,#2898,#1754));
#2896=ORIENTED_EDGE('',*,*,#2886,.F.);
#2897=ORIENTED_EDGE('',*,*,#764,.F.);
#2898=ORIENTED_EDGE('',*,*,#2899,.F.);
#2899=EDGE_CURVE('',#1752,#761,#2900,.T.);
#2900=LINE('',#2901,#187);
#2901=CARTESIAN_POINT('',(10.5,-3.01,-25.50000015));
#2902=PLANE('',#2903);
#2903=AXIS2_PLACEMENT_3D('',#2904,#176,#166);
#2904=CARTESIAN_POINT('',(12.11,-3.01,-51.0000003));
#2905=ADVANCED_FACE('',(#2906),#189,.T.);
#2906=FACE_BOUND('',#2907,.T.);
#2907=EDGE_LOOP('',(#2908,#2909,#1750,#2913));
#2908=ORIENTED_EDGE('',*,*,#760,.F.);
#2909=ORIENTED_EDGE('',*,*,#2910,.T.);
#2910=EDGE_CURVE('',#755,#1746,#2911,.T.);
#2911=LINE('',#2912,#125);
#2912=CARTESIAN_POINT('',(10.5,-2.07,-25.50000015));
#2913=ORIENTED_EDGE('',*,*,#2899,.T.);
#2914=ADVANCED_FACE('',(#2915),#2923,.T.);
#2915=FACE_BOUND('',#2916,.T.);
#2916=EDGE_LOOP('',(#2917,#2918,#1744,#2922));
#2917=ORIENTED_EDGE('',*,*,#754,.F.);
#2918=ORIENTED_EDGE('',*,*,#2919,.T.);
#2919=EDGE_CURVE('',#748,#1739,#2920,.T.);
#2920=LINE('',#2921,#125);
#2921=CARTESIAN_POINT('',(8.89,-2.07,-51.0000003));
#2922=ORIENTED_EDGE('',*,*,#2910,.F.);
#2923=PLANE('',#2924);
#2924=AXIS2_PLACEMENT_3D('',#2921,#142,#14);
#2925=ADVANCED_FACE('',(#2926),#2934,.F.);
#2926=FACE_BOUND('',#2927,.T.);
#2927=EDGE_LOOP('',(#2928,#2929,#1737,#2933));
#2928=ORIENTED_EDGE('',*,*,#747,.F.);
#2929=ORIENTED_EDGE('',*,*,#2930,.T.);
#2930=EDGE_CURVE('',#742,#1733,#2931,.T.);
#2931=LINE('',#2932,#125);
#2932=CARTESIAN_POINT('',(8.89,-0.47,-51.0000003));
#2933=ORIENTED_EDGE('',*,*,#2919,.F.);
#2934=CYLINDRICAL_SURFACE('',#2935,0.8);
#2935=AXIS2_PLACEMENT_3D('',#2936,#188,#14);
#2936=CARTESIAN_POINT('',(8.89,-1.27,-51.0000003));
#2937=ADVANCED_FACE('',(#2938),#2946,.T.);
#2938=FACE_BOUND('',#2939,.T.);
#2939=EDGE_LOOP('',(#2940,#2941,#2942,#1731));
#2940=ORIENTED_EDGE('',*,*,#2930,.F.);
#2941=ORIENTED_EDGE('',*,*,#741,.F.);
#2942=ORIENTED_EDGE('',*,*,#2943,.F.);
#2943=EDGE_CURVE('',#1729,#738,#2944,.T.);
#2944=LINE('',#2945,#187);
#2945=CARTESIAN_POINT('',(10.5,-0.47,-25.50000015));
#2946=PLANE('',#2947);
#2947=AXIS2_PLACEMENT_3D('',#2948,#176,#166);
#2948=CARTESIAN_POINT('',(12.11,-0.47,-51.0000003));
#2949=ADVANCED_FACE('',(#2950),#189,.T.);
#2950=FACE_BOUND('',#2951,.T.);
#2951=EDGE_LOOP('',(#2952,#2953,#1727,#2957));
#2952=ORIENTED_EDGE('',*,*,#737,.F.);
#2953=ORIENTED_EDGE('',*,*,#2954,.T.);
#2954=EDGE_CURVE('',#732,#1723,#2955,.T.);
#2955=LINE('',#2956,#125);
#2956=CARTESIAN_POINT('',(10.5,0.47,-25.50000015));
#2957=ORIENTED_EDGE('',*,*,#2943,.T.);
#2958=ADVANCED_FACE('',(#2959),#2967,.T.);
#2959=FACE_BOUND('',#2960,.T.);
#2960=EDGE_LOOP('',(#2961,#2962,#1721,#2966));
#2961=ORIENTED_EDGE('',*,*,#731,.F.);
#2962=ORIENTED_EDGE('',*,*,#2963,.T.);
#2963=EDGE_CURVE('',#725,#1716,#2964,.T.);
#2964=LINE('',#2965,#125);
#2965=CARTESIAN_POINT('',(8.89,0.47,-51.0000003));
#2966=ORIENTED_EDGE('',*,*,#2954,.F.);
#2967=PLANE('',#2968);
#2968=AXIS2_PLACEMENT_3D('',#2965,#142,#14);
#2969=ADVANCED_FACE('',(#2970),#2978,.F.);
#2970=FACE_BOUND('',#2971,.T.);
#2971=EDGE_LOOP('',(#2972,#2973,#1714,#2977));
#2972=ORIENTED_EDGE('',*,*,#724,.F.);
#2973=ORIENTED_EDGE('',*,*,#2974,.T.);
#2974=EDGE_CURVE('',#719,#1710,#2975,.T.);
#2975=LINE('',#2976,#125);
#2976=CARTESIAN_POINT('',(8.89,2.07,-51.0000003));
#2977=ORIENTED_EDGE('',*,*,#2963,.F.);
#2978=CYLINDRICAL_SURFACE('',#2979,0.8);
#2979=AXIS2_PLACEMENT_3D('',#2980,#188,#14);
#2980=CARTESIAN_POINT('',(8.89,1.27,-51.0000003));
#2981=ADVANCED_FACE('',(#2982),#2990,.T.);
#2982=FACE_BOUND('',#2983,.T.);
#2983=EDGE_LOOP('',(#2984,#2985,#2986,#1708));
#2984=ORIENTED_EDGE('',*,*,#2974,.F.);
#2985=ORIENTED_EDGE('',*,*,#718,.F.);
#2986=ORIENTED_EDGE('',*,*,#2987,.F.);
#2987=EDGE_CURVE('',#1706,#715,#2988,.T.);
#2988=LINE('',#2989,#187);
#2989=CARTESIAN_POINT('',(10.5,2.07,-25.50000015));
#2990=PLANE('',#2991);
#2991=AXIS2_PLACEMENT_3D('',#2992,#176,#166);
#2992=CARTESIAN_POINT('',(12.11,2.07,-51.0000003));
#2993=ADVANCED_FACE('',(#2994),#189,.T.);
#2994=FACE_BOUND('',#2995,.T.);
#2995=EDGE_LOOP('',(#2996,#2997,#1704,#3001));
#2996=ORIENTED_EDGE('',*,*,#714,.F.);
#2997=ORIENTED_EDGE('',*,*,#2998,.T.);
#2998=EDGE_CURVE('',#709,#1700,#2999,.T.);
#2999=LINE('',#3000,#125);
#3000=CARTESIAN_POINT('',(10.5,3.01,-25.50000015));
#3001=ORIENTED_EDGE('',*,*,#2987,.T.);
#3002=ADVANCED_FACE('',(#3003),#3011,.T.);
#3003=FACE_BOUND('',#3004,.T.);
#3004=EDGE_LOOP('',(#3005,#3006,#1698,#3010));
#3005=ORIENTED_EDGE('',*,*,#708,.F.);
#3006=ORIENTED_EDGE('',*,*,#3007,.T.);
#3007=EDGE_CURVE('',#702,#1693,#3008,.T.);
#3008=LINE('',#3009,#125);
#3009=CARTESIAN_POINT('',(8.89,3.01,-51.0000003));
#3010=ORIENTED_EDGE('',*,*,#2998,.F.);
#3011=PLANE('',#3012);
#3012=AXIS2_PLACEMENT_3D('',#3009,#142,#14);
#3013=ADVANCED_FACE('',(#3014),#3022,.F.);
#3014=FACE_BOUND('',#3015,.T.);
#3015=EDGE_LOOP('',(#3016,#3017,#1691,#3021));
#3016=ORIENTED_EDGE('',*,*,#701,.F.);
#3017=ORIENTED_EDGE('',*,*,#3018,.T.);
#3018=EDGE_CURVE('',#696,#1687,#3019,.T.);
#3019=LINE('',#3020,#125);
#3020=CARTESIAN_POINT('',(8.89,4.61,-51.0000003));
#3021=ORIENTED_EDGE('',*,*,#3007,.F.);
#3022=CYLINDRICAL_SURFACE('',#3023,0.8);
#3023=AXIS2_PLACEMENT_3D('',#3024,#188,#14);
#3024=CARTESIAN_POINT('',(8.89,3.81,-51.0000003));
#3025=ADVANCED_FACE('',(#3026),#3034,.T.);
#3026=FACE_BOUND('',#3027,.T.);
#3027=EDGE_LOOP('',(#3028,#3029,#3030,#1685));
#3028=ORIENTED_EDGE('',*,*,#3018,.F.);
#3029=ORIENTED_EDGE('',*,*,#695,.F.);
#3030=ORIENTED_EDGE('',*,*,#3031,.F.);
#3031=EDGE_CURVE('',#1683,#692,#3032,.T.);
#3032=LINE('',#3033,#187);
#3033=CARTESIAN_POINT('',(10.5,4.61,-25.50000015));
#3034=PLANE('',#3035);
#3035=AXIS2_PLACEMENT_3D('',#3036,#176,#166);
#3036=CARTESIAN_POINT('',(12.11,4.61,-51.0000003));
#3037=ADVANCED_FACE('',(#3038),#189,.T.);
#3038=FACE_BOUND('',#3039,.T.);
#3039=EDGE_LOOP('',(#3040,#3041,#1681,#3045));
#3040=ORIENTED_EDGE('',*,*,#691,.F.);
#3041=ORIENTED_EDGE('',*,*,#3042,.T.);
#3042=EDGE_CURVE('',#686,#1677,#3043,.T.);
#3043=LINE('',#3044,#125);
#3044=CARTESIAN_POINT('',(10.5,5.55,-25.50000015));
#3045=ORIENTED_EDGE('',*,*,#3031,.T.);
#3046=ADVANCED_FACE('',(#3047),#3055,.T.);
#3047=FACE_BOUND('',#3048,.T.);
#3048=EDGE_LOOP('',(#3049,#3050,#1675,#3054));
#3049=ORIENTED_EDGE('',*,*,#685,.F.);
#3050=ORIENTED_EDGE('',*,*,#3051,.T.);
#3051=EDGE_CURVE('',#679,#1670,#3052,.T.);
#3052=LINE('',#3053,#125);
#3053=CARTESIAN_POINT('',(8.89,5.55,-51.0000003));
#3054=ORIENTED_EDGE('',*,*,#3042,.F.);
#3055=PLANE('',#3056);
#3056=AXIS2_PLACEMENT_3D('',#3053,#142,#14);
#3057=ADVANCED_FACE('',(#3058),#3066,.F.);
#3058=FACE_BOUND('',#3059,.T.);
#3059=EDGE_LOOP('',(#3060,#3061,#1668,#3065));
#3060=ORIENTED_EDGE('',*,*,#678,.F.);
#3061=ORIENTED_EDGE('',*,*,#3062,.T.);
#3062=EDGE_CURVE('',#673,#1664,#3063,.T.);
#3063=LINE('',#3064,#125);
#3064=CARTESIAN_POINT('',(8.89,7.15,-51.0000003));
#3065=ORIENTED_EDGE('',*,*,#3051,.F.);
#3066=CYLINDRICAL_SURFACE('',#3067,0.8);
#3067=AXIS2_PLACEMENT_3D('',#3068,#188,#14);
#3068=CARTESIAN_POINT('',(8.89,6.35,-51.0000003));
#3069=ADVANCED_FACE('',(#3070),#3078,.T.);
#3070=FACE_BOUND('',#3071,.T.);
#3071=EDGE_LOOP('',(#3072,#3073,#3074,#1662));
#3072=ORIENTED_EDGE('',*,*,#3062,.F.);
#3073=ORIENTED_EDGE('',*,*,#672,.F.);
#3074=ORIENTED_EDGE('',*,*,#3075,.F.);
#3075=EDGE_CURVE('',#1660,#669,#3076,.T.);
#3076=LINE('',#3077,#187);
#3077=CARTESIAN_POINT('',(10.5,7.15,-25.50000015));
#3078=PLANE('',#3079);
#3079=AXIS2_PLACEMENT_3D('',#3080,#176,#166);
#3080=CARTESIAN_POINT('',(12.11,7.15,-51.0000003));
#3081=ADVANCED_FACE('',(#3082),#189,.T.);
#3082=FACE_BOUND('',#3083,.T.);
#3083=EDGE_LOOP('',(#3084,#3085,#1658,#3089));
#3084=ORIENTED_EDGE('',*,*,#668,.F.);
#3085=ORIENTED_EDGE('',*,*,#3086,.T.);
#3086=EDGE_CURVE('',#663,#1654,#3087,.T.);
#3087=LINE('',#3088,#125);
#3088=CARTESIAN_POINT('',(10.5,8.09,-25.50000015));
#3089=ORIENTED_EDGE('',*,*,#3075,.T.);
#3090=ADVANCED_FACE('',(#3091),#3099,.T.);
#3091=FACE_BOUND('',#3092,.T.);
#3092=EDGE_LOOP('',(#3093,#3094,#1652,#3098));
#3093=ORIENTED_EDGE('',*,*,#662,.F.);
#3094=ORIENTED_EDGE('',*,*,#3095,.T.);
#3095=EDGE_CURVE('',#656,#1647,#3096,.T.);
#3096=LINE('',#3097,#125);
#3097=CARTESIAN_POINT('',(8.89,8.09,-51.0000003));
#3098=ORIENTED_EDGE('',*,*,#3086,.F.);
#3099=PLANE('',#3100);
#3100=AXIS2_PLACEMENT_3D('',#3097,#142,#14);
#3101=ADVANCED_FACE('',(#3102),#3110,.F.);
#3102=FACE_BOUND('',#3103,.T.);
#3103=EDGE_LOOP('',(#3104,#3105,#1645,#3109));
#3104=ORIENTED_EDGE('',*,*,#655,.F.);
#3105=ORIENTED_EDGE('',*,*,#3106,.T.);
#3106=EDGE_CURVE('',#650,#1641,#3107,.T.);
#3107=LINE('',#3108,#125);
#3108=CARTESIAN_POINT('',(8.89,9.69,-51.0000003));
#3109=ORIENTED_EDGE('',*,*,#3095,.F.);
#3110=CYLINDRICAL_SURFACE('',#3111,0.8);
#3111=AXIS2_PLACEMENT_3D('',#3112,#188,#14);
#3112=CARTESIAN_POINT('',(8.89,8.89,-51.0000003));
#3113=ADVANCED_FACE('',(#3114),#3122,.T.);
#3114=FACE_BOUND('',#3115,.T.);
#3115=EDGE_LOOP('',(#3116,#3117,#3118,#1639));
#3116=ORIENTED_EDGE('',*,*,#3106,.F.);
#3117=ORIENTED_EDGE('',*,*,#649,.F.);
#3118=ORIENTED_EDGE('',*,*,#3119,.F.);
#3119=EDGE_CURVE('',#1637,#646,#3120,.T.);
#3120=LINE('',#3121,#187);
#3121=CARTESIAN_POINT('',(10.5,9.69,-25.50000015));
#3122=PLANE('',#3123);
#3123=AXIS2_PLACEMENT_3D('',#3124,#176,#166);
#3124=CARTESIAN_POINT('',(12.11,9.69,-51.0000003));
#3125=ADVANCED_FACE('',(#3126),#189,.T.);
#3126=FACE_BOUND('',#3127,.T.);
#3127=EDGE_LOOP('',(#3128,#3129,#1635,#3133));
#3128=ORIENTED_EDGE('',*,*,#645,.F.);
#3129=ORIENTED_EDGE('',*,*,#3130,.T.);
#3130=EDGE_CURVE('',#640,#1631,#3131,.T.);
#3131=LINE('',#3132,#125);
#3132=CARTESIAN_POINT('',(10.5,10.63,-25.50000015));
#3133=ORIENTED_EDGE('',*,*,#3119,.T.);
#3134=ADVANCED_FACE('',(#3135),#3143,.T.);
#3135=FACE_BOUND('',#3136,.T.);
#3136=EDGE_LOOP('',(#3137,#3138,#1629,#3142));
#3137=ORIENTED_EDGE('',*,*,#639,.F.);
#3138=ORIENTED_EDGE('',*,*,#3139,.T.);
#3139=EDGE_CURVE('',#633,#1624,#3140,.T.);
#3140=LINE('',#3141,#125);
#3141=CARTESIAN_POINT('',(8.89,10.63,-51.0000003));
#3142=ORIENTED_EDGE('',*,*,#3130,.F.);
#3143=PLANE('',#3144);
#3144=AXIS2_PLACEMENT_3D('',#3141,#142,#14);
#3145=ADVANCED_FACE('',(#3146),#3154,.F.);
#3146=FACE_BOUND('',#3147,.T.);
#3147=EDGE_LOOP('',(#3148,#3149,#1622,#3153));
#3148=ORIENTED_EDGE('',*,*,#632,.F.);
#3149=ORIENTED_EDGE('',*,*,#3150,.T.);
#3150=EDGE_CURVE('',#627,#1618,#3151,.T.);
#3151=LINE('',#3152,#125);
#3152=CARTESIAN_POINT('',(8.89,12.23,-51.0000003));
#3153=ORIENTED_EDGE('',*,*,#3139,.F.);
#3154=CYLINDRICAL_SURFACE('',#3155,0.8);
#3155=AXIS2_PLACEMENT_3D('',#3156,#188,#14);
#3156=CARTESIAN_POINT('',(8.89,11.43,-51.0000003));
#3157=ADVANCED_FACE('',(#3158),#3166,.T.);
#3158=FACE_BOUND('',#3159,.T.);
#3159=EDGE_LOOP('',(#3160,#3161,#3162,#1616));
#3160=ORIENTED_EDGE('',*,*,#3150,.F.);
#3161=ORIENTED_EDGE('',*,*,#626,.F.);
#3162=ORIENTED_EDGE('',*,*,#3163,.F.);
#3163=EDGE_CURVE('',#1614,#623,#3164,.T.);
#3164=LINE('',#3165,#187);
#3165=CARTESIAN_POINT('',(10.5,12.23,-25.50000015));
#3166=PLANE('',#3167);
#3167=AXIS2_PLACEMENT_3D('',#3168,#176,#166);
#3168=CARTESIAN_POINT('',(12.11,12.23,-51.0000003));
#3169=ADVANCED_FACE('',(#3170),#189,.T.);
#3170=FACE_BOUND('',#3171,.T.);
#3171=EDGE_LOOP('',(#3172,#3173,#1612,#3177));
#3172=ORIENTED_EDGE('',*,*,#622,.F.);
#3173=ORIENTED_EDGE('',*,*,#3174,.T.);
#3174=EDGE_CURVE('',#617,#1608,#3175,.T.);
#3175=LINE('',#3176,#125);
#3176=CARTESIAN_POINT('',(10.5,13.17,-25.50000015));
#3177=ORIENTED_EDGE('',*,*,#3163,.T.);
#3178=ADVANCED_FACE('',(#3179),#3187,.T.);
#3179=FACE_BOUND('',#3180,.T.);
#3180=EDGE_LOOP('',(#3181,#3182,#1606,#3186));
#3181=ORIENTED_EDGE('',*,*,#616,.F.);
#3182=ORIENTED_EDGE('',*,*,#3183,.T.);
#3183=EDGE_CURVE('',#610,#1601,#3184,.T.);
#3184=LINE('',#3185,#125);
#3185=CARTESIAN_POINT('',(8.89,13.17,-51.0000003));
#3186=ORIENTED_EDGE('',*,*,#3174,.F.);
#3187=PLANE('',#3188);
#3188=AXIS2_PLACEMENT_3D('',#3185,#142,#14);
#3189=ADVANCED_FACE('',(#3190),#3198,.F.);
#3190=FACE_BOUND('',#3191,.T.);
#3191=EDGE_LOOP('',(#3192,#3193,#1599,#3197));
#3192=ORIENTED_EDGE('',*,*,#609,.F.);
#3193=ORIENTED_EDGE('',*,*,#3194,.T.);
#3194=EDGE_CURVE('',#604,#1595,#3195,.T.);
#3195=LINE('',#3196,#125);
#3196=CARTESIAN_POINT('',(8.89,14.77,-51.0000003));
#3197=ORIENTED_EDGE('',*,*,#3183,.F.);
#3198=CYLINDRICAL_SURFACE('',#3199,0.8);
#3199=AXIS2_PLACEMENT_3D('',#3200,#188,#14);
#3200=CARTESIAN_POINT('',(8.89,13.97,-51.0000003));
#3201=ADVANCED_FACE('',(#3202),#3210,.T.);
#3202=FACE_BOUND('',#3203,.T.);
#3203=EDGE_LOOP('',(#3204,#3205,#3206,#1593));
#3204=ORIENTED_EDGE('',*,*,#3194,.F.);
#3205=ORIENTED_EDGE('',*,*,#603,.F.);
#3206=ORIENTED_EDGE('',*,*,#3207,.F.);
#3207=EDGE_CURVE('',#1591,#600,#3208,.T.);
#3208=LINE('',#3209,#187);
#3209=CARTESIAN_POINT('',(10.5,14.77,-25.50000015));
#3210=PLANE('',#3211);
#3211=AXIS2_PLACEMENT_3D('',#3212,#176,#166);
#3212=CARTESIAN_POINT('',(12.11,14.77,-51.0000003));
#3213=ADVANCED_FACE('',(#3214),#189,.T.);
#3214=FACE_BOUND('',#3215,.T.);
#3215=EDGE_LOOP('',(#3216,#3217,#1589,#3221));
#3216=ORIENTED_EDGE('',*,*,#599,.F.);
#3217=ORIENTED_EDGE('',*,*,#3218,.T.);
#3218=EDGE_CURVE('',#594,#1585,#3219,.T.);
#3219=LINE('',#3220,#125);
#3220=CARTESIAN_POINT('',(10.5,15.71,-25.50000015));
#3221=ORIENTED_EDGE('',*,*,#3207,.T.);
#3222=ADVANCED_FACE('',(#3223),#3231,.T.);
#3223=FACE_BOUND('',#3224,.T.);
#3224=EDGE_LOOP('',(#3225,#3226,#1583,#3230));
#3225=ORIENTED_EDGE('',*,*,#593,.F.);
#3226=ORIENTED_EDGE('',*,*,#3227,.T.);
#3227=EDGE_CURVE('',#587,#1578,#3228,.T.);
#3228=LINE('',#3229,#125);
#3229=CARTESIAN_POINT('',(8.89,15.71,-51.0000003));
#3230=ORIENTED_EDGE('',*,*,#3218,.F.);
#3231=PLANE('',#3232);
#3232=AXIS2_PLACEMENT_3D('',#3229,#142,#14);
#3233=ADVANCED_FACE('',(#3234),#3242,.F.);
#3234=FACE_BOUND('',#3235,.T.);
#3235=EDGE_LOOP('',(#3236,#3237,#1576,#3241));
#3236=ORIENTED_EDGE('',*,*,#586,.F.);
#3237=ORIENTED_EDGE('',*,*,#3238,.T.);
#3238=EDGE_CURVE('',#581,#1572,#3239,.T.);
#3239=LINE('',#3240,#125);
#3240=CARTESIAN_POINT('',(8.89,17.31,-51.0000003));
#3241=ORIENTED_EDGE('',*,*,#3227,.F.);
#3242=CYLINDRICAL_SURFACE('',#3243,0.8);
#3243=AXIS2_PLACEMENT_3D('',#3244,#188,#14);
#3244=CARTESIAN_POINT('',(8.89,16.51,-51.0000003));
#3245=ADVANCED_FACE('',(#3246),#3254,.T.);
#3246=FACE_BOUND('',#3247,.T.);
#3247=EDGE_LOOP('',(#3248,#3249,#3250,#1570));
#3248=ORIENTED_EDGE('',*,*,#3238,.F.);
#3249=ORIENTED_EDGE('',*,*,#580,.F.);
#3250=ORIENTED_EDGE('',*,*,#3251,.F.);
#3251=EDGE_CURVE('',#1568,#577,#3252,.T.);
#3252=LINE('',#3253,#187);
#3253=CARTESIAN_POINT('',(10.5,17.31,-25.50000015));
#3254=PLANE('',#3255);
#3255=AXIS2_PLACEMENT_3D('',#3256,#176,#166);
#3256=CARTESIAN_POINT('',(12.11,17.31,-51.0000003));
#3257=ADVANCED_FACE('',(#3258),#189,.T.);
#3258=FACE_BOUND('',#3259,.T.);
#3259=EDGE_LOOP('',(#3260,#3261,#1566,#3265));
#3260=ORIENTED_EDGE('',*,*,#576,.F.);
#3261=ORIENTED_EDGE('',*,*,#3262,.T.);
#3262=EDGE_CURVE('',#571,#1562,#3263,.T.);
#3263=LINE('',#3264,#125);
#3264=CARTESIAN_POINT('',(10.5,18.25,-25.50000015));
#3265=ORIENTED_EDGE('',*,*,#3251,.T.);
#3266=ADVANCED_FACE('',(#3267),#3275,.T.);
#3267=FACE_BOUND('',#3268,.T.);
#3268=EDGE_LOOP('',(#3269,#3270,#1560,#3274));
#3269=ORIENTED_EDGE('',*,*,#570,.F.);
#3270=ORIENTED_EDGE('',*,*,#3271,.T.);
#3271=EDGE_CURVE('',#564,#1555,#3272,.T.);
#3272=LINE('',#3273,#125);
#3273=CARTESIAN_POINT('',(8.89,18.25,-51.0000003));
#3274=ORIENTED_EDGE('',*,*,#3262,.F.);
#3275=PLANE('',#3276);
#3276=AXIS2_PLACEMENT_3D('',#3273,#142,#14);
#3277=ADVANCED_FACE('',(#3278),#3286,.F.);
#3278=FACE_BOUND('',#3279,.T.);
#3279=EDGE_LOOP('',(#3280,#3281,#1553,#3285));
#3280=ORIENTED_EDGE('',*,*,#563,.F.);
#3281=ORIENTED_EDGE('',*,*,#3282,.T.);
#3282=EDGE_CURVE('',#558,#1549,#3283,.T.);
#3283=LINE('',#3284,#125);
#3284=CARTESIAN_POINT('',(8.89,19.85,-51.0000003));
#3285=ORIENTED_EDGE('',*,*,#3271,.F.);
#3286=CYLINDRICAL_SURFACE('',#3287,0.8);
#3287=AXIS2_PLACEMENT_3D('',#3288,#188,#14);
#3288=CARTESIAN_POINT('',(8.89,19.05,-51.0000003));
#3289=ADVANCED_FACE('',(#3290),#3298,.T.);
#3290=FACE_BOUND('',#3291,.T.);
#3291=EDGE_LOOP('',(#3292,#3293,#3294,#1547));
#3292=ORIENTED_EDGE('',*,*,#3282,.F.);
#3293=ORIENTED_EDGE('',*,*,#557,.F.);
#3294=ORIENTED_EDGE('',*,*,#3295,.F.);
#3295=EDGE_CURVE('',#1545,#554,#3296,.T.);
#3296=LINE('',#3297,#187);
#3297=CARTESIAN_POINT('',(10.5,19.85,-25.50000015));
#3298=PLANE('',#3299);
#3299=AXIS2_PLACEMENT_3D('',#3300,#176,#166);
#3300=CARTESIAN_POINT('',(12.11,19.85,-51.0000003));
#3301=ADVANCED_FACE('',(#3302),#189,.T.);
#3302=FACE_BOUND('',#3303,.T.);
#3303=EDGE_LOOP('',(#3304,#3305,#1543,#3309));
#3304=ORIENTED_EDGE('',*,*,#553,.F.);
#3305=ORIENTED_EDGE('',*,*,#3306,.T.);
#3306=EDGE_CURVE('',#548,#1539,#3307,.T.);
#3307=LINE('',#3308,#125);
#3308=CARTESIAN_POINT('',(10.5,20.79,-25.50000015));
#3309=ORIENTED_EDGE('',*,*,#3295,.T.);
#3310=ADVANCED_FACE('',(#3311),#3319,.T.);
#3311=FACE_BOUND('',#3312,.T.);
#3312=EDGE_LOOP('',(#3313,#3314,#1537,#3318));
#3313=ORIENTED_EDGE('',*,*,#547,.F.);
#3314=ORIENTED_EDGE('',*,*,#3315,.T.);
#3315=EDGE_CURVE('',#541,#1532,#3316,.T.);
#3316=LINE('',#3317,#125);
#3317=CARTESIAN_POINT('',(8.89,20.79,-51.0000003));
#3318=ORIENTED_EDGE('',*,*,#3306,.F.);
#3319=PLANE('',#3320);
#3320=AXIS2_PLACEMENT_3D('',#3317,#142,#14);
#3321=ADVANCED_FACE('',(#3322),#3330,.F.);
#3322=FACE_BOUND('',#3323,.T.);
#3323=EDGE_LOOP('',(#3324,#3325,#1530,#3329));
#3324=ORIENTED_EDGE('',*,*,#540,.F.);
#3325=ORIENTED_EDGE('',*,*,#3326,.T.);
#3326=EDGE_CURVE('',#535,#1526,#3327,.T.);
#3327=LINE('',#3328,#125);
#3328=CARTESIAN_POINT('',(8.89,22.39,-51.0000003));
#3329=ORIENTED_EDGE('',*,*,#3315,.F.);
#3330=CYLINDRICAL_SURFACE('',#3331,0.8);
#3331=AXIS2_PLACEMENT_3D('',#3332,#188,#14);
#3332=CARTESIAN_POINT('',(8.89,21.59,-51.0000003));
#3333=ADVANCED_FACE('',(#3334),#3342,.T.);
#3334=FACE_BOUND('',#3335,.T.);
#3335=EDGE_LOOP('',(#3336,#3337,#3338,#1524));
#3336=ORIENTED_EDGE('',*,*,#3326,.F.);
#3337=ORIENTED_EDGE('',*,*,#534,.F.);
#3338=ORIENTED_EDGE('',*,*,#3339,.F.);
#3339=EDGE_CURVE('',#1522,#531,#3340,.T.);
#3340=LINE('',#3341,#187);
#3341=CARTESIAN_POINT('',(10.5,22.39,-25.50000015));
#3342=PLANE('',#3343);
#3343=AXIS2_PLACEMENT_3D('',#3344,#176,#166);
#3344=CARTESIAN_POINT('',(12.11,22.39,-51.0000003));
#3345=ADVANCED_FACE('',(#3346),#189,.T.);
#3346=FACE_BOUND('',#3347,.T.);
#3347=EDGE_LOOP('',(#3348,#3349,#1520,#3353));
#3348=ORIENTED_EDGE('',*,*,#530,.F.);
#3349=ORIENTED_EDGE('',*,*,#3350,.T.);
#3350=EDGE_CURVE('',#525,#1516,#3351,.T.);
#3351=LINE('',#3352,#125);
#3352=CARTESIAN_POINT('',(10.5,23.33,-25.50000015));
#3353=ORIENTED_EDGE('',*,*,#3339,.T.);
#3354=ADVANCED_FACE('',(#3355),#3363,.T.);
#3355=FACE_BOUND('',#3356,.T.);
#3356=EDGE_LOOP('',(#3357,#3358,#1514,#3362));
#3357=ORIENTED_EDGE('',*,*,#524,.F.);
#3358=ORIENTED_EDGE('',*,*,#3359,.T.);
#3359=EDGE_CURVE('',#518,#1509,#3360,.T.);
#3360=LINE('',#3361,#125);
#3361=CARTESIAN_POINT('',(8.89,23.33,-51.0000003));
#3362=ORIENTED_EDGE('',*,*,#3350,.F.);
#3363=PLANE('',#3364);
#3364=AXIS2_PLACEMENT_3D('',#3361,#142,#14);
#3365=ADVANCED_FACE('',(#3366),#3371,.F.);
#3366=FACE_BOUND('',#3367,.T.);
#3367=EDGE_LOOP('',(#3368,#3369,#1507,#3370));
#3368=ORIENTED_EDGE('',*,*,#517,.F.);
#3369=ORIENTED_EDGE('',*,*,#2192,.T.);
#3370=ORIENTED_EDGE('',*,*,#3359,.F.);
#3371=CYLINDRICAL_SURFACE('',#3372,0.8);
#3372=AXIS2_PLACEMENT_3D('',#3373,#188,#14);
#3373=CARTESIAN_POINT('',(8.89,24.13,-51.0000003));
#3374=ADVANCED_FACE('',(#3375),#3383,.F.);
#3375=FACE_BOUND('',#3376,.T.);
#3376=EDGE_LOOP('',(#3377,#3378,#1490,#3382));
#3377=ORIENTED_EDGE('',*,*,#497,.F.);
#3378=ORIENTED_EDGE('',*,*,#3379,.T.);
#3379=EDGE_CURVE('',#492,#1486,#3380,.T.);
#3380=LINE('',#3381,#125);
#3381=CARTESIAN_POINT('',(-8.89,23.33,-51.0000002));
#3382=ORIENTED_EDGE('',*,*,#2182,.F.);
#3383=CYLINDRICAL_SURFACE('',#3384,0.8);
#3384=AXIS2_PLACEMENT_3D('',#3385,#188,#14);
#3385=CARTESIAN_POINT('',(-8.89,24.13,-51.0000003));
#3386=ADVANCED_FACE('',(#3387),#3395,.T.);
#3387=FACE_BOUND('',#3388,.T.);
#3388=EDGE_LOOP('',(#3389,#3390,#3391,#1484));
#3389=ORIENTED_EDGE('',*,*,#3379,.F.);
#3390=ORIENTED_EDGE('',*,*,#491,.F.);
#3391=ORIENTED_EDGE('',*,*,#3392,.F.);
#3392=EDGE_CURVE('',#1482,#488,#3393,.T.);
#3393=LINE('',#3394,#187);
#3394=CARTESIAN_POINT('',(-10.5,23.33,-25.5000001));
#3395=PLANE('',#3396);
#3396=AXIS2_PLACEMENT_3D('',#3397,#142,#14);
#3397=CARTESIAN_POINT('',(-12.11,23.33,-51.0000002));
#3398=ADVANCED_FACE('',(#3399),#164,.T.);
#3399=FACE_BOUND('',#3400,.T.);
#3400=EDGE_LOOP('',(#3401,#3402,#1480,#3406));
#3401=ORIENTED_EDGE('',*,*,#487,.F.);
#3402=ORIENTED_EDGE('',*,*,#3403,.T.);
#3403=EDGE_CURVE('',#482,#1476,#3404,.T.);
#3404=LINE('',#3405,#125);
#3405=CARTESIAN_POINT('',(-10.5,22.39,-25.50000015));
#3406=ORIENTED_EDGE('',*,*,#3392,.T.);
#3407=ADVANCED_FACE('',(#3408),#3416,.T.);
#3408=FACE_BOUND('',#3409,.T.);
#3409=EDGE_LOOP('',(#3410,#3411,#1474,#3415));
#3410=ORIENTED_EDGE('',*,*,#481,.F.);
#3411=ORIENTED_EDGE('',*,*,#3412,.T.);
#3412=EDGE_CURVE('',#475,#1469,#3413,.T.);
#3413=LINE('',#3414,#125);
#3414=CARTESIAN_POINT('',(-8.89,22.39,-51.0000003));
#3415=ORIENTED_EDGE('',*,*,#3403,.F.);
#3416=PLANE('',#3417);
#3417=AXIS2_PLACEMENT_3D('',#3414,#176,#166);
#3418=ADVANCED_FACE('',(#3419),#3427,.F.);
#3419=FACE_BOUND('',#3420,.T.);
#3420=EDGE_LOOP('',(#3421,#3422,#1467,#3426));
#3421=ORIENTED_EDGE('',*,*,#474,.F.);
#3422=ORIENTED_EDGE('',*,*,#3423,.T.);
#3423=EDGE_CURVE('',#469,#1463,#3424,.T.);
#3424=LINE('',#3425,#125);
#3425=CARTESIAN_POINT('',(-8.89,20.79,-51.0000003));
#3426=ORIENTED_EDGE('',*,*,#3412,.F.);
#3427=CYLINDRICAL_SURFACE('',#3428,0.8);
#3428=AXIS2_PLACEMENT_3D('',#3429,#188,#14);
#3429=CARTESIAN_POINT('',(-8.89,21.59,-51.0000003));
#3430=ADVANCED_FACE('',(#3431),#3439,.T.);
#3431=FACE_BOUND('',#3432,.T.);
#3432=EDGE_LOOP('',(#3433,#3434,#3435,#1461));
#3433=ORIENTED_EDGE('',*,*,#3423,.F.);
#3434=ORIENTED_EDGE('',*,*,#468,.F.);
#3435=ORIENTED_EDGE('',*,*,#3436,.F.);
#3436=EDGE_CURVE('',#1459,#465,#3437,.T.);
#3437=LINE('',#3438,#187);
#3438=CARTESIAN_POINT('',(-10.5,20.79,-25.50000015));
#3439=PLANE('',#3440);
#3440=AXIS2_PLACEMENT_3D('',#3441,#142,#14);
#3441=CARTESIAN_POINT('',(-12.11,20.79,-51.0000003));
#3442=ADVANCED_FACE('',(#3443),#164,.T.);
#3443=FACE_BOUND('',#3444,.T.);
#3444=EDGE_LOOP('',(#3445,#3446,#1457,#3450));
#3445=ORIENTED_EDGE('',*,*,#464,.F.);
#3446=ORIENTED_EDGE('',*,*,#3447,.T.);
#3447=EDGE_CURVE('',#459,#1453,#3448,.T.);
#3448=LINE('',#3449,#125);
#3449=CARTESIAN_POINT('',(-10.5,19.85,-25.50000015));
#3450=ORIENTED_EDGE('',*,*,#3436,.T.);
#3451=ADVANCED_FACE('',(#3452),#3460,.T.);
#3452=FACE_BOUND('',#3453,.T.);
#3453=EDGE_LOOP('',(#3454,#3455,#1451,#3459));
#3454=ORIENTED_EDGE('',*,*,#458,.F.);
#3455=ORIENTED_EDGE('',*,*,#3456,.T.);
#3456=EDGE_CURVE('',#452,#1446,#3457,.T.);
#3457=LINE('',#3458,#125);
#3458=CARTESIAN_POINT('',(-8.89,19.85,-51.0000003));
#3459=ORIENTED_EDGE('',*,*,#3447,.F.);
#3460=PLANE('',#3461);
#3461=AXIS2_PLACEMENT_3D('',#3458,#176,#166);
#3462=ADVANCED_FACE('',(#3463),#3471,.F.);
#3463=FACE_BOUND('',#3464,.T.);
#3464=EDGE_LOOP('',(#3465,#3466,#1444,#3470));
#3465=ORIENTED_EDGE('',*,*,#451,.F.);
#3466=ORIENTED_EDGE('',*,*,#3467,.T.);
#3467=EDGE_CURVE('',#446,#1440,#3468,.T.);
#3468=LINE('',#3469,#125);
#3469=CARTESIAN_POINT('',(-8.89,18.25,-51.0000003));
#3470=ORIENTED_EDGE('',*,*,#3456,.F.);
#3471=CYLINDRICAL_SURFACE('',#3472,0.8);
#3472=AXIS2_PLACEMENT_3D('',#3473,#188,#14);
#3473=CARTESIAN_POINT('',(-8.89,19.05,-51.0000003));
#3474=ADVANCED_FACE('',(#3475),#3483,.T.);
#3475=FACE_BOUND('',#3476,.T.);
#3476=EDGE_LOOP('',(#3477,#3478,#3479,#1438));
#3477=ORIENTED_EDGE('',*,*,#3467,.F.);
#3478=ORIENTED_EDGE('',*,*,#445,.F.);
#3479=ORIENTED_EDGE('',*,*,#3480,.F.);
#3480=EDGE_CURVE('',#1436,#442,#3481,.T.);
#3481=LINE('',#3482,#187);
#3482=CARTESIAN_POINT('',(-10.5,18.25,-25.50000015));
#3483=PLANE('',#3484);
#3484=AXIS2_PLACEMENT_3D('',#3485,#142,#14);
#3485=CARTESIAN_POINT('',(-12.11,18.25,-51.0000003));
#3486=ADVANCED_FACE('',(#3487),#164,.T.);
#3487=FACE_BOUND('',#3488,.T.);
#3488=EDGE_LOOP('',(#3489,#3490,#1434,#3494));
#3489=ORIENTED_EDGE('',*,*,#441,.F.);
#3490=ORIENTED_EDGE('',*,*,#3491,.T.);
#3491=EDGE_CURVE('',#436,#1430,#3492,.T.);
#3492=LINE('',#3493,#125);
#3493=CARTESIAN_POINT('',(-10.5,17.31,-25.50000015));
#3494=ORIENTED_EDGE('',*,*,#3480,.T.);
#3495=ADVANCED_FACE('',(#3496),#3504,.T.);
#3496=FACE_BOUND('',#3497,.T.);
#3497=EDGE_LOOP('',(#3498,#3499,#1428,#3503));
#3498=ORIENTED_EDGE('',*,*,#435,.F.);
#3499=ORIENTED_EDGE('',*,*,#3500,.T.);
#3500=EDGE_CURVE('',#429,#1423,#3501,.T.);
#3501=LINE('',#3502,#125);
#3502=CARTESIAN_POINT('',(-8.89,17.31,-51.0000003));
#3503=ORIENTED_EDGE('',*,*,#3491,.F.);
#3504=PLANE('',#3505);
#3505=AXIS2_PLACEMENT_3D('',#3502,#176,#166);
#3506=ADVANCED_FACE('',(#3507),#3515,.F.);
#3507=FACE_BOUND('',#3508,.T.);
#3508=EDGE_LOOP('',(#3509,#3510,#1421,#3514));
#3509=ORIENTED_EDGE('',*,*,#428,.F.);
#3510=ORIENTED_EDGE('',*,*,#3511,.T.);
#3511=EDGE_CURVE('',#423,#1417,#3512,.T.);
#3512=LINE('',#3513,#125);
#3513=CARTESIAN_POINT('',(-8.89,15.71,-51.0000003));
#3514=ORIENTED_EDGE('',*,*,#3500,.F.);
#3515=CYLINDRICAL_SURFACE('',#3516,0.8);
#3516=AXIS2_PLACEMENT_3D('',#3517,#188,#14);
#3517=CARTESIAN_POINT('',(-8.89,16.51,-51.0000003));
#3518=ADVANCED_FACE('',(#3519),#3527,.T.);
#3519=FACE_BOUND('',#3520,.T.);
#3520=EDGE_LOOP('',(#3521,#3522,#3523,#1415));
#3521=ORIENTED_EDGE('',*,*,#3511,.F.);
#3522=ORIENTED_EDGE('',*,*,#422,.F.);
#3523=ORIENTED_EDGE('',*,*,#3524,.F.);
#3524=EDGE_CURVE('',#1413,#419,#3525,.T.);
#3525=LINE('',#3526,#187);
#3526=CARTESIAN_POINT('',(-10.5,15.71,-25.50000015));
#3527=PLANE('',#3528);
#3528=AXIS2_PLACEMENT_3D('',#3529,#142,#14);
#3529=CARTESIAN_POINT('',(-12.11,15.71,-51.0000003));
#3530=ADVANCED_FACE('',(#3531),#164,.T.);
#3531=FACE_BOUND('',#3532,.T.);
#3532=EDGE_LOOP('',(#3533,#3534,#1411,#3538));
#3533=ORIENTED_EDGE('',*,*,#418,.F.);
#3534=ORIENTED_EDGE('',*,*,#3535,.T.);
#3535=EDGE_CURVE('',#413,#1407,#3536,.T.);
#3536=LINE('',#3537,#125);
#3537=CARTESIAN_POINT('',(-10.5,14.77,-25.50000015));
#3538=ORIENTED_EDGE('',*,*,#3524,.T.);
#3539=ADVANCED_FACE('',(#3540),#3548,.T.);
#3540=FACE_BOUND('',#3541,.T.);
#3541=EDGE_LOOP('',(#3542,#3543,#1405,#3547));
#3542=ORIENTED_EDGE('',*,*,#412,.F.);
#3543=ORIENTED_EDGE('',*,*,#3544,.T.);
#3544=EDGE_CURVE('',#406,#1400,#3545,.T.);
#3545=LINE('',#3546,#125);
#3546=CARTESIAN_POINT('',(-8.89,14.77,-51.0000003));
#3547=ORIENTED_EDGE('',*,*,#3535,.F.);
#3548=PLANE('',#3549);
#3549=AXIS2_PLACEMENT_3D('',#3546,#176,#166);
#3550=ADVANCED_FACE('',(#3551),#3559,.F.);
#3551=FACE_BOUND('',#3552,.T.);
#3552=EDGE_LOOP('',(#3553,#3554,#1398,#3558));
#3553=ORIENTED_EDGE('',*,*,#405,.F.);
#3554=ORIENTED_EDGE('',*,*,#3555,.T.);
#3555=EDGE_CURVE('',#400,#1394,#3556,.T.);
#3556=LINE('',#3557,#125);
#3557=CARTESIAN_POINT('',(-8.89,13.17,-51.0000003));
#3558=ORIENTED_EDGE('',*,*,#3544,.F.);
#3559=CYLINDRICAL_SURFACE('',#3560,0.8);
#3560=AXIS2_PLACEMENT_3D('',#3561,#188,#14);
#3561=CARTESIAN_POINT('',(-8.89,13.97,-51.0000003));
#3562=ADVANCED_FACE('',(#3563),#3571,.T.);
#3563=FACE_BOUND('',#3564,.T.);
#3564=EDGE_LOOP('',(#3565,#3566,#3567,#1392));
#3565=ORIENTED_EDGE('',*,*,#3555,.F.);
#3566=ORIENTED_EDGE('',*,*,#399,.F.);
#3567=ORIENTED_EDGE('',*,*,#3568,.F.);
#3568=EDGE_CURVE('',#1390,#396,#3569,.T.);
#3569=LINE('',#3570,#187);
#3570=CARTESIAN_POINT('',(-10.5,13.17,-25.50000015));
#3571=PLANE('',#3572);
#3572=AXIS2_PLACEMENT_3D('',#3573,#142,#14);
#3573=CARTESIAN_POINT('',(-12.11,13.17,-51.0000003));
#3574=ADVANCED_FACE('',(#3575),#164,.T.);
#3575=FACE_BOUND('',#3576,.T.);
#3576=EDGE_LOOP('',(#3577,#3578,#1388,#3582));
#3577=ORIENTED_EDGE('',*,*,#395,.F.);
#3578=ORIENTED_EDGE('',*,*,#3579,.T.);
#3579=EDGE_CURVE('',#390,#1384,#3580,.T.);
#3580=LINE('',#3581,#125);
#3581=CARTESIAN_POINT('',(-10.5,12.23,-25.50000015));
#3582=ORIENTED_EDGE('',*,*,#3568,.T.);
#3583=ADVANCED_FACE('',(#3584),#3592,.T.);
#3584=FACE_BOUND('',#3585,.T.);
#3585=EDGE_LOOP('',(#3586,#3587,#1382,#3591));
#3586=ORIENTED_EDGE('',*,*,#389,.F.);
#3587=ORIENTED_EDGE('',*,*,#3588,.T.);
#3588=EDGE_CURVE('',#383,#1377,#3589,.T.);
#3589=LINE('',#3590,#125);
#3590=CARTESIAN_POINT('',(-8.89,12.23,-51.0000003));
#3591=ORIENTED_EDGE('',*,*,#3579,.F.);
#3592=PLANE('',#3593);
#3593=AXIS2_PLACEMENT_3D('',#3590,#176,#166);
#3594=ADVANCED_FACE('',(#3595),#3603,.F.);
#3595=FACE_BOUND('',#3596,.T.);
#3596=EDGE_LOOP('',(#3597,#3598,#1375,#3602));
#3597=ORIENTED_EDGE('',*,*,#382,.F.);
#3598=ORIENTED_EDGE('',*,*,#3599,.T.);
#3599=EDGE_CURVE('',#377,#1371,#3600,.T.);
#3600=LINE('',#3601,#125);
#3601=CARTESIAN_POINT('',(-8.89,10.63,-51.0000003));
#3602=ORIENTED_EDGE('',*,*,#3588,.F.);
#3603=CYLINDRICAL_SURFACE('',#3604,0.8);
#3604=AXIS2_PLACEMENT_3D('',#3605,#188,#14);
#3605=CARTESIAN_POINT('',(-8.89,11.43,-51.0000003));
#3606=ADVANCED_FACE('',(#3607),#3615,.T.);
#3607=FACE_BOUND('',#3608,.T.);
#3608=EDGE_LOOP('',(#3609,#3610,#3611,#1369));
#3609=ORIENTED_EDGE('',*,*,#3599,.F.);
#3610=ORIENTED_EDGE('',*,*,#376,.F.);
#3611=ORIENTED_EDGE('',*,*,#3612,.F.);
#3612=EDGE_CURVE('',#1367,#373,#3613,.T.);
#3613=LINE('',#3614,#187);
#3614=CARTESIAN_POINT('',(-10.5,10.63,-25.50000015));
#3615=PLANE('',#3616);
#3616=AXIS2_PLACEMENT_3D('',#3617,#142,#14);
#3617=CARTESIAN_POINT('',(-12.11,10.63,-51.0000003));
#3618=ADVANCED_FACE('',(#3619),#164,.T.);
#3619=FACE_BOUND('',#3620,.T.);
#3620=EDGE_LOOP('',(#3621,#3622,#1365,#3626));
#3621=ORIENTED_EDGE('',*,*,#372,.F.);
#3622=ORIENTED_EDGE('',*,*,#3623,.T.);
#3623=EDGE_CURVE('',#367,#1361,#3624,.T.);
#3624=LINE('',#3625,#125);
#3625=CARTESIAN_POINT('',(-10.5,9.69,-25.50000015));
#3626=ORIENTED_EDGE('',*,*,#3612,.T.);
#3627=ADVANCED_FACE('',(#3628),#3636,.T.);
#3628=FACE_BOUND('',#3629,.T.);
#3629=EDGE_LOOP('',(#3630,#3631,#1359,#3635));
#3630=ORIENTED_EDGE('',*,*,#366,.F.);
#3631=ORIENTED_EDGE('',*,*,#3632,.T.);
#3632=EDGE_CURVE('',#360,#1354,#3633,.T.);
#3633=LINE('',#3634,#125);
#3634=CARTESIAN_POINT('',(-8.89,9.69,-51.0000003));
#3635=ORIENTED_EDGE('',*,*,#3623,.F.);
#3636=PLANE('',#3637);
#3637=AXIS2_PLACEMENT_3D('',#3634,#176,#166);
#3638=ADVANCED_FACE('',(#3639),#3647,.F.);
#3639=FACE_BOUND('',#3640,.T.);
#3640=EDGE_LOOP('',(#3641,#3642,#1352,#3646));
#3641=ORIENTED_EDGE('',*,*,#359,.F.);
#3642=ORIENTED_EDGE('',*,*,#3643,.T.);
#3643=EDGE_CURVE('',#354,#1348,#3644,.T.);
#3644=LINE('',#3645,#125);
#3645=CARTESIAN_POINT('',(-8.89,8.09,-51.0000003));
#3646=ORIENTED_EDGE('',*,*,#3632,.F.);
#3647=CYLINDRICAL_SURFACE('',#3648,0.8);
#3648=AXIS2_PLACEMENT_3D('',#3649,#188,#14);
#3649=CARTESIAN_POINT('',(-8.89,8.89,-51.0000003));
#3650=ADVANCED_FACE('',(#3651),#3659,.T.);
#3651=FACE_BOUND('',#3652,.T.);
#3652=EDGE_LOOP('',(#3653,#3654,#3655,#1346));
#3653=ORIENTED_EDGE('',*,*,#3643,.F.);
#3654=ORIENTED_EDGE('',*,*,#353,.F.);
#3655=ORIENTED_EDGE('',*,*,#3656,.F.);
#3656=EDGE_CURVE('',#1344,#350,#3657,.T.);
#3657=LINE('',#3658,#187);
#3658=CARTESIAN_POINT('',(-10.5,8.09,-25.50000015));
#3659=PLANE('',#3660);
#3660=AXIS2_PLACEMENT_3D('',#3661,#142,#14);
#3661=CARTESIAN_POINT('',(-12.11,8.09,-51.0000003));
#3662=ADVANCED_FACE('',(#3663),#164,.T.);
#3663=FACE_BOUND('',#3664,.T.);
#3664=EDGE_LOOP('',(#3665,#3666,#1342,#3670));
#3665=ORIENTED_EDGE('',*,*,#349,.F.);
#3666=ORIENTED_EDGE('',*,*,#3667,.T.);
#3667=EDGE_CURVE('',#344,#1338,#3668,.T.);
#3668=LINE('',#3669,#125);
#3669=CARTESIAN_POINT('',(-10.5,7.15,-25.50000015));
#3670=ORIENTED_EDGE('',*,*,#3656,.T.);
#3671=ADVANCED_FACE('',(#3672),#3680,.T.);
#3672=FACE_BOUND('',#3673,.T.);
#3673=EDGE_LOOP('',(#3674,#3675,#1336,#3679));
#3674=ORIENTED_EDGE('',*,*,#343,.F.);
#3675=ORIENTED_EDGE('',*,*,#3676,.T.);
#3676=EDGE_CURVE('',#337,#1331,#3677,.T.);
#3677=LINE('',#3678,#125);
#3678=CARTESIAN_POINT('',(-8.89,7.15,-51.0000003));
#3679=ORIENTED_EDGE('',*,*,#3667,.F.);
#3680=PLANE('',#3681);
#3681=AXIS2_PLACEMENT_3D('',#3678,#176,#166);
#3682=ADVANCED_FACE('',(#3683),#3691,.F.);
#3683=FACE_BOUND('',#3684,.T.);
#3684=EDGE_LOOP('',(#3685,#3686,#1329,#3690));
#3685=ORIENTED_EDGE('',*,*,#336,.F.);
#3686=ORIENTED_EDGE('',*,*,#3687,.T.);
#3687=EDGE_CURVE('',#331,#1325,#3688,.T.);
#3688=LINE('',#3689,#125);
#3689=CARTESIAN_POINT('',(-8.89,5.55,-51.0000003));
#3690=ORIENTED_EDGE('',*,*,#3676,.F.);
#3691=CYLINDRICAL_SURFACE('',#3692,0.8);
#3692=AXIS2_PLACEMENT_3D('',#3693,#188,#14);
#3693=CARTESIAN_POINT('',(-8.89,6.35,-51.0000003));
#3694=ADVANCED_FACE('',(#3695),#3703,.T.);
#3695=FACE_BOUND('',#3696,.T.);
#3696=EDGE_LOOP('',(#3697,#3698,#3699,#1323));
#3697=ORIENTED_EDGE('',*,*,#3687,.F.);
#3698=ORIENTED_EDGE('',*,*,#330,.F.);
#3699=ORIENTED_EDGE('',*,*,#3700,.F.);
#3700=EDGE_CURVE('',#1321,#327,#3701,.T.);
#3701=LINE('',#3702,#187);
#3702=CARTESIAN_POINT('',(-10.5,5.55,-25.50000015));
#3703=PLANE('',#3704);
#3704=AXIS2_PLACEMENT_3D('',#3705,#142,#14);
#3705=CARTESIAN_POINT('',(-12.11,5.55,-51.0000003));
#3706=ADVANCED_FACE('',(#3707),#164,.T.);
#3707=FACE_BOUND('',#3708,.T.);
#3708=EDGE_LOOP('',(#3709,#3710,#1319,#3714));
#3709=ORIENTED_EDGE('',*,*,#326,.F.);
#3710=ORIENTED_EDGE('',*,*,#3711,.T.);
#3711=EDGE_CURVE('',#321,#1315,#3712,.T.);
#3712=LINE('',#3713,#125);
#3713=CARTESIAN_POINT('',(-10.5,4.61,-25.50000015));
#3714=ORIENTED_EDGE('',*,*,#3700,.T.);
#3715=ADVANCED_FACE('',(#3716),#3724,.T.);
#3716=FACE_BOUND('',#3717,.T.);
#3717=EDGE_LOOP('',(#3718,#3719,#1313,#3723));
#3718=ORIENTED_EDGE('',*,*,#320,.F.);
#3719=ORIENTED_EDGE('',*,*,#3720,.T.);
#3720=EDGE_CURVE('',#314,#1308,#3721,.T.);
#3721=LINE('',#3722,#125);
#3722=CARTESIAN_POINT('',(-8.89,4.61,-51.0000003));
#3723=ORIENTED_EDGE('',*,*,#3711,.F.);
#3724=PLANE('',#3725);
#3725=AXIS2_PLACEMENT_3D('',#3722,#176,#166);
#3726=ADVANCED_FACE('',(#3727),#3735,.F.);
#3727=FACE_BOUND('',#3728,.T.);
#3728=EDGE_LOOP('',(#3729,#3730,#1306,#3734));
#3729=ORIENTED_EDGE('',*,*,#313,.F.);
#3730=ORIENTED_EDGE('',*,*,#3731,.T.);
#3731=EDGE_CURVE('',#308,#1302,#3732,.T.);
#3732=LINE('',#3733,#125);
#3733=CARTESIAN_POINT('',(-8.89,3.01,-51.0000003));
#3734=ORIENTED_EDGE('',*,*,#3720,.F.);
#3735=CYLINDRICAL_SURFACE('',#3736,0.8);
#3736=AXIS2_PLACEMENT_3D('',#3737,#188,#14);
#3737=CARTESIAN_POINT('',(-8.89,3.81,-51.0000003));
#3738=ADVANCED_FACE('',(#3739),#3747,.T.);
#3739=FACE_BOUND('',#3740,.T.);
#3740=EDGE_LOOP('',(#3741,#3742,#3743,#1300));
#3741=ORIENTED_EDGE('',*,*,#3731,.F.);
#3742=ORIENTED_EDGE('',*,*,#307,.F.);
#3743=ORIENTED_EDGE('',*,*,#3744,.F.);
#3744=EDGE_CURVE('',#1298,#304,#3745,.T.);
#3745=LINE('',#3746,#187);
#3746=CARTESIAN_POINT('',(-10.5,3.01,-25.50000015));
#3747=PLANE('',#3748);
#3748=AXIS2_PLACEMENT_3D('',#3749,#142,#14);
#3749=CARTESIAN_POINT('',(-12.11,3.01,-51.0000003));
#3750=ADVANCED_FACE('',(#3751),#164,.T.);
#3751=FACE_BOUND('',#3752,.T.);
#3752=EDGE_LOOP('',(#3753,#3754,#1296,#3758));
#3753=ORIENTED_EDGE('',*,*,#303,.F.);
#3754=ORIENTED_EDGE('',*,*,#3755,.T.);
#3755=EDGE_CURVE('',#298,#1292,#3756,.T.);
#3756=LINE('',#3757,#125);
#3757=CARTESIAN_POINT('',(-10.5,2.07,-25.50000015));
#3758=ORIENTED_EDGE('',*,*,#3744,.T.);
#3759=ADVANCED_FACE('',(#3760),#3768,.T.);
#3760=FACE_BOUND('',#3761,.T.);
#3761=EDGE_LOOP('',(#3762,#3763,#1290,#3767));
#3762=ORIENTED_EDGE('',*,*,#297,.F.);
#3763=ORIENTED_EDGE('',*,*,#3764,.T.);
#3764=EDGE_CURVE('',#291,#1285,#3765,.T.);
#3765=LINE('',#3766,#125);
#3766=CARTESIAN_POINT('',(-8.89,2.07,-51.0000003));
#3767=ORIENTED_EDGE('',*,*,#3755,.F.);
#3768=PLANE('',#3769);
#3769=AXIS2_PLACEMENT_3D('',#3766,#176,#166);
#3770=ADVANCED_FACE('',(#3771),#3779,.F.);
#3771=FACE_BOUND('',#3772,.T.);
#3772=EDGE_LOOP('',(#3773,#3774,#1283,#3778));
#3773=ORIENTED_EDGE('',*,*,#290,.F.);
#3774=ORIENTED_EDGE('',*,*,#3775,.T.);
#3775=EDGE_CURVE('',#285,#1279,#3776,.T.);
#3776=LINE('',#3777,#125);
#3777=CARTESIAN_POINT('',(-8.89,0.47,-51.0000003));
#3778=ORIENTED_EDGE('',*,*,#3764,.F.);
#3779=CYLINDRICAL_SURFACE('',#3780,0.8);
#3780=AXIS2_PLACEMENT_3D('',#3781,#188,#14);
#3781=CARTESIAN_POINT('',(-8.89,1.27,-51.0000003));
#3782=ADVANCED_FACE('',(#3783),#3791,.T.);
#3783=FACE_BOUND('',#3784,.T.);
#3784=EDGE_LOOP('',(#3785,#3786,#3787,#1277));
#3785=ORIENTED_EDGE('',*,*,#3775,.F.);
#3786=ORIENTED_EDGE('',*,*,#284,.F.);
#3787=ORIENTED_EDGE('',*,*,#3788,.F.);
#3788=EDGE_CURVE('',#1275,#281,#3789,.T.);
#3789=LINE('',#3790,#187);
#3790=CARTESIAN_POINT('',(-10.5,0.47,-25.50000015));
#3791=PLANE('',#3792);
#3792=AXIS2_PLACEMENT_3D('',#3793,#142,#14);
#3793=CARTESIAN_POINT('',(-12.11,0.47,-51.0000003));
#3794=ADVANCED_FACE('',(#3795),#164,.T.);
#3795=FACE_BOUND('',#3796,.T.);
#3796=EDGE_LOOP('',(#3797,#3798,#1273,#3802));
#3797=ORIENTED_EDGE('',*,*,#280,.F.);
#3798=ORIENTED_EDGE('',*,*,#3799,.T.);
#3799=EDGE_CURVE('',#275,#1269,#3800,.T.);
#3800=LINE('',#3801,#125);
#3801=CARTESIAN_POINT('',(-10.5,-0.47,-25.50000015));
#3802=ORIENTED_EDGE('',*,*,#3788,.T.);
#3803=ADVANCED_FACE('',(#3804),#3812,.T.);
#3804=FACE_BOUND('',#3805,.T.);
#3805=EDGE_LOOP('',(#3806,#3807,#1267,#3811));
#3806=ORIENTED_EDGE('',*,*,#274,.F.);
#3807=ORIENTED_EDGE('',*,*,#3808,.T.);
#3808=EDGE_CURVE('',#268,#1262,#3809,.T.);
#3809=LINE('',#3810,#125);
#3810=CARTESIAN_POINT('',(-8.89,-0.47,-51.0000003));
#3811=ORIENTED_EDGE('',*,*,#3799,.F.);
#3812=PLANE('',#3813);
#3813=AXIS2_PLACEMENT_3D('',#3810,#176,#166);
#3814=ADVANCED_FACE('',(#3815),#3823,.F.);
#3815=FACE_BOUND('',#3816,.T.);
#3816=EDGE_LOOP('',(#3817,#3818,#1260,#3822));
#3817=ORIENTED_EDGE('',*,*,#267,.F.);
#3818=ORIENTED_EDGE('',*,*,#3819,.T.);
#3819=EDGE_CURVE('',#262,#1256,#3820,.T.);
#3820=LINE('',#3821,#125);
#3821=CARTESIAN_POINT('',(-8.89,-2.07,-51.0000003));
#3822=ORIENTED_EDGE('',*,*,#3808,.F.);
#3823=CYLINDRICAL_SURFACE('',#3824,0.8);
#3824=AXIS2_PLACEMENT_3D('',#3825,#188,#14);
#3825=CARTESIAN_POINT('',(-8.89,-1.27,-51.0000003));
#3826=ADVANCED_FACE('',(#3827),#3835,.T.);
#3827=FACE_BOUND('',#3828,.T.);
#3828=EDGE_LOOP('',(#3829,#3830,#3831,#1254));
#3829=ORIENTED_EDGE('',*,*,#3819,.F.);
#3830=ORIENTED_EDGE('',*,*,#261,.F.);
#3831=ORIENTED_EDGE('',*,*,#3832,.F.);
#3832=EDGE_CURVE('',#1252,#258,#3833,.T.);
#3833=LINE('',#3834,#187);
#3834=CARTESIAN_POINT('',(-10.5,-2.07,-25.50000015));
#3835=PLANE('',#3836);
#3836=AXIS2_PLACEMENT_3D('',#3837,#142,#14);
#3837=CARTESIAN_POINT('',(-12.11,-2.07,-51.0000003));
#3838=ADVANCED_FACE('',(#3839),#164,.T.);
#3839=FACE_BOUND('',#3840,.T.);
#3840=EDGE_LOOP('',(#3841,#3842,#1250,#3846));
#3841=ORIENTED_EDGE('',*,*,#257,.F.);
#3842=ORIENTED_EDGE('',*,*,#3843,.T.);
#3843=EDGE_CURVE('',#252,#1246,#3844,.T.);
#3844=LINE('',#3845,#125);
#3845=CARTESIAN_POINT('',(-10.5,-3.01,-25.50000015));
#3846=ORIENTED_EDGE('',*,*,#3832,.T.);
#3847=ADVANCED_FACE('',(#3848),#3856,.T.);
#3848=FACE_BOUND('',#3849,.T.);
#3849=EDGE_LOOP('',(#3850,#3851,#1244,#3855));
#3850=ORIENTED_EDGE('',*,*,#251,.F.);
#3851=ORIENTED_EDGE('',*,*,#3852,.T.);
#3852=EDGE_CURVE('',#245,#1239,#3853,.T.);
#3853=LINE('',#3854,#125);
#3854=CARTESIAN_POINT('',(-8.89,-3.01,-51.0000003));
#3855=ORIENTED_EDGE('',*,*,#3843,.F.);
#3856=PLANE('',#3857);
#3857=AXIS2_PLACEMENT_3D('',#3854,#176,#166);
#3858=ADVANCED_FACE('',(#3859),#3867,.F.);
#3859=FACE_BOUND('',#3860,.T.);
#3860=EDGE_LOOP('',(#3861,#3862,#1237,#3866));
#3861=ORIENTED_EDGE('',*,*,#244,.F.);
#3862=ORIENTED_EDGE('',*,*,#3863,.T.);
#3863=EDGE_CURVE('',#239,#1233,#3864,.T.);
#3864=LINE('',#3865,#125);
#3865=CARTESIAN_POINT('',(-8.89,-4.61,-51.0000003));
#3866=ORIENTED_EDGE('',*,*,#3852,.F.);
#3867=CYLINDRICAL_SURFACE('',#3868,0.8);
#3868=AXIS2_PLACEMENT_3D('',#3869,#188,#14);
#3869=CARTESIAN_POINT('',(-8.89,-3.81,-51.0000003));
#3870=ADVANCED_FACE('',(#3871),#3879,.T.);
#3871=FACE_BOUND('',#3872,.T.);
#3872=EDGE_LOOP('',(#3873,#3874,#3875,#1231));
#3873=ORIENTED_EDGE('',*,*,#3863,.F.);
#3874=ORIENTED_EDGE('',*,*,#238,.F.);
#3875=ORIENTED_EDGE('',*,*,#3876,.F.);
#3876=EDGE_CURVE('',#1229,#235,#3877,.T.);
#3877=LINE('',#3878,#187);
#3878=CARTESIAN_POINT('',(-10.5,-4.61,-25.50000015));
#3879=PLANE('',#3880);
#3880=AXIS2_PLACEMENT_3D('',#3881,#142,#14);
#3881=CARTESIAN_POINT('',(-12.11,-4.61,-51.0000003));
#3882=ADVANCED_FACE('',(#3883),#164,.T.);
#3883=FACE_BOUND('',#3884,.T.);
#3884=EDGE_LOOP('',(#3885,#3886,#1227,#3890));
#3885=ORIENTED_EDGE('',*,*,#234,.F.);
#3886=ORIENTED_EDGE('',*,*,#3887,.T.);
#3887=EDGE_CURVE('',#229,#1223,#3888,.T.);
#3888=LINE('',#3889,#125);
#3889=CARTESIAN_POINT('',(-10.5,-5.55,-25.50000015));
#3890=ORIENTED_EDGE('',*,*,#3876,.T.);
#3891=ADVANCED_FACE('',(#3892),#3900,.T.);
#3892=FACE_BOUND('',#3893,.T.);
#3893=EDGE_LOOP('',(#3894,#3895,#1221,#3899));
#3894=ORIENTED_EDGE('',*,*,#228,.F.);
#3895=ORIENTED_EDGE('',*,*,#3896,.T.);
#3896=EDGE_CURVE('',#222,#1216,#3897,.T.);
#3897=LINE('',#3898,#125);
#3898=CARTESIAN_POINT('',(-8.89,-5.55,-51.0000003));
#3899=ORIENTED_EDGE('',*,*,#3887,.F.);
#3900=PLANE('',#3901);
#3901=AXIS2_PLACEMENT_3D('',#3898,#176,#166);
#3902=ADVANCED_FACE('',(#3903),#3911,.F.);
#3903=FACE_BOUND('',#3904,.T.);
#3904=EDGE_LOOP('',(#3905,#3906,#1214,#3910));
#3905=ORIENTED_EDGE('',*,*,#221,.F.);
#3906=ORIENTED_EDGE('',*,*,#3907,.T.);
#3907=EDGE_CURVE('',#216,#1210,#3908,.T.);
#3908=LINE('',#3909,#125);
#3909=CARTESIAN_POINT('',(-8.89,-7.15,-51.0000003));
#3910=ORIENTED_EDGE('',*,*,#3896,.F.);
#3911=CYLINDRICAL_SURFACE('',#3912,0.8);
#3912=AXIS2_PLACEMENT_3D('',#3913,#188,#14);
#3913=CARTESIAN_POINT('',(-8.89,-6.35,-51.0000003));
#3914=ADVANCED_FACE('',(#3915),#3923,.T.);
#3915=FACE_BOUND('',#3916,.T.);
#3916=EDGE_LOOP('',(#3917,#3918,#3919,#1208));
#3917=ORIENTED_EDGE('',*,*,#3907,.F.);
#3918=ORIENTED_EDGE('',*,*,#215,.F.);
#3919=ORIENTED_EDGE('',*,*,#3920,.F.);
#3920=EDGE_CURVE('',#1206,#212,#3921,.T.);
#3921=LINE('',#3922,#187);
#3922=CARTESIAN_POINT('',(-10.5,-7.15,-25.50000015));
#3923=PLANE('',#3924);
#3924=AXIS2_PLACEMENT_3D('',#3925,#142,#14);
#3925=CARTESIAN_POINT('',(-12.11,-7.15,-51.0000003));
#3926=ADVANCED_FACE('',(#3927),#164,.T.);
#3927=FACE_BOUND('',#3928,.T.);
#3928=EDGE_LOOP('',(#3929,#3930,#1204,#3934));
#3929=ORIENTED_EDGE('',*,*,#211,.F.);
#3930=ORIENTED_EDGE('',*,*,#3931,.T.);
#3931=EDGE_CURVE('',#205,#1200,#3932,.T.);
#3932=LINE('',#3933,#125);
#3933=CARTESIAN_POINT('',(-10.5,-8.09,-25.50000015));
#3934=ORIENTED_EDGE('',*,*,#3920,.T.);
#3935=ADVANCED_FACE('',(#3936),#3941,.T.);
#3936=FACE_BOUND('',#3937,.T.);
#3937=EDGE_LOOP('',(#3938,#3939,#1198,#3940));
#3938=ORIENTED_EDGE('',*,*,#204,.F.);
#3939=ORIENTED_EDGE('',*,*,#2209,.T.);
#3940=ORIENTED_EDGE('',*,*,#3931,.F.);
#3941=PLANE('',#3942);
#3942=AXIS2_PLACEMENT_3D('',#2211,#176,#166);
#3943=ADVANCED_FACE('',(#3944),#3951,.F.);
#3944=FACE_BOUND('',#3945,.T.);
#3945=EDGE_LOOP('',(#3946,#2113,#3949,#3950));
#3946=ORIENTED_EDGE('',*,*,#3947,.T.);
#3947=EDGE_CURVE('',#1124,#2115,#3948,.T.);
#3948=LINE('',#1125,#125);
#3949=ORIENTED_EDGE('',*,*,#3947,.F.);
#3950=ORIENTED_EDGE('',*,*,#1123,.F.);
#3951=CYLINDRICAL_SURFACE('',#3952,1.05);
#3952=AXIS2_PLACEMENT_3D('',#1128,#188,#14);
#3953=ADVANCED_FACE('',(#3954),#3962,.F.);
#3954=FACE_BOUND('',#3955,.T.);
#3955=EDGE_LOOP('',(#3956,#3957,#2122,#3961));
#3956=ORIENTED_EDGE('',*,*,#1132,.F.);
#3957=ORIENTED_EDGE('',*,*,#3958,.T.);
#3958=EDGE_CURVE('',#1133,#2124,#3959,.T.);
#3959=LINE('',#3960,#125);
#3960=CARTESIAN_POINT('',(6.1641,-5.7,-51.0000002));
#3961=ORIENTED_EDGE('',*,*,#3958,.F.);
#3962=CYLINDRICAL_SURFACE('',#3963,0.5);
#3963=AXIS2_PLACEMENT_3D('',#3964,#188,#14);
#3964=CARTESIAN_POINT('',(5.6641,-5.7,-51.0000002));
#3965=ADVANCED_FACE('',(#3966),#3974,.F.);
#3966=FACE_BOUND('',#3967,.T.);
#3967=EDGE_LOOP('',(#3968,#3969,#2131,#3973));
#3968=ORIENTED_EDGE('',*,*,#1142,.F.);
#3969=ORIENTED_EDGE('',*,*,#3970,.T.);
#3970=EDGE_CURVE('',#1143,#2133,#3971,.T.);
#3971=LINE('',#3972,#125);
#3972=CARTESIAN_POINT('',(3.6241,-5.7,-51.0000002));
#3973=ORIENTED_EDGE('',*,*,#3970,.F.);
#3974=CYLINDRICAL_SURFACE('',#3975,0.5);
#3975=AXIS2_PLACEMENT_3D('',#3976,#188,#14);
#3976=CARTESIAN_POINT('',(3.1241,-5.7,-51.0000002));
#3977=ADVANCED_FACE('',(#3978),#3986,.F.);
#3978=FACE_BOUND('',#3979,.T.);
#3979=EDGE_LOOP('',(#3980,#3981,#2140,#3985));
#3980=ORIENTED_EDGE('',*,*,#1151,.F.);
#3981=ORIENTED_EDGE('',*,*,#3982,.T.);
#3982=EDGE_CURVE('',#1152,#2142,#3983,.T.);
#3983=LINE('',#3984,#125);
#3984=CARTESIAN_POINT('',(1.0841,-5.7,-51.0000002));
#3985=ORIENTED_EDGE('',*,*,#3982,.F.);
#3986=CYLINDRICAL_SURFACE('',#3987,0.5);
#3987=AXIS2_PLACEMENT_3D('',#3988,#188,#14);
#3988=CARTESIAN_POINT('',(0.5841,-5.7,-51.0000002));
#3989=ADVANCED_FACE('',(#3990),#3997,.F.);
#3990=FACE_BOUND('',#3991,.T.);
#3991=EDGE_LOOP('',(#3992,#2149,#3995,#3996));
#3992=ORIENTED_EDGE('',*,*,#3993,.T.);
#3993=EDGE_CURVE('',#1161,#2151,#3994,.T.);
#3994=LINE('',#1162,#125);
#3995=ORIENTED_EDGE('',*,*,#3993,.F.);
#3996=ORIENTED_EDGE('',*,*,#1160,.F.);
#3997=CYLINDRICAL_SURFACE('',#3998,1.05);
#3998=AXIS2_PLACEMENT_3D('',#1165,#188,#14);
#3999=ADVANCED_FACE('',(#4000),#4007,.F.);
#4000=FACE_BOUND('',#4001,.T.);
#4001=EDGE_LOOP('',(#4002,#2158,#4005,#4006));
#4002=ORIENTED_EDGE('',*,*,#4003,.T.);
#4003=EDGE_CURVE('',#1170,#2160,#4004,.T.);
#4004=LINE('',#1171,#125);
#4005=ORIENTED_EDGE('',*,*,#4003,.F.);
#4006=ORIENTED_EDGE('',*,*,#1169,.F.);
#4007=CYLINDRICAL_SURFACE('',#4008,1.05);
#4008=AXIS2_PLACEMENT_3D('',#1174,#188,#14);
#4009=ADVANCED_FACE('',(#4010),#4017,.F.);
#4010=FACE_BOUND('',#4011,.T.);
#4011=EDGE_LOOP('',(#4012,#2167,#4015,#4016));
#4012=ORIENTED_EDGE('',*,*,#4013,.T.);
#4013=EDGE_CURVE('',#1179,#2169,#4014,.T.);
#4014=LINE('',#1180,#125);
#4015=ORIENTED_EDGE('',*,*,#4013,.F.);
#4016=ORIENTED_EDGE('',*,*,#1178,.F.);
#4017=CYLINDRICAL_SURFACE('',#4018,1.05);
#4018=AXIS2_PLACEMENT_3D('',#1183,#188,#14);
#4019=( GEOMETRIC_REPRESENTATION_CONTEXT(3)GLOBAL_UNCERTAINTY_ASSIGNED_CONTEXT((#4020))GLOBAL_UNIT_ASSIGNED_CONTEXT((#101,#102,#103)) REPRESENTATION_CONTEXT('Context #1','3D Context with UNIT and UNCERTAINTY') );
#4020=UNCERTAINTY_MEASURE_WITH_UNIT(LENGTH_MEASURE(2.E-07),#101,'distance_accuracy_value','confusion accuracy');
#4021=CONTEXT_DEPENDENT_SHAPE_REPRESENTATION(#4022,#4024);
#4022=( REPRESENTATION_RELATIONSHIP('','',#112,#10)REPRESENTATION_RELATIONSHIP_WITH_TRANSFORMATION(#4023)SHAPE_REPRESENTATION_RELATIONSHIP() );
#4023=ITEM_DEFINED_TRANSFORMATION('','',#11,#15);
#4024=PRODUCT_DEFINITION_SHAPE('Placement','Placement of an item',#4025);
#4025=NEXT_ASSEMBLY_USAGE_OCCURRENCE('309','PCB','',#5,#108,$);
#4026=PRODUCT_RELATED_PRODUCT_CATEGORY('part',$,(#110));
#4027=SHAPE_DEFINITION_REPRESENTATION(#4028,#4033);
#4028=PRODUCT_DEFINITION_SHAPE('','',#4029);
#4029=PRODUCT_DEFINITION('design','',#4030,#4032);
#4030=PRODUCT_DEFINITION_FORMATION('','',#4031);
#4031=PRODUCT('PAD1','PAD1','',(#8));
#4032=PRODUCT_DEFINITION_CONTEXT('part definition',#2,'design');
#4033=ADVANCED_BREP_SHAPE_REPRESENTATION('',(#11,#4034),#4205);
#4034=MANIFOLD_SOLID_BREP('',#4035);
#4035=CLOSED_SHELL('',(#4036,#4063,#4082,#4118,#4135,#4168,#4177,#4185,#4193));
#4036=ADVANCED_FACE('',(#4037),#4061,.T.);
#4037=FACE_BOUND('',#4038,.T.);
#4038=EDGE_LOOP('',(#4039,#4046,#4051,#4057));
#4039=ORIENTED_EDGE('',*,*,#4040,.F.);
#4040=EDGE_CURVE('',#4041,#4043,#4045,.T.);
#4041=VERTEX_POINT('',#4042);
#4042=CARTESIAN_POINT('',(0.,0.8,0.));
#4043=VERTEX_POINT('',#4044);
#4044=CARTESIAN_POINT('',(0.,0.8,1.7));
#4045=LINE('',#4042,#125);
#4046=ORIENTED_EDGE('',*,*,#4047,.T.);
#4047=EDGE_CURVE('',#4041,#4048,#4050,.T.);
#4048=VERTEX_POINT('',#4049);
#4049=CARTESIAN_POINT('',(0.,0.5,0.));
#4050=LINE('',#4042,#175);
#4051=ORIENTED_EDGE('',*,*,#4052,.F.);
#4052=EDGE_CURVE('',#4053,#4048,#4055,.T.);
#4053=VERTEX_POINT('',#4054);
#4054=CARTESIAN_POINT('',(0.,0.5,1.7));
#4055=LINE('',#4056,#187);
#4056=CARTESIAN_POINT('',(0.,0.5,-2.4100002));
#4057=ORIENTED_EDGE('',*,*,#4058,.T.);
#4058=EDGE_CURVE('',#4053,#4043,#4059,.T.);
#4059=LINE('',#4060,#152);
#4060=CARTESIAN_POINT('',(0.,-0.8,1.7));
#4061=PLANE('',#4062);
#4062=AXIS2_PLACEMENT_3D('',#12,#166,#142);
#4063=ADVANCED_FACE('',(#4064),#4080,.T.);
#4064=FACE_BOUND('',#4065,.T.);
#4065=EDGE_LOOP('',(#4066,#4067,#4072,#4077));
#4066=ORIENTED_EDGE('',*,*,#4040,.T.);
#4067=ORIENTED_EDGE('',*,*,#4068,.T.);
#4068=EDGE_CURVE('',#4043,#4069,#4071,.T.);
#4069=VERTEX_POINT('',#4070);
#4070=CARTESIAN_POINT('',(1.61,0.8,1.7));
#4071=LINE('',#4044,#131);
#4072=ORIENTED_EDGE('',*,*,#4073,.F.);
#4073=EDGE_CURVE('',#4074,#4069,#4076,.T.);
#4074=VERTEX_POINT('',#4075);
#4075=CARTESIAN_POINT('',(1.61,0.8,0.));
#4076=LINE('',#4075,#125);
#4077=ORIENTED_EDGE('',*,*,#4078,.F.);
#4078=EDGE_CURVE('',#4041,#4074,#4079,.T.);
#4079=LINE('',#4042,#131);
#4080=PLANE('',#4081);
#4081=AXIS2_PLACEMENT_3D('',#4042,#142,#14);
#4082=ADVANCED_FACE('',(#4083,#4106),#4115,.F.);
#4083=FACE_BOUND('',#4084,.F.);
#4084=EDGE_LOOP('',(#4057,#4067,#4085,#4093,#4097,#4101));
#4085=ORIENTED_EDGE('',*,*,#4086,.T.);
#4086=EDGE_CURVE('',#4069,#4087,#4089,.T.);
#4087=VERTEX_POINT('',#4088);
#4088=CARTESIAN_POINT('',(1.61,-0.8,1.7));
#4089=CIRCLE('',#4090,0.8);
#4090=AXIS2_PLACEMENT_3D('',#4091,#188,#4092);
#4091=CARTESIAN_POINT('',(1.61,-5.551115123126E-17,1.7));
#4092=DIRECTION('',(-2.775557561563E-16,1.,0.));
#4093=ORIENTED_EDGE('',*,*,#4094,.T.);
#4094=EDGE_CURVE('',#4087,#4095,#4096,.T.);
#4095=VERTEX_POINT('',#4060);
#4096=LINE('',#4088,#209);
#4097=ORIENTED_EDGE('',*,*,#4098,.T.);
#4098=EDGE_CURVE('',#4095,#4099,#4059,.T.);
#4099=VERTEX_POINT('',#4100);
#4100=CARTESIAN_POINT('',(0.,-0.5,1.7));
#4101=ORIENTED_EDGE('',*,*,#4102,.F.);
#4102=EDGE_CURVE('',#4053,#4099,#4103,.T.);
#4103=CIRCLE('',#4104,0.5);
#4104=AXIS2_PLACEMENT_3D('',#4105,#188,#142);
#4105=CARTESIAN_POINT('',(0.,0.,1.7));
#4106=FACE_BOUND('',#4107,.F.);
#4107=EDGE_LOOP('',(#4108));
#4108=ORIENTED_EDGE('',*,*,#4109,.F.);
#4109=EDGE_CURVE('',#4110,#4110,#4112,.T.);
#4110=VERTEX_POINT('',#4111);
#4111=CARTESIAN_POINT('',(2.11,0.,1.7));
#4112=CIRCLE('',#4113,0.5);
#4113=AXIS2_PLACEMENT_3D('',#4114,#188,#14);
#4114=CARTESIAN_POINT('',(1.61,0.,1.7));
#4115=PLANE('',#4116);
#4116=AXIS2_PLACEMENT_3D('',#4117,#188,#166);
#4117=CARTESIAN_POINT('',(1.047730265491,-3.075410040513E-17,1.7));
#4118=ADVANCED_FACE('',(#4119),#4132,.F.);
#4119=FACE_BOUND('',#4120,.T.);
#4120=EDGE_LOOP('',(#4121,#4127,#4101,#4131));
#4121=ORIENTED_EDGE('',*,*,#4122,.T.);
#4122=EDGE_CURVE('',#4048,#4123,#4125,.T.);
#4123=VERTEX_POINT('',#4124);
#4124=CARTESIAN_POINT('',(0.,-0.5,0.));
#4125=CIRCLE('',#4126,0.5);
#4126=AXIS2_PLACEMENT_3D('',#12,#188,#142);
#4127=ORIENTED_EDGE('',*,*,#4128,.F.);
#4128=EDGE_CURVE('',#4099,#4123,#4129,.T.);
#4129=LINE('',#4130,#187);
#4130=CARTESIAN_POINT('',(0.,-0.5,-2.4100002));
#4131=ORIENTED_EDGE('',*,*,#4052,.T.);
#4132=CYLINDRICAL_SURFACE('',#4133,0.5);
#4133=AXIS2_PLACEMENT_3D('',#4134,#188,#14);
#4134=CARTESIAN_POINT('',(0.,0.,-2.4100002));
#4135=ADVANCED_FACE('',(#4136,#4155),#4165,.T.);
#4136=FACE_BOUND('',#4137,.T.);
#4137=EDGE_LOOP('',(#4138,#4139,#4140,#4147,#4152,#4154));
#4138=ORIENTED_EDGE('',*,*,#4047,.F.);
#4139=ORIENTED_EDGE('',*,*,#4078,.T.);
#4140=ORIENTED_EDGE('',*,*,#4141,.T.);
#4141=EDGE_CURVE('',#4074,#4142,#4144,.T.);
#4142=VERTEX_POINT('',#4143);
#4143=CARTESIAN_POINT('',(1.61,-0.8,0.));
#4144=CIRCLE('',#4145,0.8);
#4145=AXIS2_PLACEMENT_3D('',#4146,#188,#4092);
#4146=CARTESIAN_POINT('',(1.61,-5.551115123126E-17,0.));
#4147=ORIENTED_EDGE('',*,*,#4148,.T.);
#4148=EDGE_CURVE('',#4142,#4149,#4151,.T.);
#4149=VERTEX_POINT('',#4150);
#4150=CARTESIAN_POINT('',(0.,-0.8,0.));
#4151=LINE('',#4143,#209);
#4152=ORIENTED_EDGE('',*,*,#4153,.F.);
#4153=EDGE_CURVE('',#4123,#4149,#4050,.T.);
#4154=ORIENTED_EDGE('',*,*,#4122,.F.);
#4155=FACE_BOUND('',#4156,.T.);
#4156=EDGE_LOOP('',(#4157));
#4157=ORIENTED_EDGE('',*,*,#4158,.T.);
#4158=EDGE_CURVE('',#4159,#4159,#4161,.T.);
#4159=VERTEX_POINT('',#4160);
#4160=CARTESIAN_POINT('',(2.11,0.,0.));
#4161=CIRCLE('',#4162,0.5);
#4162=AXIS2_PLACEMENT_3D('',#4163,#13,#4164);
#4163=CARTESIAN_POINT('',(1.61,-2.775557561563E-16,0.));
#4164=DIRECTION('',(1.,8.00040872142E-16,0.));
#4165=PLANE('',#4166);
#4166=AXIS2_PLACEMENT_3D('',#4167,#188,#166);
#4167=CARTESIAN_POINT('',(1.047730265491,-3.075410040513E-17,0.));
#4168=ADVANCED_FACE('',(#4169),#4176,.T.);
#4169=FACE_BOUND('',#4170,.T.);
#4170=EDGE_LOOP('',(#4171,#4085,#4172,#4175));
#4171=ORIENTED_EDGE('',*,*,#4073,.T.);
#4172=ORIENTED_EDGE('',*,*,#4173,.F.);
#4173=EDGE_CURVE('',#4142,#4087,#4174,.T.);
#4174=LINE('',#4143,#125);
#4175=ORIENTED_EDGE('',*,*,#4141,.F.);
#4176=CYLINDRICAL_SURFACE('',#4145,0.8);
#4177=ADVANCED_FACE('',(#4178),#4061,.T.);
#4178=FACE_BOUND('',#4179,.T.);
#4179=EDGE_LOOP('',(#4180,#4181,#4182,#4097));
#4180=ORIENTED_EDGE('',*,*,#4128,.T.);
#4181=ORIENTED_EDGE('',*,*,#4153,.T.);
#4182=ORIENTED_EDGE('',*,*,#4183,.T.);
#4183=EDGE_CURVE('',#4149,#4095,#4184,.T.);
#4184=LINE('',#4150,#125);
#4185=ADVANCED_FACE('',(#4186),#4191,.T.);
#4186=FACE_BOUND('',#4187,.T.);
#4187=EDGE_LOOP('',(#4188,#4093,#4189,#4190));
#4188=ORIENTED_EDGE('',*,*,#4173,.T.);
#4189=ORIENTED_EDGE('',*,*,#4183,.F.);
#4190=ORIENTED_EDGE('',*,*,#4148,.F.);
#4191=PLANE('',#4192);
#4192=AXIS2_PLACEMENT_3D('',#4143,#176,#166);
#4193=ADVANCED_FACE('',(#4194),#4202,.F.);
#4194=FACE_BOUND('',#4195,.T.);
#4195=EDGE_LOOP('',(#4196,#4197,#4108,#4201));
#4196=ORIENTED_EDGE('',*,*,#4158,.F.);
#4197=ORIENTED_EDGE('',*,*,#4198,.T.);
#4198=EDGE_CURVE('',#4159,#4110,#4199,.T.);
#4199=LINE('',#4200,#125);
#4200=CARTESIAN_POINT('',(2.11,0.,-2.4100002));
#4201=ORIENTED_EDGE('',*,*,#4198,.F.);
#4202=CYLINDRICAL_SURFACE('',#4203,0.5);
#4203=AXIS2_PLACEMENT_3D('',#4204,#188,#14);
#4204=CARTESIAN_POINT('',(1.61,0.,-2.4100002));
#4205=( GEOMETRIC_REPRESENTATION_CONTEXT(3)GLOBAL_UNCERTAINTY_ASSIGNED_CONTEXT((#104))GLOBAL_UNIT_ASSIGNED_CONTEXT((#101,#102,#103)) REPRESENTATION_CONTEXT('Context #1','3D Context with UNIT and UNCERTAINTY') );
#4206=CONTEXT_DEPENDENT_SHAPE_REPRESENTATION(#4207,#4209);
#4207=( REPRESENTATION_RELATIONSHIP('','',#4033,#10)REPRESENTATION_RELATIONSHIP_WITH_TRANSFORMATION(#4208)SHAPE_REPRESENTATION_RELATIONSHIP() );
#4208=ITEM_DEFINED_TRANSFORMATION('','',#11,#17);
#4209=PRODUCT_DEFINITION_SHAPE('Placement','Placement of an item',#4210);
#4210=NEXT_ASSEMBLY_USAGE_OCCURRENCE('310','PAD1','',#5,#4029,$);
#4211=PRODUCT_RELATED_PRODUCT_CATEGORY('part',$,(#4031));
#4212=CONTEXT_DEPENDENT_SHAPE_REPRESENTATION(#4213,#4215);
#4213=( REPRESENTATION_RELATIONSHIP('','',#4033,#10)REPRESENTATION_RELATIONSHIP_WITH_TRANSFORMATION(#4214)SHAPE_REPRESENTATION_RELATIONSHIP() );
#4214=ITEM_DEFINED_TRANSFORMATION('','',#11,#19);
#4215=PRODUCT_DEFINITION_SHAPE('Placement','Placement of an item',#4216);
#4216=NEXT_ASSEMBLY_USAGE_OCCURRENCE('311','PAD40','',#5,#4029,$);
#4217=CONTEXT_DEPENDENT_SHAPE_REPRESENTATION(#4218,#4220);
#4218=( REPRESENTATION_RELATIONSHIP('','',#4033,#10)REPRESENTATION_RELATIONSHIP_WITH_TRANSFORMATION(#4219)SHAPE_REPRESENTATION_RELATIONSHIP() );
#4219=ITEM_DEFINED_TRANSFORMATION('','',#11,#22);
#4220=PRODUCT_DEFINITION_SHAPE('Placement','Placement of an item',#4221);
#4221=NEXT_ASSEMBLY_USAGE_OCCURRENCE('312','PAD2','',#5,#4029,$);
#4222=CONTEXT_DEPENDENT_SHAPE_REPRESENTATION(#4223,#4225);
#4223=( REPRESENTATION_RELATIONSHIP('','',#4033,#10)REPRESENTATION_RELATIONSHIP_WITH_TRANSFORMATION(#4224)SHAPE_REPRESENTATION_RELATIONSHIP() );
#4224=ITEM_DEFINED_TRANSFORMATION('','',#11,#24);
#4225=PRODUCT_DEFINITION_SHAPE('Placement','Placement of an item',#4226);
#4226=NEXT_ASSEMBLY_USAGE_OCCURRENCE('313','PAD39','',#5,#4029,$);
#4227=CONTEXT_DEPENDENT_SHAPE_REPRESENTATION(#4228,#4230);
#4228=( REPRESENTATION_RELATIONSHIP('','',#4033,#10)REPRESENTATION_RELATIONSHIP_WITH_TRANSFORMATION(#4229)SHAPE_REPRESENTATION_RELATIONSHIP() );
#4229=ITEM_DEFINED_TRANSFORMATION('','',#11,#26);
#4230=PRODUCT_DEFINITION_SHAPE('Placement','Placement of an item',#4231);
#4231=NEXT_ASSEMBLY_USAGE_OCCURRENCE('314','PAD3','',#5,#4029,$);
#4232=CONTEXT_DEPENDENT_SHAPE_REPRESENTATION(#4233,#4235);
#4233=( REPRESENTATION_RELATIONSHIP('','',#4033,#10)REPRESENTATION_RELATIONSHIP_WITH_TRANSFORMATION(#4234)SHAPE_REPRESENTATION_RELATIONSHIP() );
#4234=ITEM_DEFINED_TRANSFORMATION('','',#11,#28);
#4235=PRODUCT_DEFINITION_SHAPE('Placement','Placement of an item',#4236);
#4236=NEXT_ASSEMBLY_USAGE_OCCURRENCE('315','PAD38','',#5,#4029,$);
#4237=CONTEXT_DEPENDENT_SHAPE_REPRESENTATION(#4238,#4240);
#4238=( REPRESENTATION_RELATIONSHIP('','',#4033,#10)REPRESENTATION_RELATIONSHIP_WITH_TRANSFORMATION(#4239)SHAPE_REPRESENTATION_RELATIONSHIP() );
#4239=ITEM_DEFINED_TRANSFORMATION('','',#11,#30);
#4240=PRODUCT_DEFINITION_SHAPE('Placement','Placement of an item',#4241);
#4241=NEXT_ASSEMBLY_USAGE_OCCURRENCE('316','PAD4','',#5,#4029,$);
#4242=CONTEXT_DEPENDENT_SHAPE_REPRESENTATION(#4243,#4245);
#4243=( REPRESENTATION_RELATIONSHIP('','',#4033,#10)REPRESENTATION_RELATIONSHIP_WITH_TRANSFORMATION(#4244)SHAPE_REPRESENTATION_RELATIONSHIP() );
#4244=ITEM_DEFINED_TRANSFORMATION('','',#11,#32);
#4245=PRODUCT_DEFINITION_SHAPE('Placement','Placement of an item',#4246);
#4246=NEXT_ASSEMBLY_USAGE_OCCURRENCE('317','PAD37','',#5,#4029,$);
#4247=CONTEXT_DEPENDENT_SHAPE_REPRESENTATION(#4248,#4250);
#4248=( REPRESENTATION_RELATIONSHIP('','',#4033,#10)REPRESENTATION_RELATIONSHIP_WITH_TRANSFORMATION(#4249)SHAPE_REPRESENTATION_RELATIONSHIP() );
#4249=ITEM_DEFINED_TRANSFORMATION('','',#11,#34);
#4250=PRODUCT_DEFINITION_SHAPE('Placement','Placement of an item',#4251);
#4251=NEXT_ASSEMBLY_USAGE_OCCURRENCE('318','PAD5','',#5,#4029,$);
#4252=CONTEXT_DEPENDENT_SHAPE_REPRESENTATION(#4253,#4255);
#4253=( REPRESENTATION_RELATIONSHIP('','',#4033,#10)REPRESENTATION_RELATIONSHIP_WITH_TRANSFORMATION(#4254)SHAPE_REPRESENTATION_RELATIONSHIP() );
#4254=ITEM_DEFINED_TRANSFORMATION('','',#11,#36);
#4255=PRODUCT_DEFINITION_SHAPE('Placement','Placement of an item',#4256);
#4256=NEXT_ASSEMBLY_USAGE_OCCURRENCE('319','PAD36','',#5,#4029,$);
#4257=CONTEXT_DEPENDENT_SHAPE_REPRESENTATION(#4258,#4260);
#4258=( REPRESENTATION_RELATIONSHIP('','',#4033,#10)REPRESENTATION_RELATIONSHIP_WITH_TRANSFORMATION(#4259)SHAPE_REPRESENTATION_RELATIONSHIP() );
#4259=ITEM_DEFINED_TRANSFORMATION('','',#11,#38);
#4260=PRODUCT_DEFINITION_SHAPE('Placement','Placement of an item',#4261);
#4261=NEXT_ASSEMBLY_USAGE_OCCURRENCE('320','PAD6','',#5,#4029,$);
#4262=CONTEXT_DEPENDENT_SHAPE_REPRESENTATION(#4263,#4265);
#4263=( REPRESENTATION_RELATIONSHIP('','',#4033,#10)REPRESENTATION_RELATIONSHIP_WITH_TRANSFORMATION(#4264)SHAPE_REPRESENTATION_RELATIONSHIP() );
#4264=ITEM_DEFINED_TRANSFORMATION('','',#11,#40);
#4265=PRODUCT_DEFINITION_SHAPE('Placement','Placement of an item',#4266);
#4266=NEXT_ASSEMBLY_USAGE_OCCURRENCE('321','PAD35','',#5,#4029,$);
#4267=CONTEXT_DEPENDENT_SHAPE_REPRESENTATION(#4268,#4270);
#4268=( REPRESENTATION_RELATIONSHIP('','',#4033,#10)REPRESENTATION_RELATIONSHIP_WITH_TRANSFORMATION(#4269)SHAPE_REPRESENTATION_RELATIONSHIP() );
#4269=ITEM_DEFINED_TRANSFORMATION('','',#11,#42);
#4270=PRODUCT_DEFINITION_SHAPE('Placement','Placement of an item',#4271);
#4271=NEXT_ASSEMBLY_USAGE_OCCURRENCE('322','PAD7','',#5,#4029,$);
#4272=CONTEXT_DEPENDENT_SHAPE_REPRESENTATION(#4273,#4275);
#4273=( REPRESENTATION_RELATIONSHIP('','',#4033,#10)REPRESENTATION_RELATIONSHIP_WITH_TRANSFORMATION(#4274)SHAPE_REPRESENTATION_RELATIONSHIP() );
#4274=ITEM_DEFINED_TRANSFORMATION('','',#11,#44);
#4275=PRODUCT_DEFINITION_SHAPE('Placement','Placement of an item',#4276);
#4276=NEXT_ASSEMBLY_USAGE_OCCURRENCE('323','PAD34','',#5,#4029,$);
#4277=CONTEXT_DEPENDENT_SHAPE_REPRESENTATION(#4278,#4280);
#4278=( REPRESENTATION_RELATIONSHIP('','',#4033,#10)REPRESENTATION_RELATIONSHIP_WITH_TRANSFORMATION(#4279)SHAPE_REPRESENTATION_RELATIONSHIP() );
#4279=ITEM_DEFINED_TRANSFORMATION('','',#11,#46);
#4280=PRODUCT_DEFINITION_SHAPE('Placement','Placement of an item',#4281);
#4281=NEXT_ASSEMBLY_USAGE_OCCURRENCE('324','PAD8','',#5,#4029,$);
#4282=CONTEXT_DEPENDENT_SHAPE_REPRESENTATION(#4283,#4285);
#4283=( REPRESENTATION_RELATIONSHIP('','',#4033,#10)REPRESENTATION_RELATIONSHIP_WITH_TRANSFORMATION(#4284)SHAPE_REPRESENTATION_RELATIONSHIP() );
#4284=ITEM_DEFINED_TRANSFORMATION('','',#11,#48);
#4285=PRODUCT_DEFINITION_SHAPE('Placement','Placement of an item',#4286);
#4286=NEXT_ASSEMBLY_USAGE_OCCURRENCE('325','PAD33','',#5,#4029,$);
#4287=CONTEXT_DEPENDENT_SHAPE_REPRESENTATION(#4288,#4290);
#4288=( REPRESENTATION_RELATIONSHIP('','',#4033,#10)REPRESENTATION_RELATIONSHIP_WITH_TRANSFORMATION(#4289)SHAPE_REPRESENTATION_RELATIONSHIP() );
#4289=ITEM_DEFINED_TRANSFORMATION('','',#11,#50);
#4290=PRODUCT_DEFINITION_SHAPE('Placement','Placement of an item',#4291);
#4291=NEXT_ASSEMBLY_USAGE_OCCURRENCE('326','PAD9','',#5,#4029,$);
#4292=CONTEXT_DEPENDENT_SHAPE_REPRESENTATION(#4293,#4295);
#4293=( REPRESENTATION_RELATIONSHIP('','',#4033,#10)REPRESENTATION_RELATIONSHIP_WITH_TRANSFORMATION(#4294)SHAPE_REPRESENTATION_RELATIONSHIP() );
#4294=ITEM_DEFINED_TRANSFORMATION('','',#11,#52);
#4295=PRODUCT_DEFINITION_SHAPE('Placement','Placement of an item',#4296);
#4296=NEXT_ASSEMBLY_USAGE_OCCURRENCE('327','PAD32','',#5,#4029,$);
#4297=CONTEXT_DEPENDENT_SHAPE_REPRESENTATION(#4298,#4300);
#4298=( REPRESENTATION_RELATIONSHIP('','',#4033,#10)REPRESENTATION_RELATIONSHIP_WITH_TRANSFORMATION(#4299)SHAPE_REPRESENTATION_RELATIONSHIP() );
#4299=ITEM_DEFINED_TRANSFORMATION('','',#11,#54);
#4300=PRODUCT_DEFINITION_SHAPE('Placement','Placement of an item',#4301);
#4301=NEXT_ASSEMBLY_USAGE_OCCURRENCE('328','PAD10','',#5,#4029,$);
#4302=CONTEXT_DEPENDENT_SHAPE_REPRESENTATION(#4303,#4305);
#4303=( REPRESENTATION_RELATIONSHIP('','',#4033,#10)REPRESENTATION_RELATIONSHIP_WITH_TRANSFORMATION(#4304)SHAPE_REPRESENTATION_RELATIONSHIP() );
#4304=ITEM_DEFINED_TRANSFORMATION('','',#11,#56);
#4305=PRODUCT_DEFINITION_SHAPE('Placement','Placement of an item',#4306);
#4306=NEXT_ASSEMBLY_USAGE_OCCURRENCE('329','PAD31','',#5,#4029,$);
#4307=CONTEXT_DEPENDENT_SHAPE_REPRESENTATION(#4308,#4310);
#4308=( REPRESENTATION_RELATIONSHIP('','',#4033,#10)REPRESENTATION_RELATIONSHIP_WITH_TRANSFORMATION(#4309)SHAPE_REPRESENTATION_RELATIONSHIP() );
#4309=ITEM_DEFINED_TRANSFORMATION('','',#11,#58);
#4310=PRODUCT_DEFINITION_SHAPE('Placement','Placement of an item',#4311);
#4311=NEXT_ASSEMBLY_USAGE_OCCURRENCE('330','PAD11','',#5,#4029,$);
#4312=CONTEXT_DEPENDENT_SHAPE_REPRESENTATION(#4313,#4315);
#4313=( REPRESENTATION_RELATIONSHIP('','',#4033,#10)REPRESENTATION_RELATIONSHIP_WITH_TRANSFORMATION(#4314)SHAPE_REPRESENTATION_RELATIONSHIP() );
#4314=ITEM_DEFINED_TRANSFORMATION('','',#11,#60);
#4315=PRODUCT_DEFINITION_SHAPE('Placement','Placement of an item',#4316);
#4316=NEXT_ASSEMBLY_USAGE_OCCURRENCE('331','PAD30','',#5,#4029,$);
#4317=CONTEXT_DEPENDENT_SHAPE_REPRESENTATION(#4318,#4320);
#4318=( REPRESENTATION_RELATIONSHIP('','',#4033,#10)REPRESENTATION_RELATIONSHIP_WITH_TRANSFORMATION(#4319)SHAPE_REPRESENTATION_RELATIONSHIP() );
#4319=ITEM_DEFINED_TRANSFORMATION('','',#11,#62);
#4320=PRODUCT_DEFINITION_SHAPE('Placement','Placement of an item',#4321);
#4321=NEXT_ASSEMBLY_USAGE_OCCURRENCE('332','PAD12','',#5,#4029,$);
#4322=CONTEXT_DEPENDENT_SHAPE_REPRESENTATION(#4323,#4325);
#4323=( REPRESENTATION_RELATIONSHIP('','',#4033,#10)REPRESENTATION_RELATIONSHIP_WITH_TRANSFORMATION(#4324)SHAPE_REPRESENTATION_RELATIONSHIP() );
#4324=ITEM_DEFINED_TRANSFORMATION('','',#11,#64);
#4325=PRODUCT_DEFINITION_SHAPE('Placement','Placement of an item',#4326);
#4326=NEXT_ASSEMBLY_USAGE_OCCURRENCE('333','PAD29','',#5,#4029,$);
#4327=CONTEXT_DEPENDENT_SHAPE_REPRESENTATION(#4328,#4330);
#4328=( REPRESENTATION_RELATIONSHIP('','',#4033,#10)REPRESENTATION_RELATIONSHIP_WITH_TRANSFORMATION(#4329)SHAPE_REPRESENTATION_RELATIONSHIP() );
#4329=ITEM_DEFINED_TRANSFORMATION('','',#11,#66);
#4330=PRODUCT_DEFINITION_SHAPE('Placement','Placement of an item',#4331);
#4331=NEXT_ASSEMBLY_USAGE_OCCURRENCE('334','PAD13','',#5,#4029,$);
#4332=CONTEXT_DEPENDENT_SHAPE_REPRESENTATION(#4333,#4335);
#4333=( REPRESENTATION_RELATIONSHIP('','',#4033,#10)REPRESENTATION_RELATIONSHIP_WITH_TRANSFORMATION(#4334)SHAPE_REPRESENTATION_RELATIONSHIP() );
#4334=ITEM_DEFINED_TRANSFORMATION('','',#11,#68);
#4335=PRODUCT_DEFINITION_SHAPE('Placement','Placement of an item',#4336);
#4336=NEXT_ASSEMBLY_USAGE_OCCURRENCE('335','PAD28','',#5,#4029,$);
#4337=CONTEXT_DEPENDENT_SHAPE_REPRESENTATION(#4338,#4340);
#4338=( REPRESENTATION_RELATIONSHIP('','',#4033,#10)REPRESENTATION_RELATIONSHIP_WITH_TRANSFORMATION(#4339)SHAPE_REPRESENTATION_RELATIONSHIP() );
#4339=ITEM_DEFINED_TRANSFORMATION('','',#11,#70);
#4340=PRODUCT_DEFINITION_SHAPE('Placement','Placement of an item',#4341);
#4341=NEXT_ASSEMBLY_USAGE_OCCURRENCE('336','PAD14','',#5,#4029,$);
#4342=CONTEXT_DEPENDENT_SHAPE_REPRESENTATION(#4343,#4345);
#4343=( REPRESENTATION_RELATIONSHIP('','',#4033,#10)REPRESENTATION_RELATIONSHIP_WITH_TRANSFORMATION(#4344)SHAPE_REPRESENTATION_RELATIONSHIP() );
#4344=ITEM_DEFINED_TRANSFORMATION('','',#11,#72);
#4345=PRODUCT_DEFINITION_SHAPE('Placement','Placement of an item',#4346);
#4346=NEXT_ASSEMBLY_USAGE_OCCURRENCE('337','PAD27','',#5,#4029,$);
#4347=CONTEXT_DEPENDENT_SHAPE_REPRESENTATION(#4348,#4350);
#4348=( REPRESENTATION_RELATIONSHIP('','',#4033,#10)REPRESENTATION_RELATIONSHIP_WITH_TRANSFORMATION(#4349)SHAPE_REPRESENTATION_RELATIONSHIP() );
#4349=ITEM_DEFINED_TRANSFORMATION('','',#11,#74);
#4350=PRODUCT_DEFINITION_SHAPE('Placement','Placement of an item',#4351);
#4351=NEXT_ASSEMBLY_USAGE_OCCURRENCE('338','PAD15','',#5,#4029,$);
#4352=CONTEXT_DEPENDENT_SHAPE_REPRESENTATION(#4353,#4355);
#4353=( REPRESENTATION_RELATIONSHIP('','',#4033,#10)REPRESENTATION_RELATIONSHIP_WITH_TRANSFORMATION(#4354)SHAPE_REPRESENTATION_RELATIONSHIP() );
#4354=ITEM_DEFINED_TRANSFORMATION('','',#11,#76);
#4355=PRODUCT_DEFINITION_SHAPE('Placement','Placement of an item',#4356);
#4356=NEXT_ASSEMBLY_USAGE_OCCURRENCE('339','PAD26','',#5,#4029,$);
#4357=CONTEXT_DEPENDENT_SHAPE_REPRESENTATION(#4358,#4360);
#4358=( REPRESENTATION_RELATIONSHIP('','',#4033,#10)REPRESENTATION_RELATIONSHIP_WITH_TRANSFORMATION(#4359)SHAPE_REPRESENTATION_RELATIONSHIP() );
#4359=ITEM_DEFINED_TRANSFORMATION('','',#11,#78);
#4360=PRODUCT_DEFINITION_SHAPE('Placement','Placement of an item',#4361);
#4361=NEXT_ASSEMBLY_USAGE_OCCURRENCE('340','PAD16','',#5,#4029,$);
#4362=CONTEXT_DEPENDENT_SHAPE_REPRESENTATION(#4363,#4365);
#4363=( REPRESENTATION_RELATIONSHIP('','',#4033,#10)REPRESENTATION_RELATIONSHIP_WITH_TRANSFORMATION(#4364)SHAPE_REPRESENTATION_RELATIONSHIP() );
#4364=ITEM_DEFINED_TRANSFORMATION('','',#11,#80);
#4365=PRODUCT_DEFINITION_SHAPE('Placement','Placement of an item',#4366);
#4366=NEXT_ASSEMBLY_USAGE_OCCURRENCE('341','PAD25','',#5,#4029,$);
#4367=CONTEXT_DEPENDENT_SHAPE_REPRESENTATION(#4368,#4370);
#4368=( REPRESENTATION_RELATIONSHIP('','',#4033,#10)REPRESENTATION_RELATIONSHIP_WITH_TRANSFORMATION(#4369)SHAPE_REPRESENTATION_RELATIONSHIP() );
#4369=ITEM_DEFINED_TRANSFORMATION('','',#11,#82);
#4370=PRODUCT_DEFINITION_SHAPE('Placement','Placement of an item',#4371);
#4371=NEXT_ASSEMBLY_USAGE_OCCURRENCE('342','PAD17','',#5,#4029,$);
#4372=CONTEXT_DEPENDENT_SHAPE_REPRESENTATION(#4373,#4375);
#4373=( REPRESENTATION_RELATIONSHIP('','',#4033,#10)REPRESENTATION_RELATIONSHIP_WITH_TRANSFORMATION(#4374)SHAPE_REPRESENTATION_RELATIONSHIP() );
#4374=ITEM_DEFINED_TRANSFORMATION('','',#11,#84);
#4375=PRODUCT_DEFINITION_SHAPE('Placement','Placement of an item',#4376);
#4376=NEXT_ASSEMBLY_USAGE_OCCURRENCE('343','PAD24','',#5,#4029,$);
#4377=CONTEXT_DEPENDENT_SHAPE_REPRESENTATION(#4378,#4380);
#4378=( REPRESENTATION_RELATIONSHIP('','',#4033,#10)REPRESENTATION_RELATIONSHIP_WITH_TRANSFORMATION(#4379)SHAPE_REPRESENTATION_RELATIONSHIP() );
#4379=ITEM_DEFINED_TRANSFORMATION('','',#11,#86);
#4380=PRODUCT_DEFINITION_SHAPE('Placement','Placement of an item',#4381);
#4381=NEXT_ASSEMBLY_USAGE_OCCURRENCE('344','PAD18','',#5,#4029,$);
#4382=CONTEXT_DEPENDENT_SHAPE_REPRESENTATION(#4383,#4385);
#4383=( REPRESENTATION_RELATIONSHIP('','',#4033,#10)REPRESENTATION_RELATIONSHIP_WITH_TRANSFORMATION(#4384)SHAPE_REPRESENTATION_RELATIONSHIP() );
#4384=ITEM_DEFINED_TRANSFORMATION('','',#11,#88);
#4385=PRODUCT_DEFINITION_SHAPE('Placement','Placement of an item',#4386);
#4386=NEXT_ASSEMBLY_USAGE_OCCURRENCE('345','PAD23','',#5,#4029,$);
#4387=CONTEXT_DEPENDENT_SHAPE_REPRESENTATION(#4388,#4390);
#4388=( REPRESENTATION_RELATIONSHIP('','',#4033,#10)REPRESENTATION_RELATIONSHIP_WITH_TRANSFORMATION(#4389)SHAPE_REPRESENTATION_RELATIONSHIP() );
#4389=ITEM_DEFINED_TRANSFORMATION('','',#11,#90);
#4390=PRODUCT_DEFINITION_SHAPE('Placement','Placement of an item',#4391);
#4391=NEXT_ASSEMBLY_USAGE_OCCURRENCE('346','PAD19','',#5,#4029,$);
#4392=CONTEXT_DEPENDENT_SHAPE_REPRESENTATION(#4393,#4395);
#4393=( REPRESENTATION_RELATIONSHIP('','',#4033,#10)REPRESENTATION_RELATIONSHIP_WITH_TRANSFORMATION(#4394)SHAPE_REPRESENTATION_RELATIONSHIP() );
#4394=ITEM_DEFINED_TRANSFORMATION('','',#11,#92);
#4395=PRODUCT_DEFINITION_SHAPE('Placement','Placement of an item',#4396);
#4396=NEXT_ASSEMBLY_USAGE_OCCURRENCE('347','PAD22','',#5,#4029,$);
#4397=CONTEXT_DEPENDENT_SHAPE_REPRESENTATION(#4398,#4400);
#4398=( REPRESENTATION_RELATIONSHIP('','',#4033,#10)REPRESENTATION_RELATIONSHIP_WITH_TRANSFORMATION(#4399)SHAPE_REPRESENTATION_RELATIONSHIP() );
#4399=ITEM_DEFINED_TRANSFORMATION('','',#11,#94);
#4400=PRODUCT_DEFINITION_SHAPE('Placement','Placement of an item',#4401);
#4401=NEXT_ASSEMBLY_USAGE_OCCURRENCE('348','PAD20','',#5,#4029,$);
#4402=CONTEXT_DEPENDENT_SHAPE_REPRESENTATION(#4403,#4405);
#4403=( REPRESENTATION_RELATIONSHIP('','',#4033,#10)REPRESENTATION_RELATIONSHIP_WITH_TRANSFORMATION(#4404)SHAPE_REPRESENTATION_RELATIONSHIP() );
#4404=ITEM_DEFINED_TRANSFORMATION('','',#11,#96);
#4405=PRODUCT_DEFINITION_SHAPE('Placement','Placement of an item',#4406);
#4406=NEXT_ASSEMBLY_USAGE_OCCURRENCE('349','PAD21','',#5,#4029,$);
#4407=SHAPE_DEFINITION_REPRESENTATION(#4408,#4413);
#4408=PRODUCT_DEFINITION_SHAPE('','',#4409);
#4409=PRODUCT_DEFINITION('design','',#4410,#4412);
#4410=PRODUCT_DEFINITION_FORMATION('','',#4411);
#4411=PRODUCT('USB','USB','',(#8));
#4412=PRODUCT_DEFINITION_CONTEXT('part definition',#2,'design');
#4413=ADVANCED_BREP_SHAPE_REPRESENTATION('',(#11,#4414),#4504);
#4414=MANIFOLD_SOLID_BREP('',#4415);
#4415=CLOSED_SHELL('',(#4416,#4441,#4466,#4478,#4490,#4497));
#4416=ADVANCED_FACE('',(#4417),#4439,.F.);
#4417=FACE_BOUND('',#4418,.F.);
#4418=EDGE_LOOP('',(#4419,#4426,#4431,#4436));
#4419=ORIENTED_EDGE('',*,*,#4420,.F.);
#4420=EDGE_CURVE('',#4421,#4423,#4425,.T.);
#4421=VERTEX_POINT('',#4422);
#4422=CARTESIAN_POINT('',(-4.,0.,0.));
#4423=VERTEX_POINT('',#4424);
#4424=CARTESIAN_POINT('',(-4.,0.,4.));
#4425=LINE('',#4422,#125);
#4426=ORIENTED_EDGE('',*,*,#4427,.T.);
#4427=EDGE_CURVE('',#4421,#4428,#4430,.T.);
#4428=VERTEX_POINT('',#4429);
#4429=CARTESIAN_POINT('',(-4.,5.8,0.));
#4430=LINE('',#4422,#152);
#4431=ORIENTED_EDGE('',*,*,#4432,.T.);
#4432=EDGE_CURVE('',#4428,#4433,#4435,.T.);
#4433=VERTEX_POINT('',#4434);
#4434=CARTESIAN_POINT('',(-4.,5.8,4.));
#4435=LINE('',#4429,#125);
#4436=ORIENTED_EDGE('',*,*,#4437,.F.);
#4437=EDGE_CURVE('',#4423,#4433,#4438,.T.);
#4438=LINE('',#4424,#152);
#4439=PLANE('',#4440);
#4440=AXIS2_PLACEMENT_3D('',#4422,#14,#13);
#4441=ADVANCED_FACE('',(#4442),#4464,.T.);
#4442=FACE_BOUND('',#4443,.T.);
#4443=EDGE_LOOP('',(#4444,#4451,#4456,#4461));
#4444=ORIENTED_EDGE('',*,*,#4445,.F.);
#4445=EDGE_CURVE('',#4446,#4448,#4450,.T.);
#4446=VERTEX_POINT('',#4447);
#4447=CARTESIAN_POINT('',(4.,0.,0.));
#4448=VERTEX_POINT('',#4449);
#4449=CARTESIAN_POINT('',(4.,0.,4.));
#4450=LINE('',#4447,#125);
#4451=ORIENTED_EDGE('',*,*,#4452,.T.);
#4452=EDGE_CURVE('',#4446,#4453,#4455,.T.);
#4453=VERTEX_POINT('',#4454);
#4454=CARTESIAN_POINT('',(4.,5.8,0.));
#4455=LINE('',#4447,#152);
#4456=ORIENTED_EDGE('',*,*,#4457,.T.);
#4457=EDGE_CURVE('',#4453,#4458,#4460,.T.);
#4458=VERTEX_POINT('',#4459);
#4459=CARTESIAN_POINT('',(4.,5.8,4.));
#4460=LINE('',#4454,#125);
#4461=ORIENTED_EDGE('',*,*,#4462,.F.);
#4462=EDGE_CURVE('',#4448,#4458,#4463,.T.);
#4463=LINE('',#4449,#152);
#4464=PLANE('',#4465);
#4465=AXIS2_PLACEMENT_3D('',#4447,#14,#13);
#4466=ADVANCED_FACE('',(#4467),#4476,.F.);
#4467=FACE_BOUND('',#4468,.F.);
#4468=EDGE_LOOP('',(#4469,#4472,#4473,#4444));
#4469=ORIENTED_EDGE('',*,*,#4470,.F.);
#4470=EDGE_CURVE('',#4421,#4446,#4471,.T.);
#4471=LINE('',#4422,#131);
#4472=ORIENTED_EDGE('',*,*,#4420,.T.);
#4473=ORIENTED_EDGE('',*,*,#4474,.T.);
#4474=EDGE_CURVE('',#4423,#4448,#4475,.T.);
#4475=LINE('',#4424,#131);
#4476=PLANE('',#4477);
#4477=AXIS2_PLACEMENT_3D('',#4422,#142,#13);
#4478=ADVANCED_FACE('',(#4479),#4488,.T.);
#4479=FACE_BOUND('',#4480,.T.);
#4480=EDGE_LOOP('',(#4481,#4431,#4484,#4487));
#4481=ORIENTED_EDGE('',*,*,#4482,.F.);
#4482=EDGE_CURVE('',#4428,#4453,#4483,.T.);
#4483=LINE('',#4429,#131);
#4484=ORIENTED_EDGE('',*,*,#4485,.T.);
#4485=EDGE_CURVE('',#4433,#4458,#4486,.T.);
#4486=LINE('',#4434,#131);
#4487=ORIENTED_EDGE('',*,*,#4457,.F.);
#4488=PLANE('',#4489);
#4489=AXIS2_PLACEMENT_3D('',#4429,#142,#13);
#4490=ADVANCED_FACE('',(#4491),#4495,.F.);
#4491=FACE_BOUND('',#4492,.F.);
#4492=EDGE_LOOP('',(#4493,#4494,#4451,#4481));
#4493=ORIENTED_EDGE('',*,*,#4427,.F.);
#4494=ORIENTED_EDGE('',*,*,#4470,.T.);
#4495=PLANE('',#4496);
#4496=AXIS2_PLACEMENT_3D('',#4422,#13,#14);
#4497=ADVANCED_FACE('',(#4498),#4502,.T.);
#4498=FACE_BOUND('',#4499,.T.);
#4499=EDGE_LOOP('',(#4436,#4473,#4500,#4501));
#4500=ORIENTED_EDGE('',*,*,#4462,.T.);
#4501=ORIENTED_EDGE('',*,*,#4485,.F.);
#4502=PLANE('',#4503);
#4503=AXIS2_PLACEMENT_3D('',#4424,#13,#14);
#4504=( GEOMETRIC_REPRESENTATION_CONTEXT(3)GLOBAL_UNCERTAINTY_ASSIGNED_CONTEXT((#104))GLOBAL_UNIT_ASSIGNED_CONTEXT((#101,#102,#103)) REPRESENTATION_CONTEXT('Context #1','3D Context with UNIT and UNCERTAINTY') );
#4505=CONTEXT_DEPENDENT_SHAPE_REPRESENTATION(#4506,#4508);
#4506=( REPRESENTATION_RELATIONSHIP('','',#4413,#10)REPRESENTATION_RELATIONSHIP_WITH_TRANSFORMATION(#4507)SHAPE_REPRESENTATION_RELATIONSHIP() );
#4507=ITEM_DEFINED_TRANSFORMATION('','',#11,#98);
#4508=PRODUCT_DEFINITION_SHAPE('Placement','Placement of an item',#4509);
#4509=NEXT_ASSEMBLY_USAGE_OCCURRENCE('350','USB','',#5,#4409,$);
#4510=PRODUCT_RELATED_PRODUCT_CATEGORY('part',$,(#4411));
#4511=MECHANICAL_DESIGN_GEOMETRIC_PRESENTATION_REPRESENTATION('',(#4512),#4019);
#4512=STYLED_ITEM('color',(#4513),#113);
#4513=PRESENTATION_STYLE_ASSIGNMENT((#4514));
#4514=SURFACE_STYLE_USAGE(.BOTH.,#4515);
#4515=SURFACE_SIDE_STYLE('',(#4516));
#4516=SURFACE_STYLE_FILL_AREA(#4517);
#4517=FILL_AREA_STYLE('',(#4518));
#4518=FILL_AREA_STYLE_COLOUR('',#4519);
#4519=COLOUR_RGB('',0.,0.803921811173,0.);
#4520=MECHANICAL_DESIGN_GEOMETRIC_PRESENTATION_REPRESENTATION('',(#4521),#4205);
#4521=STYLED_ITEM('color',(#4522),#4034);
#4522=PRESENTATION_STYLE_ASSIGNMENT((#4523));
#4523=SURFACE_STYLE_USAGE(.BOTH.,#4524);
#4524=SURFACE_SIDE_STYLE('',(#4525));
#4525=SURFACE_STYLE_FILL_AREA(#4526);
#4526=FILL_AREA_STYLE('',(#4527));
#4527=FILL_AREA_STYLE_COLOUR('',#4528);
#4528=COLOUR_RGB('',0.93333302716,0.788235051098,0.);
#4529=MECHANICAL_DESIGN_GEOMETRIC_PRESENTATION_REPRESENTATION('',(#4530),#4504);
#4530=STYLED_ITEM('color',(#4531),#4414);
#4531=PRESENTATION_STYLE_ASSIGNMENT((#4532));
#4532=SURFACE_STYLE_USAGE(.BOTH.,#4533);
#4533=SURFACE_SIDE_STYLE('',(#4534));
#4534=SURFACE_STYLE_FILL_AREA(#4535);
#4535=FILL_AREA_STYLE('',(#4536));
#4536=FILL_AREA_STYLE_COLOUR('',#4537);
#4537=COLOUR_RGB('',0.862744829005,0.862744829005,0.862744829005);
ENDSEC;
END-ISO-10303-21;
