ISO-10303-21;
HEADER;
FILE_DESCRIPTION(('Open CASCADE Model'),'2;1');
FILE_NAME('Open CASCADE Shape Model','2026-01-18T21:25:32',('Author'),(
'Open CASCADE'),'Open CASCADE STEP processor 7.8','Open CASCADE 7.8'
,'Unknown');
FILE_SCHEMA(('AUTOMOTIVE_DESIGN { 1 0 10303 214 1 1 1 1 }'));
ENDSEC;
DATA;
#1=APPLICATION_PROTOCOL_DEFINITION('international standard','automotive_design',2000,#2);
#2=APPLICATION_CONTEXT('core data for automotive mechanical design processes');
#3=SHAPE_DEFINITION_REPRESENTATION(#4,#10);
#4=PRODUCT_DEFINITION_SHAPE('','',#5);
#5=PRODUCT_DEFINITION('design','',#6,#9);
#6=PRODUCT_DEFINITION_FORMATION('','',#7);
#7=PRODUCT('Pico (THT)','Pico (THT)','',(#8));
#8=PRODUCT_CONTEXT('',#2,'mechanical');
#9=PRODUCT_DEFINITION_CONTEXT('part definition',#2,'design');
#10=SHAPE_REPRESENTATION('',(#11,#15,#17,#19,#22,#24,#26,#28,#30,#32,#34,#36,#38,#40,#42,#44,#46,#48,#50,#52,#54,#56,#58,#60,#62,#64,#66,#68,#70,#72,#74,#76,#78,#80,#82,#84,#86,#88,#90,#92,#94,#96,#98,#101,#103,#105,#107,#109,#111,#113,#115,#117,#119,#121,#123,#125,#127,#129,#131,#133,#135,#137,#139,#141,#143,#145,#147,#149,#151,#153,#155,#157,#159,#161,#163,#165,#167,#169,#171,#173,#175,#177,#179,#181,#183,#185,#187,#189,#191,#193,#195,#197),#199);
#11=AXIS2_PLACEMENT_3D('',#12,#13,#14);
#12=CARTESIAN_POINT('',(0.,0.,0.));
#13=DIRECTION('',(0.,0.,1.));
#14=DIRECTION('',(1.,0.,0.));
#15=AXIS2_PLACEMENT_3D('',#16,#13,#14);
#16=CARTESIAN_POINT('',(0.,0.,9.5));
#17=AXIS2_PLACEMENT_3D('',#18,#13,#14);
#18=CARTESIAN_POINT('',(-10.5,24.13,9.5));
#19=AXIS2_PLACEMENT_3D('',#20,#13,#21);
#20=CARTESIAN_POINT('',(10.5,24.13,9.5));
#21=DIRECTION('',(-1.,1.224646799147E-16,0.));
#22=AXIS2_PLACEMENT_3D('',#23,#13,#14);
#23=CARTESIAN_POINT('',(-10.5,21.59,9.5));
#24=AXIS2_PLACEMENT_3D('',#25,#13,#21);
#25=CARTESIAN_POINT('',(10.5,21.59,9.5));
#26=AXIS2_PLACEMENT_3D('',#27,#13,#14);
#27=CARTESIAN_POINT('',(-10.5,19.05,9.5));
#28=AXIS2_PLACEMENT_3D('',#29,#13,#21);
#29=CARTESIAN_POINT('',(10.5,19.05,9.5));
#30=AXIS2_PLACEMENT_3D('',#31,#13,#14);
#31=CARTESIAN_POINT('',(-10.5,16.51,9.5));
#32=AXIS2_PLACEMENT_3D('',#33,#13,#21);
#33=CARTESIAN_POINT('',(10.5,16.51,9.5));
#34=AXIS2_PLACEMENT_3D('',#35,#13,#14);
#35=CARTESIAN_POINT('',(-10.5,13.97,9.5));
#36=AXIS2_PLACEMENT_3D('',#37,#13,#21);
#37=CARTESIAN_POINT('',(10.5,13.97,9.5));
#38=AXIS2_PLACEMENT_3D('',#39,#13,#14);
#39=CARTESIAN_POINT('',(-10.5,11.43,9.5));
#40=AXIS2_PLACEMENT_3D('',#41,#13,#21);
#41=CARTESIAN_POINT('',(10.5,11.43,9.5));
#42=AXIS2_PLACEMENT_3D('',#43,#13,#14);
#43=CARTESIAN_POINT('',(-10.5,8.89,9.5));
#44=AXIS2_PLACEMENT_3D('',#45,#13,#21);
#45=CARTESIAN_POINT('',(10.5,8.89,9.5));
#46=AXIS2_PLACEMENT_3D('',#47,#13,#14);
#47=CARTESIAN_POINT('',(-10.5,6.35,9.5));
#48=AXIS2_PLACEMENT_3D('',#49,#13,#21);
#49=CARTESIAN_POINT('',(10.5,6.35,9.5));
#50=AXIS2_PLACEMENT_3D('',#51,#13,#14);
#51=CARTESIAN_POINT('',(-10.5,3.81,9.5));
#52=AXIS2_PLACEMENT_3D('',#53,#13,#21);
#53=CARTESIAN_POINT('',(10.5,3.81,9.5));
#54=AXIS2_PLACEMENT_3D('',#55,#13,#14);
#55=CARTESIAN_POINT('',(-10.5,1.27,9.5));
#56=AXIS2_PLACEMENT_3D('',#57,#13,#21);
#57=CARTESIAN_POINT('',(10.5,1.27,9.5));
#58=AXIS2_PLACEMENT_3D('',#59,#13,#14);
#59=CARTESIAN_POINT('',(-10.5,-1.27,9.5));
#60=AXIS2_PLACEMENT_3D('',#61,#13,#21);
#61=CARTESIAN_POINT('',(10.5,-1.27,9.5));
#62=AXIS2_PLACEMENT_3D('',#63,#13,#14);
#63=CARTESIAN_POINT('',(-10.5,-3.81,9.5));
#64=AXIS2_PLACEMENT_3D('',#65,#13,#21);
#65=CARTESIAN_POINT('',(10.5,-3.81,9.5));
#66=AXIS2_PLACEMENT_3D('',#67,#13,#14);
#67=CARTESIAN_POINT('',(-10.5,-6.35,9.5));
#68=AXIS2_PLACEMENT_3D('',#69,#13,#21);
#69=CARTESIAN_POINT('',(10.5,-6.35,9.5));
#70=AXIS2_PLACEMENT_3D('',#71,#13,#14);
#71=CARTESIAN_POINT('',(-10.5,-8.89,9.5));
#72=AXIS2_PLACEMENT_3D('',#73,#13,#21);
#73=CARTESIAN_POINT('',(10.5,-8.89,9.5));
#74=AXIS2_PLACEMENT_3D('',#75,#13,#14);
#75=CARTESIAN_POINT('',(-10.5,-11.43,9.5));
#76=AXIS2_PLACEMENT_3D('',#77,#13,#21);
#77=CARTESIAN_POINT('',(10.5,-11.43,9.5));
#78=AXIS2_PLACEMENT_3D('',#79,#13,#14);
#79=CARTESIAN_POINT('',(-10.5,-13.97,9.5));
#80=AXIS2_PLACEMENT_3D('',#81,#13,#21);
#81=CARTESIAN_POINT('',(10.5,-13.97,9.5));
#82=AXIS2_PLACEMENT_3D('',#83,#13,#14);
#83=CARTESIAN_POINT('',(-10.5,-16.51,9.5));
#84=AXIS2_PLACEMENT_3D('',#85,#13,#21);
#85=CARTESIAN_POINT('',(10.5,-16.51,9.5));
#86=AXIS2_PLACEMENT_3D('',#87,#13,#14);
#87=CARTESIAN_POINT('',(-10.5,-19.05,9.5));
#88=AXIS2_PLACEMENT_3D('',#89,#13,#21);
#89=CARTESIAN_POINT('',(10.5,-19.05,9.5));
#90=AXIS2_PLACEMENT_3D('',#91,#13,#14);
#91=CARTESIAN_POINT('',(-10.5,-21.59,9.5));
#92=AXIS2_PLACEMENT_3D('',#93,#13,#21);
#93=CARTESIAN_POINT('',(10.5,-21.59,9.5));
#94=AXIS2_PLACEMENT_3D('',#95,#13,#14);
#95=CARTESIAN_POINT('',(-10.5,-24.13,9.5));
#96=AXIS2_PLACEMENT_3D('',#97,#13,#21);
#97=CARTESIAN_POINT('',(10.5,-24.13,9.5));
#98=AXIS2_PLACEMENT_3D('',#99,#13,#100);
#99=CARTESIAN_POINT('',(-2.54,-25.5,9.5));
#100=DIRECTION('',(2.22044604925E-16,1.,0.));
#101=AXIS2_PLACEMENT_3D('',#102,#13,#100);
#102=CARTESIAN_POINT('',(0.,-25.5,9.5));
#103=AXIS2_PLACEMENT_3D('',#104,#13,#100);
#104=CARTESIAN_POINT('',(2.54,-25.5,9.5));
#105=AXIS2_PLACEMENT_3D('',#106,#13,#14);
#106=CARTESIAN_POINT('',(0.,21.,11.1));
#107=AXIS2_PLACEMENT_3D('',#108,#13,#14);
#108=CARTESIAN_POINT('',(-8.89,0.,0.));
#109=AXIS2_PLACEMENT_3D('',#110,#13,#14);
#110=CARTESIAN_POINT('',(8.89,0.,0.));
#111=AXIS2_PLACEMENT_3D('',#112,#13,#14);
#112=CARTESIAN_POINT('',(0.,-23.9,0.));
#113=AXIS2_PLACEMENT_3D('',#114,#13,#14);
#114=CARTESIAN_POINT('',(-8.89,24.13,4.75));
#115=AXIS2_PLACEMENT_3D('',#116,#13,#14);
#116=CARTESIAN_POINT('',(8.89,24.13,4.75));
#117=AXIS2_PLACEMENT_3D('',#118,#13,#14);
#118=CARTESIAN_POINT('',(-8.89,21.59,4.75));
#119=AXIS2_PLACEMENT_3D('',#120,#13,#14);
#120=CARTESIAN_POINT('',(8.89,21.59,4.75));
#121=AXIS2_PLACEMENT_3D('',#122,#13,#14);
#122=CARTESIAN_POINT('',(-8.89,19.05,4.75));
#123=AXIS2_PLACEMENT_3D('',#124,#13,#14);
#124=CARTESIAN_POINT('',(8.89,19.05,4.75));
#125=AXIS2_PLACEMENT_3D('',#126,#13,#14);
#126=CARTESIAN_POINT('',(-8.89,16.51,4.75));
#127=AXIS2_PLACEMENT_3D('',#128,#13,#14);
#128=CARTESIAN_POINT('',(8.89,16.51,4.75));
#129=AXIS2_PLACEMENT_3D('',#130,#13,#14);
#130=CARTESIAN_POINT('',(-8.89,13.97,4.75));
#131=AXIS2_PLACEMENT_3D('',#132,#13,#14);
#132=CARTESIAN_POINT('',(8.89,13.97,4.75));
#133=AXIS2_PLACEMENT_3D('',#134,#13,#14);
#134=CARTESIAN_POINT('',(-8.89,11.43,4.75));
#135=AXIS2_PLACEMENT_3D('',#136,#13,#14);
#136=CARTESIAN_POINT('',(8.89,11.43,4.75));
#137=AXIS2_PLACEMENT_3D('',#138,#13,#14);
#138=CARTESIAN_POINT('',(-8.89,8.89,4.75));
#139=AXIS2_PLACEMENT_3D('',#140,#13,#14);
#140=CARTESIAN_POINT('',(8.89,8.89,4.75));
#141=AXIS2_PLACEMENT_3D('',#142,#13,#14);
#142=CARTESIAN_POINT('',(-8.89,6.35,4.75));
#143=AXIS2_PLACEMENT_3D('',#144,#13,#14);
#144=CARTESIAN_POINT('',(8.89,6.35,4.75));
#145=AXIS2_PLACEMENT_3D('',#146,#13,#14);
#146=CARTESIAN_POINT('',(-8.89,3.81,4.75));
#147=AXIS2_PLACEMENT_3D('',#148,#13,#14);
#148=CARTESIAN_POINT('',(8.89,3.81,4.75));
#149=AXIS2_PLACEMENT_3D('',#150,#13,#14);
#150=CARTESIAN_POINT('',(-8.89,1.27,4.75));
#151=AXIS2_PLACEMENT_3D('',#152,#13,#14);
#152=CARTESIAN_POINT('',(8.89,1.27,4.75));
#153=AXIS2_PLACEMENT_3D('',#154,#13,#14);
#154=CARTESIAN_POINT('',(-8.89,-1.27,4.75));
#155=AXIS2_PLACEMENT_3D('',#156,#13,#14);
#156=CARTESIAN_POINT('',(8.89,-1.27,4.75));
#157=AXIS2_PLACEMENT_3D('',#158,#13,#14);
#158=CARTESIAN_POINT('',(-8.89,-3.81,4.75));
#159=AXIS2_PLACEMENT_3D('',#160,#13,#14);
#160=CARTESIAN_POINT('',(8.89,-3.81,4.75));
#161=AXIS2_PLACEMENT_3D('',#162,#13,#14);
#162=CARTESIAN_POINT('',(-8.89,-6.35,4.75));
#163=AXIS2_PLACEMENT_3D('',#164,#13,#14);
#164=CARTESIAN_POINT('',(8.89,-6.35,4.75));
#165=AXIS2_PLACEMENT_3D('',#166,#13,#14);
#166=CARTESIAN_POINT('',(-8.89,-8.89,4.75));
#167=AXIS2_PLACEMENT_3D('',#168,#13,#14);
#168=CARTESIAN_POINT('',(8.89,-8.89,4.75));
#169=AXIS2_PLACEMENT_3D('',#170,#13,#14);
#170=CARTESIAN_POINT('',(-8.89,-11.43,4.75));
#171=AXIS2_PLACEMENT_3D('',#172,#13,#14);
#172=CARTESIAN_POINT('',(8.89,-11.43,4.75));
#173=AXIS2_PLACEMENT_3D('',#174,#13,#14);
#174=CARTESIAN_POINT('',(-8.89,-13.97,4.75));
#175=AXIS2_PLACEMENT_3D('',#176,#13,#14);
#176=CARTESIAN_POINT('',(8.89,-13.97,4.75));
#177=AXIS2_PLACEMENT_3D('',#178,#13,#14);
#178=CARTESIAN_POINT('',(-8.89,-16.51,4.75));
#179=AXIS2_PLACEMENT_3D('',#180,#13,#14);
#180=CARTESIAN_POINT('',(8.89,-16.51,4.75));
#181=AXIS2_PLACEMENT_3D('',#182,#13,#14);
#182=CARTESIAN_POINT('',(-8.89,-19.05,4.75));
#183=AXIS2_PLACEMENT_3D('',#184,#13,#14);
#184=CARTESIAN_POINT('',(8.89,-19.05,4.75));
#185=AXIS2_PLACEMENT_3D('',#186,#13,#14);
#186=CARTESIAN_POINT('',(-8.89,-21.59,4.75));
#187=AXIS2_PLACEMENT_3D('',#188,#13,#14);
#188=CARTESIAN_POINT('',(8.89,-21.59,4.75));
#189=AXIS2_PLACEMENT_3D('',#190,#13,#14);
#190=CARTESIAN_POINT('',(-8.89,-24.13,4.75));
#191=AXIS2_PLACEMENT_3D('',#192,#13,#14);
#192=CARTESIAN_POINT('',(8.89,-24.13,4.75));
#193=AXIS2_PLACEMENT_3D('',#194,#13,#14);
#194=CARTESIAN_POINT('',(-2.54,-23.9,4.75));
#195=AXIS2_PLACEMENT_3D('',#196,#13,#14);
#196=CARTESIAN_POINT('',(0.,-23.9,4.75));
#197=AXIS2_PLACEMENT_3D('',#198,#13,#14);
#198=CARTESIAN_POINT('',(2.54,-23.9,4.75));
#199=( GEOMETRIC_REPRESENTATION_CONTEXT(3)GLOBAL_UNCERTAINTY_ASSIGNED_CONTEXT((#203)) GLOBAL_UNIT_ASSIGNED_CONTEXT((#200,#201,#202)) REPRESENTATION_CONTEXT('Context #1','3D Context with UNIT and UNCERTAINTY') );
#200=( LENGTH_UNIT() NAMED_UNIT(*) SI_UNIT(.MILLI.,.METRE.) );
#201=( NAMED_UNIT(*) PLANE_ANGLE_UNIT() SI_UNIT($,.RADIAN.) );
#202=( NAMED_UNIT(*) SI_UNIT($,.STERADIAN.) SOLID_ANGLE_UNIT() );
#203=UNCERTAINTY_MEASURE_WITH_UNIT(LENGTH_MEASURE(1.E-07),#200,'distance_accuracy_value','confusion accuracy');
#204=PRODUCT_RELATED_PRODUCT_CATEGORY('part',$,(#7));
#205=SHAPE_DEFINITION_REPRESENTATION(#206,#211);
#206=PRODUCT_DEFINITION_SHAPE('','',#207);
#207=PRODUCT_DEFINITION('design','',#208,#210);
#208=PRODUCT_DEFINITION_FORMATION('','',#209);
#209=PRODUCT('PCB','PCB','',(#8));
#210=PRODUCT_DEFINITION_CONTEXT('part definition',#2,'design');
#211=ADVANCED_BREP_SHAPE_REPRESENTATION('',(#11,#212),#4297);
#212=MANIFOLD_SOLID_BREP('',#213);
#213=CLOSED_SHELL('',(#214,#242,#266,#290,#1326,#2359,#2370,#2382,#2394,#2405,#2417,#2429,#2438,#2449,#2461,#2473,#2482,#2493,#2505,#2517,#2526,#2537,#2549,#2561,#2570,#2581,#2593,#2605,#2613,#2624,#2635,#2647,#2659,#2668,#2679,#2691,#2703,#2712,#2723,#2735,#2747,#2755,#2764,#2775,#2787,#2799,#2808,#2819,#2831,#2843,#2852,#2863,#2875,#2887,#2896,#2907,#2919,#2931,#2940,#2951,#2963,#2975,#2984,#2995,#3007,#3019,#3028,#3039,#3051,#3063,#3072,#3083,#3095,#3107,#3116,#3127,#3139,#3151,#3160,#3171,#3183,#3195,#3204,#3215,#3227,#3239,#3248,#3259,#3271,#3283,#3292,#3303,#3315,#3327,#3336,#3347,#3359,#3371,#3380,#3391,#3403,#3415,#3424,#3435,#3447,#3459,#3468,#3479,#3491,#3503,#3512,#3523,#3535,#3547,#3556,#3567,#3579,#3591,#3600,#3611,#3620,#3632,#3644,#3653,#3664,#3676,#3688,#3697,#3708,#3720,#3732,#3741,#3752,#3764,#3776,#3785,#3796,#3808,#3820,#3829,#3840,#3852,#3864,#3873,#3884,#3896,#3908,#3917,#3928,#3940,#3952,#3961,#3972,#3984,#3996,#4005,#4016,#4028,#4040,#4049,#4060,#4072,#4084,#4093,#4104,#4116,#4128,#4137,#4148,#4160,#4172,#4181,#4192,#4204,#4216,#4225,#4236,#4248,#4257,#4267,#4277,#4287));
#214=ADVANCED_FACE('',(#215),#239,.T.);
#215=FACE_BOUND('',#216,.T.);
#216=EDGE_LOOP('',(#217,#225,#231,#236));
#217=ORIENTED_EDGE('',*,*,#218,.T.);
#218=EDGE_CURVE('',#219,#221,#223,.T.);
#219=VERTEX_POINT('',#220);
#220=CARTESIAN_POINT('',(-10.5,25.5,0.));
#221=VERTEX_POINT('',#222);
#222=CARTESIAN_POINT('',(-10.5,25.5,1.6));
#223=LINE('',#220,#224);
#224=VECTOR('',#13,1.);
#225=ORIENTED_EDGE('',*,*,#226,.T.);
#226=EDGE_CURVE('',#221,#227,#229,.T.);
#227=VERTEX_POINT('',#228);
#228=CARTESIAN_POINT('',(10.5,25.5,1.6));
#229=LINE('',#222,#230);
#230=VECTOR('',#14,1.);
#231=ORIENTED_EDGE('',*,*,#232,.F.);
#232=EDGE_CURVE('',#233,#227,#235,.T.);
#233=VERTEX_POINT('',#234);
#234=CARTESIAN_POINT('',(10.5,25.5,0.));
#235=LINE('',#234,#224);
#236=ORIENTED_EDGE('',*,*,#237,.F.);
#237=EDGE_CURVE('',#219,#233,#238,.T.);
#238=LINE('',#220,#230);
#239=PLANE('',#240);
#240=AXIS2_PLACEMENT_3D('',#220,#241,#14);
#241=DIRECTION('',(0.,1.,0.));
#242=ADVANCED_FACE('',(#243),#263,.T.);
#243=FACE_BOUND('',#244,.T.);
#244=EDGE_LOOP('',(#245,#252,#258,#262));
#245=ORIENTED_EDGE('',*,*,#246,.F.);
#246=EDGE_CURVE('',#247,#219,#249,.T.);
#247=VERTEX_POINT('',#248);
#248=CARTESIAN_POINT('',(-10.5,24.93,0.));
#249=LINE('',#250,#251);
#250=CARTESIAN_POINT('',(-10.5,-25.5,0.));
#251=VECTOR('',#241,1.);
#252=ORIENTED_EDGE('',*,*,#253,.T.);
#253=EDGE_CURVE('',#247,#254,#256,.T.);
#254=VERTEX_POINT('',#255);
#255=CARTESIAN_POINT('',(-10.5,24.93,1.6));
#256=LINE('',#257,#224);
#257=CARTESIAN_POINT('',(-10.5,24.93,-25.5000001));
#258=ORIENTED_EDGE('',*,*,#259,.T.);
#259=EDGE_CURVE('',#254,#221,#260,.T.);
#260=LINE('',#261,#251);
#261=CARTESIAN_POINT('',(-10.5,-25.5,1.6));
#262=ORIENTED_EDGE('',*,*,#218,.F.);
#263=PLANE('',#264);
#264=AXIS2_PLACEMENT_3D('',#250,#265,#241);
#265=DIRECTION('',(-1.,0.,0.));
#266=ADVANCED_FACE('',(#267),#288,.T.);
#267=FACE_BOUND('',#268,.T.);
#268=EDGE_LOOP('',(#269,#276,#277,#282));
#269=ORIENTED_EDGE('',*,*,#270,.F.);
#270=EDGE_CURVE('',#233,#271,#273,.T.);
#271=VERTEX_POINT('',#272);
#272=CARTESIAN_POINT('',(10.5,24.93,0.));
#273=LINE('',#234,#274);
#274=VECTOR('',#275,1.);
#275=DIRECTION('',(0.,-1.,0.));
#276=ORIENTED_EDGE('',*,*,#232,.T.);
#277=ORIENTED_EDGE('',*,*,#278,.T.);
#278=EDGE_CURVE('',#227,#279,#281,.T.);
#279=VERTEX_POINT('',#280);
#280=CARTESIAN_POINT('',(10.5,24.93,1.6));
#281=LINE('',#228,#274);
#282=ORIENTED_EDGE('',*,*,#283,.T.);
#283=EDGE_CURVE('',#279,#271,#284,.T.);
#284=LINE('',#285,#286);
#285=CARTESIAN_POINT('',(10.5,24.93,-25.50000015));
#286=VECTOR('',#287,1.);
#287=DIRECTION('',(0.,0.,-1.));
#288=PLANE('',#289);
#289=AXIS2_PLACEMENT_3D('',#234,#14,#275);
#290=ADVANCED_FACE('',(#291,#1288,#1297,#1306,#1315),#1324,.T.);
#291=FACE_BOUND('',#292,.T.);
#292=EDGE_LOOP('',(#293,#299,#305,#312,#319,#323,#329,#336,#342,#346,#352,#359,#365,#369,#375,#382,#388,#392,#398,#405,#411,#415,#421,#428,#434,#438,#444,#451,#457,#461,#467,#474,#480,#484,#490,#497,#503,#507,#513,#520,#526,#530,#536,#543,#549,#553,#559,#566,#572,#576,#582,#589,#595,#599,#605,#612,#618,#622,#628,#635,#639,#640,#641,#642,#648,#655,#661,#665,#671,#678,#684,#688,#694,#701,#707,#711,#717,#724,#730,#734,#740,#747,#753,#757,#763,#770,#776,#780,#786,#793,#799,#803,#809,#816,#822,#826,#832,#839,#845,#849,#855,#862,#868,#872,#878,#885,#891,#895,#901,#908,#914,#918,#924,#931,#937,#941,#947,#954,#960,#964,#970,#977,#983,#987,#993,#1000,#1006,#1010,#1016,#1023,#1029,#1033,#1039,#1046,#1052,#1056,#1062,#1069,#1075,#1079,#1085,#1092,#1098,#1102,#1107,#1113,#1120,#1126,#1130,#1136,#1143,#1149,#1153,#1159,#1166,#1172,#1175,#1179,#1185,#1192,#1198,#1202,#1208,#1215,#1221,#1225,#1231,#1238,#1244,#1248,#1254,#1261,#1267,#1271,#1277,#1284));
#293=ORIENTED_EDGE('',*,*,#294,.T.);
#294=EDGE_CURVE('',#295,#297,#249,.T.);
#295=VERTEX_POINT('',#296);
#296=CARTESIAN_POINT('',(-10.5,-13.17,0.));
#297=VERTEX_POINT('',#298);
#298=CARTESIAN_POINT('',(-10.5,-12.23,0.));
#299=ORIENTED_EDGE('',*,*,#300,.T.);
#300=EDGE_CURVE('',#297,#301,#303,.T.);
#301=VERTEX_POINT('',#302);
#302=CARTESIAN_POINT('',(-8.89,-12.23,0.));
#303=LINE('',#304,#230);
#304=CARTESIAN_POINT('',(-6.055,-12.23,0.));
#305=ORIENTED_EDGE('',*,*,#306,.T.);
#306=EDGE_CURVE('',#301,#307,#309,.T.);
#307=VERTEX_POINT('',#308);
#308=CARTESIAN_POINT('',(-8.89,-10.63,0.));
#309=CIRCLE('',#310,0.8);
#310=AXIS2_PLACEMENT_3D('',#311,#13,#275);
#311=CARTESIAN_POINT('',(-8.89,-11.43,0.));
#312=ORIENTED_EDGE('',*,*,#313,.T.);
#313=EDGE_CURVE('',#307,#314,#316,.T.);
#314=VERTEX_POINT('',#315);
#315=CARTESIAN_POINT('',(-10.5,-10.63,0.));
#316=LINE('',#317,#318);
#317=CARTESIAN_POINT('',(-4.445,-10.63,0.));
#318=VECTOR('',#265,1.);
#319=ORIENTED_EDGE('',*,*,#320,.T.);
#320=EDGE_CURVE('',#314,#321,#249,.T.);
#321=VERTEX_POINT('',#322);
#322=CARTESIAN_POINT('',(-10.5,-9.69,0.));
#323=ORIENTED_EDGE('',*,*,#324,.T.);
#324=EDGE_CURVE('',#321,#325,#327,.T.);
#325=VERTEX_POINT('',#326);
#326=CARTESIAN_POINT('',(-8.89,-9.69,0.));
#327=LINE('',#328,#230);
#328=CARTESIAN_POINT('',(-6.055,-9.69,0.));
#329=ORIENTED_EDGE('',*,*,#330,.T.);
#330=EDGE_CURVE('',#325,#331,#333,.T.);
#331=VERTEX_POINT('',#332);
#332=CARTESIAN_POINT('',(-8.89,-8.09,0.));
#333=CIRCLE('',#334,0.8);
#334=AXIS2_PLACEMENT_3D('',#335,#13,#275);
#335=CARTESIAN_POINT('',(-8.89,-8.89,0.));
#336=ORIENTED_EDGE('',*,*,#337,.T.);
#337=EDGE_CURVE('',#331,#338,#340,.T.);
#338=VERTEX_POINT('',#339);
#339=CARTESIAN_POINT('',(-10.5,-8.09,0.));
#340=LINE('',#341,#318);
#341=CARTESIAN_POINT('',(-4.445,-8.09,0.));
#342=ORIENTED_EDGE('',*,*,#343,.T.);
#343=EDGE_CURVE('',#338,#344,#249,.T.);
#344=VERTEX_POINT('',#345);
#345=CARTESIAN_POINT('',(-10.5,-7.15,0.));
#346=ORIENTED_EDGE('',*,*,#347,.T.);
#347=EDGE_CURVE('',#344,#348,#350,.T.);
#348=VERTEX_POINT('',#349);
#349=CARTESIAN_POINT('',(-8.89,-7.15,0.));
#350=LINE('',#351,#230);
#351=CARTESIAN_POINT('',(-6.055,-7.15,0.));
#352=ORIENTED_EDGE('',*,*,#353,.T.);
#353=EDGE_CURVE('',#348,#354,#356,.T.);
#354=VERTEX_POINT('',#355);
#355=CARTESIAN_POINT('',(-8.89,-5.55,0.));
#356=CIRCLE('',#357,0.8);
#357=AXIS2_PLACEMENT_3D('',#358,#13,#275);
#358=CARTESIAN_POINT('',(-8.89,-6.35,0.));
#359=ORIENTED_EDGE('',*,*,#360,.T.);
#360=EDGE_CURVE('',#354,#361,#363,.T.);
#361=VERTEX_POINT('',#362);
#362=CARTESIAN_POINT('',(-10.5,-5.55,0.));
#363=LINE('',#364,#318);
#364=CARTESIAN_POINT('',(-4.445,-5.55,0.));
#365=ORIENTED_EDGE('',*,*,#366,.T.);
#366=EDGE_CURVE('',#361,#367,#249,.T.);
#367=VERTEX_POINT('',#368);
#368=CARTESIAN_POINT('',(-10.5,-4.61,0.));
#369=ORIENTED_EDGE('',*,*,#370,.T.);
#370=EDGE_CURVE('',#367,#371,#373,.T.);
#371=VERTEX_POINT('',#372);
#372=CARTESIAN_POINT('',(-8.89,-4.61,0.));
#373=LINE('',#374,#230);
#374=CARTESIAN_POINT('',(-6.055,-4.61,0.));
#375=ORIENTED_EDGE('',*,*,#376,.T.);
#376=EDGE_CURVE('',#371,#377,#379,.T.);
#377=VERTEX_POINT('',#378);
#378=CARTESIAN_POINT('',(-8.89,-3.01,0.));
#379=CIRCLE('',#380,0.8);
#380=AXIS2_PLACEMENT_3D('',#381,#13,#275);
#381=CARTESIAN_POINT('',(-8.89,-3.81,0.));
#382=ORIENTED_EDGE('',*,*,#383,.T.);
#383=EDGE_CURVE('',#377,#384,#386,.T.);
#384=VERTEX_POINT('',#385);
#385=CARTESIAN_POINT('',(-10.5,-3.01,0.));
#386=LINE('',#387,#318);
#387=CARTESIAN_POINT('',(-4.445,-3.01,0.));
#388=ORIENTED_EDGE('',*,*,#389,.T.);
#389=EDGE_CURVE('',#384,#390,#249,.T.);
#390=VERTEX_POINT('',#391);
#391=CARTESIAN_POINT('',(-10.5,-2.07,0.));
#392=ORIENTED_EDGE('',*,*,#393,.T.);
#393=EDGE_CURVE('',#390,#394,#396,.T.);
#394=VERTEX_POINT('',#395);
#395=CARTESIAN_POINT('',(-8.89,-2.07,0.));
#396=LINE('',#397,#230);
#397=CARTESIAN_POINT('',(-6.055,-2.07,0.));
#398=ORIENTED_EDGE('',*,*,#399,.T.);
#399=EDGE_CURVE('',#394,#400,#402,.T.);
#400=VERTEX_POINT('',#401);
#401=CARTESIAN_POINT('',(-8.89,-0.47,0.));
#402=CIRCLE('',#403,0.8);
#403=AXIS2_PLACEMENT_3D('',#404,#13,#275);
#404=CARTESIAN_POINT('',(-8.89,-1.27,0.));
#405=ORIENTED_EDGE('',*,*,#406,.T.);
#406=EDGE_CURVE('',#400,#407,#409,.T.);
#407=VERTEX_POINT('',#408);
#408=CARTESIAN_POINT('',(-10.5,-0.47,0.));
#409=LINE('',#410,#318);
#410=CARTESIAN_POINT('',(-4.445,-0.47,0.));
#411=ORIENTED_EDGE('',*,*,#412,.T.);
#412=EDGE_CURVE('',#407,#413,#249,.T.);
#413=VERTEX_POINT('',#414);
#414=CARTESIAN_POINT('',(-10.5,0.47,0.));
#415=ORIENTED_EDGE('',*,*,#416,.T.);
#416=EDGE_CURVE('',#413,#417,#419,.T.);
#417=VERTEX_POINT('',#418);
#418=CARTESIAN_POINT('',(-8.89,0.47,0.));
#419=LINE('',#420,#230);
#420=CARTESIAN_POINT('',(-6.055,0.47,0.));
#421=ORIENTED_EDGE('',*,*,#422,.T.);
#422=EDGE_CURVE('',#417,#423,#425,.T.);
#423=VERTEX_POINT('',#424);
#424=CARTESIAN_POINT('',(-8.89,2.07,0.));
#425=CIRCLE('',#426,0.8);
#426=AXIS2_PLACEMENT_3D('',#427,#13,#275);
#427=CARTESIAN_POINT('',(-8.89,1.27,0.));
#428=ORIENTED_EDGE('',*,*,#429,.T.);
#429=EDGE_CURVE('',#423,#430,#432,.T.);
#430=VERTEX_POINT('',#431);
#431=CARTESIAN_POINT('',(-10.5,2.07,0.));
#432=LINE('',#433,#318);
#433=CARTESIAN_POINT('',(-4.445,2.07,0.));
#434=ORIENTED_EDGE('',*,*,#435,.T.);
#435=EDGE_CURVE('',#430,#436,#249,.T.);
#436=VERTEX_POINT('',#437);
#437=CARTESIAN_POINT('',(-10.5,3.01,0.));
#438=ORIENTED_EDGE('',*,*,#439,.T.);
#439=EDGE_CURVE('',#436,#440,#442,.T.);
#440=VERTEX_POINT('',#441);
#441=CARTESIAN_POINT('',(-8.89,3.01,0.));
#442=LINE('',#443,#230);
#443=CARTESIAN_POINT('',(-6.055,3.01,0.));
#444=ORIENTED_EDGE('',*,*,#445,.T.);
#445=EDGE_CURVE('',#440,#446,#448,.T.);
#446=VERTEX_POINT('',#447);
#447=CARTESIAN_POINT('',(-8.89,4.61,0.));
#448=CIRCLE('',#449,0.8);
#449=AXIS2_PLACEMENT_3D('',#450,#13,#275);
#450=CARTESIAN_POINT('',(-8.89,3.81,0.));
#451=ORIENTED_EDGE('',*,*,#452,.T.);
#452=EDGE_CURVE('',#446,#453,#455,.T.);
#453=VERTEX_POINT('',#454);
#454=CARTESIAN_POINT('',(-10.5,4.61,0.));
#455=LINE('',#456,#318);
#456=CARTESIAN_POINT('',(-4.445,4.61,0.));
#457=ORIENTED_EDGE('',*,*,#458,.T.);
#458=EDGE_CURVE('',#453,#459,#249,.T.);
#459=VERTEX_POINT('',#460);
#460=CARTESIAN_POINT('',(-10.5,5.55,0.));
#461=ORIENTED_EDGE('',*,*,#462,.T.);
#462=EDGE_CURVE('',#459,#463,#465,.T.);
#463=VERTEX_POINT('',#464);
#464=CARTESIAN_POINT('',(-8.89,5.55,0.));
#465=LINE('',#466,#230);
#466=CARTESIAN_POINT('',(-6.055,5.55,0.));
#467=ORIENTED_EDGE('',*,*,#468,.T.);
#468=EDGE_CURVE('',#463,#469,#471,.T.);
#469=VERTEX_POINT('',#470);
#470=CARTESIAN_POINT('',(-8.89,7.15,0.));
#471=CIRCLE('',#472,0.8);
#472=AXIS2_PLACEMENT_3D('',#473,#13,#275);
#473=CARTESIAN_POINT('',(-8.89,6.35,0.));
#474=ORIENTED_EDGE('',*,*,#475,.T.);
#475=EDGE_CURVE('',#469,#476,#478,.T.);
#476=VERTEX_POINT('',#477);
#477=CARTESIAN_POINT('',(-10.5,7.15,0.));
#478=LINE('',#479,#318);
#479=CARTESIAN_POINT('',(-4.445,7.15,0.));
#480=ORIENTED_EDGE('',*,*,#481,.T.);
#481=EDGE_CURVE('',#476,#482,#249,.T.);
#482=VERTEX_POINT('',#483);
#483=CARTESIAN_POINT('',(-10.5,8.09,0.));
#484=ORIENTED_EDGE('',*,*,#485,.T.);
#485=EDGE_CURVE('',#482,#486,#488,.T.);
#486=VERTEX_POINT('',#487);
#487=CARTESIAN_POINT('',(-8.89,8.09,0.));
#488=LINE('',#489,#230);
#489=CARTESIAN_POINT('',(-6.055,8.09,0.));
#490=ORIENTED_EDGE('',*,*,#491,.T.);
#491=EDGE_CURVE('',#486,#492,#494,.T.);
#492=VERTEX_POINT('',#493);
#493=CARTESIAN_POINT('',(-8.89,9.69,0.));
#494=CIRCLE('',#495,0.8);
#495=AXIS2_PLACEMENT_3D('',#496,#13,#275);
#496=CARTESIAN_POINT('',(-8.89,8.89,0.));
#497=ORIENTED_EDGE('',*,*,#498,.T.);
#498=EDGE_CURVE('',#492,#499,#501,.T.);
#499=VERTEX_POINT('',#500);
#500=CARTESIAN_POINT('',(-10.5,9.69,0.));
#501=LINE('',#502,#318);
#502=CARTESIAN_POINT('',(-4.445,9.69,0.));
#503=ORIENTED_EDGE('',*,*,#504,.T.);
#504=EDGE_CURVE('',#499,#505,#249,.T.);
#505=VERTEX_POINT('',#506);
#506=CARTESIAN_POINT('',(-10.5,10.63,0.));
#507=ORIENTED_EDGE('',*,*,#508,.T.);
#508=EDGE_CURVE('',#505,#509,#511,.T.);
#509=VERTEX_POINT('',#510);
#510=CARTESIAN_POINT('',(-8.89,10.63,0.));
#511=LINE('',#512,#230);
#512=CARTESIAN_POINT('',(-6.055,10.63,0.));
#513=ORIENTED_EDGE('',*,*,#514,.T.);
#514=EDGE_CURVE('',#509,#515,#517,.T.);
#515=VERTEX_POINT('',#516);
#516=CARTESIAN_POINT('',(-8.89,12.23,0.));
#517=CIRCLE('',#518,0.8);
#518=AXIS2_PLACEMENT_3D('',#519,#13,#275);
#519=CARTESIAN_POINT('',(-8.89,11.43,0.));
#520=ORIENTED_EDGE('',*,*,#521,.T.);
#521=EDGE_CURVE('',#515,#522,#524,.T.);
#522=VERTEX_POINT('',#523);
#523=CARTESIAN_POINT('',(-10.5,12.23,0.));
#524=LINE('',#525,#318);
#525=CARTESIAN_POINT('',(-4.445,12.23,0.));
#526=ORIENTED_EDGE('',*,*,#527,.T.);
#527=EDGE_CURVE('',#522,#528,#249,.T.);
#528=VERTEX_POINT('',#529);
#529=CARTESIAN_POINT('',(-10.5,13.17,0.));
#530=ORIENTED_EDGE('',*,*,#531,.T.);
#531=EDGE_CURVE('',#528,#532,#534,.T.);
#532=VERTEX_POINT('',#533);
#533=CARTESIAN_POINT('',(-8.89,13.17,0.));
#534=LINE('',#535,#230);
#535=CARTESIAN_POINT('',(-6.055,13.17,0.));
#536=ORIENTED_EDGE('',*,*,#537,.T.);
#537=EDGE_CURVE('',#532,#538,#540,.T.);
#538=VERTEX_POINT('',#539);
#539=CARTESIAN_POINT('',(-8.89,14.77,0.));
#540=CIRCLE('',#541,0.8);
#541=AXIS2_PLACEMENT_3D('',#542,#13,#275);
#542=CARTESIAN_POINT('',(-8.89,13.97,0.));
#543=ORIENTED_EDGE('',*,*,#544,.T.);
#544=EDGE_CURVE('',#538,#545,#547,.T.);
#545=VERTEX_POINT('',#546);
#546=CARTESIAN_POINT('',(-10.5,14.77,0.));
#547=LINE('',#548,#318);
#548=CARTESIAN_POINT('',(-4.445,14.77,0.));
#549=ORIENTED_EDGE('',*,*,#550,.T.);
#550=EDGE_CURVE('',#545,#551,#249,.T.);
#551=VERTEX_POINT('',#552);
#552=CARTESIAN_POINT('',(-10.5,15.71,0.));
#553=ORIENTED_EDGE('',*,*,#554,.T.);
#554=EDGE_CURVE('',#551,#555,#557,.T.);
#555=VERTEX_POINT('',#556);
#556=CARTESIAN_POINT('',(-8.89,15.71,0.));
#557=LINE('',#558,#230);
#558=CARTESIAN_POINT('',(-6.055,15.71,0.));
#559=ORIENTED_EDGE('',*,*,#560,.T.);
#560=EDGE_CURVE('',#555,#561,#563,.T.);
#561=VERTEX_POINT('',#562);
#562=CARTESIAN_POINT('',(-8.89,17.31,0.));
#563=CIRCLE('',#564,0.8);
#564=AXIS2_PLACEMENT_3D('',#565,#13,#275);
#565=CARTESIAN_POINT('',(-8.89,16.51,0.));
#566=ORIENTED_EDGE('',*,*,#567,.T.);
#567=EDGE_CURVE('',#561,#568,#570,.T.);
#568=VERTEX_POINT('',#569);
#569=CARTESIAN_POINT('',(-10.5,17.31,0.));
#570=LINE('',#571,#318);
#571=CARTESIAN_POINT('',(-4.445,17.31,0.));
#572=ORIENTED_EDGE('',*,*,#573,.T.);
#573=EDGE_CURVE('',#568,#574,#249,.T.);
#574=VERTEX_POINT('',#575);
#575=CARTESIAN_POINT('',(-10.5,18.25,0.));
#576=ORIENTED_EDGE('',*,*,#577,.T.);
#577=EDGE_CURVE('',#574,#578,#580,.T.);
#578=VERTEX_POINT('',#579);
#579=CARTESIAN_POINT('',(-8.89,18.25,0.));
#580=LINE('',#581,#230);
#581=CARTESIAN_POINT('',(-6.055,18.25,0.));
#582=ORIENTED_EDGE('',*,*,#583,.T.);
#583=EDGE_CURVE('',#578,#584,#586,.T.);
#584=VERTEX_POINT('',#585);
#585=CARTESIAN_POINT('',(-8.89,19.85,0.));
#586=CIRCLE('',#587,0.8);
#587=AXIS2_PLACEMENT_3D('',#588,#13,#275);
#588=CARTESIAN_POINT('',(-8.89,19.05,0.));
#589=ORIENTED_EDGE('',*,*,#590,.T.);
#590=EDGE_CURVE('',#584,#591,#593,.T.);
#591=VERTEX_POINT('',#592);
#592=CARTESIAN_POINT('',(-10.5,19.85,0.));
#593=LINE('',#594,#318);
#594=CARTESIAN_POINT('',(-4.445,19.85,0.));
#595=ORIENTED_EDGE('',*,*,#596,.T.);
#596=EDGE_CURVE('',#591,#597,#249,.T.);
#597=VERTEX_POINT('',#598);
#598=CARTESIAN_POINT('',(-10.5,20.79,0.));
#599=ORIENTED_EDGE('',*,*,#600,.T.);
#600=EDGE_CURVE('',#597,#601,#603,.T.);
#601=VERTEX_POINT('',#602);
#602=CARTESIAN_POINT('',(-8.89,20.79,0.));
#603=LINE('',#604,#230);
#604=CARTESIAN_POINT('',(-6.055,20.79,0.));
#605=ORIENTED_EDGE('',*,*,#606,.T.);
#606=EDGE_CURVE('',#601,#607,#609,.T.);
#607=VERTEX_POINT('',#608);
#608=CARTESIAN_POINT('',(-8.89,22.39,0.));
#609=CIRCLE('',#610,0.8);
#610=AXIS2_PLACEMENT_3D('',#611,#13,#275);
#611=CARTESIAN_POINT('',(-8.89,21.59,0.));
#612=ORIENTED_EDGE('',*,*,#613,.T.);
#613=EDGE_CURVE('',#607,#614,#616,.T.);
#614=VERTEX_POINT('',#615);
#615=CARTESIAN_POINT('',(-10.5,22.39,0.));
#616=LINE('',#617,#318);
#617=CARTESIAN_POINT('',(-4.445,22.39,0.));
#618=ORIENTED_EDGE('',*,*,#619,.T.);
#619=EDGE_CURVE('',#614,#620,#249,.T.);
#620=VERTEX_POINT('',#621);
#621=CARTESIAN_POINT('',(-10.5,23.33,0.));
#622=ORIENTED_EDGE('',*,*,#623,.T.);
#623=EDGE_CURVE('',#620,#624,#626,.T.);
#624=VERTEX_POINT('',#625);
#625=CARTESIAN_POINT('',(-8.89,23.33,0.));
#626=LINE('',#627,#230);
#627=CARTESIAN_POINT('',(-6.055,23.33,0.));
#628=ORIENTED_EDGE('',*,*,#629,.T.);
#629=EDGE_CURVE('',#624,#630,#632,.T.);
#630=VERTEX_POINT('',#631);
#631=CARTESIAN_POINT('',(-8.89,24.93,0.));
#632=CIRCLE('',#633,0.8);
#633=AXIS2_PLACEMENT_3D('',#634,#13,#275);
#634=CARTESIAN_POINT('',(-8.89,24.13,0.));
#635=ORIENTED_EDGE('',*,*,#636,.T.);
#636=EDGE_CURVE('',#630,#247,#637,.T.);
#637=LINE('',#638,#318);
#638=CARTESIAN_POINT('',(-4.445,24.93,0.));
#639=ORIENTED_EDGE('',*,*,#246,.T.);
#640=ORIENTED_EDGE('',*,*,#237,.T.);
#641=ORIENTED_EDGE('',*,*,#270,.T.);
#642=ORIENTED_EDGE('',*,*,#643,.T.);
#643=EDGE_CURVE('',#271,#644,#646,.T.);
#644=VERTEX_POINT('',#645);
#645=CARTESIAN_POINT('',(8.89,24.93,0.));
#646=LINE('',#647,#318);
#647=CARTESIAN_POINT('',(6.055,24.93,0.));
#648=ORIENTED_EDGE('',*,*,#649,.T.);
#649=EDGE_CURVE('',#644,#650,#652,.T.);
#650=VERTEX_POINT('',#651);
#651=CARTESIAN_POINT('',(8.89,23.33,0.));
#652=CIRCLE('',#653,0.8);
#653=AXIS2_PLACEMENT_3D('',#654,#13,#241);
#654=CARTESIAN_POINT('',(8.89,24.13,0.));
#655=ORIENTED_EDGE('',*,*,#656,.T.);
#656=EDGE_CURVE('',#650,#657,#659,.T.);
#657=VERTEX_POINT('',#658);
#658=CARTESIAN_POINT('',(10.5,23.33,0.));
#659=LINE('',#660,#230);
#660=CARTESIAN_POINT('',(4.445,23.33,0.));
#661=ORIENTED_EDGE('',*,*,#662,.T.);
#662=EDGE_CURVE('',#657,#663,#273,.T.);
#663=VERTEX_POINT('',#664);
#664=CARTESIAN_POINT('',(10.5,22.39,0.));
#665=ORIENTED_EDGE('',*,*,#666,.T.);
#666=EDGE_CURVE('',#663,#667,#669,.T.);
#667=VERTEX_POINT('',#668);
#668=CARTESIAN_POINT('',(8.89,22.39,0.));
#669=LINE('',#670,#318);
#670=CARTESIAN_POINT('',(6.055,22.39,0.));
#671=ORIENTED_EDGE('',*,*,#672,.T.);
#672=EDGE_CURVE('',#667,#673,#675,.T.);
#673=VERTEX_POINT('',#674);
#674=CARTESIAN_POINT('',(8.89,20.79,0.));
#675=CIRCLE('',#676,0.8);
#676=AXIS2_PLACEMENT_3D('',#677,#13,#241);
#677=CARTESIAN_POINT('',(8.89,21.59,0.));
#678=ORIENTED_EDGE('',*,*,#679,.T.);
#679=EDGE_CURVE('',#673,#680,#682,.T.);
#680=VERTEX_POINT('',#681);
#681=CARTESIAN_POINT('',(10.5,20.79,0.));
#682=LINE('',#683,#230);
#683=CARTESIAN_POINT('',(4.445,20.79,0.));
#684=ORIENTED_EDGE('',*,*,#685,.T.);
#685=EDGE_CURVE('',#680,#686,#273,.T.);
#686=VERTEX_POINT('',#687);
#687=CARTESIAN_POINT('',(10.5,19.85,0.));
#688=ORIENTED_EDGE('',*,*,#689,.T.);
#689=EDGE_CURVE('',#686,#690,#692,.T.);
#690=VERTEX_POINT('',#691);
#691=CARTESIAN_POINT('',(8.89,19.85,0.));
#692=LINE('',#693,#318);
#693=CARTESIAN_POINT('',(6.055,19.85,0.));
#694=ORIENTED_EDGE('',*,*,#695,.T.);
#695=EDGE_CURVE('',#690,#696,#698,.T.);
#696=VERTEX_POINT('',#697);
#697=CARTESIAN_POINT('',(8.89,18.25,0.));
#698=CIRCLE('',#699,0.8);
#699=AXIS2_PLACEMENT_3D('',#700,#13,#241);
#700=CARTESIAN_POINT('',(8.89,19.05,0.));
#701=ORIENTED_EDGE('',*,*,#702,.T.);
#702=EDGE_CURVE('',#696,#703,#705,.T.);
#703=VERTEX_POINT('',#704);
#704=CARTESIAN_POINT('',(10.5,18.25,0.));
#705=LINE('',#706,#230);
#706=CARTESIAN_POINT('',(4.445,18.25,0.));
#707=ORIENTED_EDGE('',*,*,#708,.T.);
#708=EDGE_CURVE('',#703,#709,#273,.T.);
#709=VERTEX_POINT('',#710);
#710=CARTESIAN_POINT('',(10.5,17.31,0.));
#711=ORIENTED_EDGE('',*,*,#712,.T.);
#712=EDGE_CURVE('',#709,#713,#715,.T.);
#713=VERTEX_POINT('',#714);
#714=CARTESIAN_POINT('',(8.89,17.31,0.));
#715=LINE('',#716,#318);
#716=CARTESIAN_POINT('',(6.055,17.31,0.));
#717=ORIENTED_EDGE('',*,*,#718,.T.);
#718=EDGE_CURVE('',#713,#719,#721,.T.);
#719=VERTEX_POINT('',#720);
#720=CARTESIAN_POINT('',(8.89,15.71,0.));
#721=CIRCLE('',#722,0.8);
#722=AXIS2_PLACEMENT_3D('',#723,#13,#241);
#723=CARTESIAN_POINT('',(8.89,16.51,0.));
#724=ORIENTED_EDGE('',*,*,#725,.T.);
#725=EDGE_CURVE('',#719,#726,#728,.T.);
#726=VERTEX_POINT('',#727);
#727=CARTESIAN_POINT('',(10.5,15.71,0.));
#728=LINE('',#729,#230);
#729=CARTESIAN_POINT('',(4.445,15.71,0.));
#730=ORIENTED_EDGE('',*,*,#731,.T.);
#731=EDGE_CURVE('',#726,#732,#273,.T.);
#732=VERTEX_POINT('',#733);
#733=CARTESIAN_POINT('',(10.5,14.77,0.));
#734=ORIENTED_EDGE('',*,*,#735,.T.);
#735=EDGE_CURVE('',#732,#736,#738,.T.);
#736=VERTEX_POINT('',#737);
#737=CARTESIAN_POINT('',(8.89,14.77,0.));
#738=LINE('',#739,#318);
#739=CARTESIAN_POINT('',(6.055,14.77,0.));
#740=ORIENTED_EDGE('',*,*,#741,.T.);
#741=EDGE_CURVE('',#736,#742,#744,.T.);
#742=VERTEX_POINT('',#743);
#743=CARTESIAN_POINT('',(8.89,13.17,0.));
#744=CIRCLE('',#745,0.8);
#745=AXIS2_PLACEMENT_3D('',#746,#13,#241);
#746=CARTESIAN_POINT('',(8.89,13.97,0.));
#747=ORIENTED_EDGE('',*,*,#748,.T.);
#748=EDGE_CURVE('',#742,#749,#751,.T.);
#749=VERTEX_POINT('',#750);
#750=CARTESIAN_POINT('',(10.5,13.17,0.));
#751=LINE('',#752,#230);
#752=CARTESIAN_POINT('',(4.445,13.17,0.));
#753=ORIENTED_EDGE('',*,*,#754,.T.);
#754=EDGE_CURVE('',#749,#755,#273,.T.);
#755=VERTEX_POINT('',#756);
#756=CARTESIAN_POINT('',(10.5,12.23,0.));
#757=ORIENTED_EDGE('',*,*,#758,.T.);
#758=EDGE_CURVE('',#755,#759,#761,.T.);
#759=VERTEX_POINT('',#760);
#760=CARTESIAN_POINT('',(8.89,12.23,0.));
#761=LINE('',#762,#318);
#762=CARTESIAN_POINT('',(6.055,12.23,0.));
#763=ORIENTED_EDGE('',*,*,#764,.T.);
#764=EDGE_CURVE('',#759,#765,#767,.T.);
#765=VERTEX_POINT('',#766);
#766=CARTESIAN_POINT('',(8.89,10.63,0.));
#767=CIRCLE('',#768,0.8);
#768=AXIS2_PLACEMENT_3D('',#769,#13,#241);
#769=CARTESIAN_POINT('',(8.89,11.43,0.));
#770=ORIENTED_EDGE('',*,*,#771,.T.);
#771=EDGE_CURVE('',#765,#772,#774,.T.);
#772=VERTEX_POINT('',#773);
#773=CARTESIAN_POINT('',(10.5,10.63,0.));
#774=LINE('',#775,#230);
#775=CARTESIAN_POINT('',(4.445,10.63,0.));
#776=ORIENTED_EDGE('',*,*,#777,.T.);
#777=EDGE_CURVE('',#772,#778,#273,.T.);
#778=VERTEX_POINT('',#779);
#779=CARTESIAN_POINT('',(10.5,9.69,0.));
#780=ORIENTED_EDGE('',*,*,#781,.T.);
#781=EDGE_CURVE('',#778,#782,#784,.T.);
#782=VERTEX_POINT('',#783);
#783=CARTESIAN_POINT('',(8.89,9.69,0.));
#784=LINE('',#785,#318);
#785=CARTESIAN_POINT('',(6.055,9.69,0.));
#786=ORIENTED_EDGE('',*,*,#787,.T.);
#787=EDGE_CURVE('',#782,#788,#790,.T.);
#788=VERTEX_POINT('',#789);
#789=CARTESIAN_POINT('',(8.89,8.09,0.));
#790=CIRCLE('',#791,0.8);
#791=AXIS2_PLACEMENT_3D('',#792,#13,#241);
#792=CARTESIAN_POINT('',(8.89,8.89,0.));
#793=ORIENTED_EDGE('',*,*,#794,.T.);
#794=EDGE_CURVE('',#788,#795,#797,.T.);
#795=VERTEX_POINT('',#796);
#796=CARTESIAN_POINT('',(10.5,8.09,0.));
#797=LINE('',#798,#230);
#798=CARTESIAN_POINT('',(4.445,8.09,0.));
#799=ORIENTED_EDGE('',*,*,#800,.T.);
#800=EDGE_CURVE('',#795,#801,#273,.T.);
#801=VERTEX_POINT('',#802);
#802=CARTESIAN_POINT('',(10.5,7.15,0.));
#803=ORIENTED_EDGE('',*,*,#804,.T.);
#804=EDGE_CURVE('',#801,#805,#807,.T.);
#805=VERTEX_POINT('',#806);
#806=CARTESIAN_POINT('',(8.89,7.15,0.));
#807=LINE('',#808,#318);
#808=CARTESIAN_POINT('',(6.055,7.15,0.));
#809=ORIENTED_EDGE('',*,*,#810,.T.);
#810=EDGE_CURVE('',#805,#811,#813,.T.);
#811=VERTEX_POINT('',#812);
#812=CARTESIAN_POINT('',(8.89,5.55,0.));
#813=CIRCLE('',#814,0.8);
#814=AXIS2_PLACEMENT_3D('',#815,#13,#241);
#815=CARTESIAN_POINT('',(8.89,6.35,0.));
#816=ORIENTED_EDGE('',*,*,#817,.T.);
#817=EDGE_CURVE('',#811,#818,#820,.T.);
#818=VERTEX_POINT('',#819);
#819=CARTESIAN_POINT('',(10.5,5.55,0.));
#820=LINE('',#821,#230);
#821=CARTESIAN_POINT('',(4.445,5.55,0.));
#822=ORIENTED_EDGE('',*,*,#823,.T.);
#823=EDGE_CURVE('',#818,#824,#273,.T.);
#824=VERTEX_POINT('',#825);
#825=CARTESIAN_POINT('',(10.5,4.61,0.));
#826=ORIENTED_EDGE('',*,*,#827,.T.);
#827=EDGE_CURVE('',#824,#828,#830,.T.);
#828=VERTEX_POINT('',#829);
#829=CARTESIAN_POINT('',(8.89,4.61,0.));
#830=LINE('',#831,#318);
#831=CARTESIAN_POINT('',(6.055,4.61,0.));
#832=ORIENTED_EDGE('',*,*,#833,.T.);
#833=EDGE_CURVE('',#828,#834,#836,.T.);
#834=VERTEX_POINT('',#835);
#835=CARTESIAN_POINT('',(8.89,3.01,0.));
#836=CIRCLE('',#837,0.8);
#837=AXIS2_PLACEMENT_3D('',#838,#13,#241);
#838=CARTESIAN_POINT('',(8.89,3.81,0.));
#839=ORIENTED_EDGE('',*,*,#840,.T.);
#840=EDGE_CURVE('',#834,#841,#843,.T.);
#841=VERTEX_POINT('',#842);
#842=CARTESIAN_POINT('',(10.5,3.01,0.));
#843=LINE('',#844,#230);
#844=CARTESIAN_POINT('',(4.445,3.01,0.));
#845=ORIENTED_EDGE('',*,*,#846,.T.);
#846=EDGE_CURVE('',#841,#847,#273,.T.);
#847=VERTEX_POINT('',#848);
#848=CARTESIAN_POINT('',(10.5,2.07,0.));
#849=ORIENTED_EDGE('',*,*,#850,.T.);
#850=EDGE_CURVE('',#847,#851,#853,.T.);
#851=VERTEX_POINT('',#852);
#852=CARTESIAN_POINT('',(8.89,2.07,0.));
#853=LINE('',#854,#318);
#854=CARTESIAN_POINT('',(6.055,2.07,0.));
#855=ORIENTED_EDGE('',*,*,#856,.T.);
#856=EDGE_CURVE('',#851,#857,#859,.T.);
#857=VERTEX_POINT('',#858);
#858=CARTESIAN_POINT('',(8.89,0.47,0.));
#859=CIRCLE('',#860,0.8);
#860=AXIS2_PLACEMENT_3D('',#861,#13,#241);
#861=CARTESIAN_POINT('',(8.89,1.27,0.));
#862=ORIENTED_EDGE('',*,*,#863,.T.);
#863=EDGE_CURVE('',#857,#864,#866,.T.);
#864=VERTEX_POINT('',#865);
#865=CARTESIAN_POINT('',(10.5,0.47,0.));
#866=LINE('',#867,#230);
#867=CARTESIAN_POINT('',(4.445,0.47,0.));
#868=ORIENTED_EDGE('',*,*,#869,.T.);
#869=EDGE_CURVE('',#864,#870,#273,.T.);
#870=VERTEX_POINT('',#871);
#871=CARTESIAN_POINT('',(10.5,-0.47,0.));
#872=ORIENTED_EDGE('',*,*,#873,.T.);
#873=EDGE_CURVE('',#870,#874,#876,.T.);
#874=VERTEX_POINT('',#875);
#875=CARTESIAN_POINT('',(8.89,-0.47,0.));
#876=LINE('',#877,#318);
#877=CARTESIAN_POINT('',(6.055,-0.47,0.));
#878=ORIENTED_EDGE('',*,*,#879,.T.);
#879=EDGE_CURVE('',#874,#880,#882,.T.);
#880=VERTEX_POINT('',#881);
#881=CARTESIAN_POINT('',(8.89,-2.07,0.));
#882=CIRCLE('',#883,0.8);
#883=AXIS2_PLACEMENT_3D('',#884,#13,#241);
#884=CARTESIAN_POINT('',(8.89,-1.27,0.));
#885=ORIENTED_EDGE('',*,*,#886,.T.);
#886=EDGE_CURVE('',#880,#887,#889,.T.);
#887=VERTEX_POINT('',#888);
#888=CARTESIAN_POINT('',(10.5,-2.07,0.));
#889=LINE('',#890,#230);
#890=CARTESIAN_POINT('',(4.445,-2.07,0.));
#891=ORIENTED_EDGE('',*,*,#892,.T.);
#892=EDGE_CURVE('',#887,#893,#273,.T.);
#893=VERTEX_POINT('',#894);
#894=CARTESIAN_POINT('',(10.5,-3.01,0.));
#895=ORIENTED_EDGE('',*,*,#896,.T.);
#896=EDGE_CURVE('',#893,#897,#899,.T.);
#897=VERTEX_POINT('',#898);
#898=CARTESIAN_POINT('',(8.89,-3.01,0.));
#899=LINE('',#900,#318);
#900=CARTESIAN_POINT('',(6.055,-3.01,0.));
#901=ORIENTED_EDGE('',*,*,#902,.T.);
#902=EDGE_CURVE('',#897,#903,#905,.T.);
#903=VERTEX_POINT('',#904);
#904=CARTESIAN_POINT('',(8.89,-4.61,0.));
#905=CIRCLE('',#906,0.8);
#906=AXIS2_PLACEMENT_3D('',#907,#13,#241);
#907=CARTESIAN_POINT('',(8.89,-3.81,0.));
#908=ORIENTED_EDGE('',*,*,#909,.T.);
#909=EDGE_CURVE('',#903,#910,#912,.T.);
#910=VERTEX_POINT('',#911);
#911=CARTESIAN_POINT('',(10.5,-4.61,0.));
#912=LINE('',#913,#230);
#913=CARTESIAN_POINT('',(4.445,-4.61,0.));
#914=ORIENTED_EDGE('',*,*,#915,.T.);
#915=EDGE_CURVE('',#910,#916,#273,.T.);
#916=VERTEX_POINT('',#917);
#917=CARTESIAN_POINT('',(10.5,-5.55,0.));
#918=ORIENTED_EDGE('',*,*,#919,.T.);
#919=EDGE_CURVE('',#916,#920,#922,.T.);
#920=VERTEX_POINT('',#921);
#921=CARTESIAN_POINT('',(8.89,-5.55,0.));
#922=LINE('',#923,#318);
#923=CARTESIAN_POINT('',(6.055,-5.55,0.));
#924=ORIENTED_EDGE('',*,*,#925,.T.);
#925=EDGE_CURVE('',#920,#926,#928,.T.);
#926=VERTEX_POINT('',#927);
#927=CARTESIAN_POINT('',(8.89,-7.15,0.));
#928=CIRCLE('',#929,0.8);
#929=AXIS2_PLACEMENT_3D('',#930,#13,#241);
#930=CARTESIAN_POINT('',(8.89,-6.35,0.));
#931=ORIENTED_EDGE('',*,*,#932,.T.);
#932=EDGE_CURVE('',#926,#933,#935,.T.);
#933=VERTEX_POINT('',#934);
#934=CARTESIAN_POINT('',(10.5,-7.15,0.));
#935=LINE('',#936,#230);
#936=CARTESIAN_POINT('',(4.445,-7.15,0.));
#937=ORIENTED_EDGE('',*,*,#938,.T.);
#938=EDGE_CURVE('',#933,#939,#273,.T.);
#939=VERTEX_POINT('',#940);
#940=CARTESIAN_POINT('',(10.5,-8.09,0.));
#941=ORIENTED_EDGE('',*,*,#942,.T.);
#942=EDGE_CURVE('',#939,#943,#945,.T.);
#943=VERTEX_POINT('',#944);
#944=CARTESIAN_POINT('',(8.89,-8.09,0.));
#945=LINE('',#946,#318);
#946=CARTESIAN_POINT('',(6.055,-8.09,0.));
#947=ORIENTED_EDGE('',*,*,#948,.T.);
#948=EDGE_CURVE('',#943,#949,#951,.T.);
#949=VERTEX_POINT('',#950);
#950=CARTESIAN_POINT('',(8.89,-9.69,0.));
#951=CIRCLE('',#952,0.8);
#952=AXIS2_PLACEMENT_3D('',#953,#13,#241);
#953=CARTESIAN_POINT('',(8.89,-8.89,0.));
#954=ORIENTED_EDGE('',*,*,#955,.T.);
#955=EDGE_CURVE('',#949,#956,#958,.T.);
#956=VERTEX_POINT('',#957);
#957=CARTESIAN_POINT('',(10.5,-9.69,0.));
#958=LINE('',#959,#230);
#959=CARTESIAN_POINT('',(4.445,-9.69,0.));
#960=ORIENTED_EDGE('',*,*,#961,.T.);
#961=EDGE_CURVE('',#956,#962,#273,.T.);
#962=VERTEX_POINT('',#963);
#963=CARTESIAN_POINT('',(10.5,-10.63,0.));
#964=ORIENTED_EDGE('',*,*,#965,.T.);
#965=EDGE_CURVE('',#962,#966,#968,.T.);
#966=VERTEX_POINT('',#967);
#967=CARTESIAN_POINT('',(8.89,-10.63,0.));
#968=LINE('',#969,#318);
#969=CARTESIAN_POINT('',(6.055,-10.63,0.));
#970=ORIENTED_EDGE('',*,*,#971,.T.);
#971=EDGE_CURVE('',#966,#972,#974,.T.);
#972=VERTEX_POINT('',#973);
#973=CARTESIAN_POINT('',(8.89,-12.23,0.));
#974=CIRCLE('',#975,0.8);
#975=AXIS2_PLACEMENT_3D('',#976,#13,#241);
#976=CARTESIAN_POINT('',(8.89,-11.43,0.));
#977=ORIENTED_EDGE('',*,*,#978,.T.);
#978=EDGE_CURVE('',#972,#979,#981,.T.);
#979=VERTEX_POINT('',#980);
#980=CARTESIAN_POINT('',(10.5,-12.23,0.));
#981=LINE('',#982,#230);
#982=CARTESIAN_POINT('',(4.445,-12.23,0.));
#983=ORIENTED_EDGE('',*,*,#984,.T.);
#984=EDGE_CURVE('',#979,#985,#273,.T.);
#985=VERTEX_POINT('',#986);
#986=CARTESIAN_POINT('',(10.5,-13.17,0.));
#987=ORIENTED_EDGE('',*,*,#988,.T.);
#988=EDGE_CURVE('',#985,#989,#991,.T.);
#989=VERTEX_POINT('',#990);
#990=CARTESIAN_POINT('',(8.89,-13.17,0.));
#991=LINE('',#992,#318);
#992=CARTESIAN_POINT('',(6.055,-13.17,0.));
#993=ORIENTED_EDGE('',*,*,#994,.T.);
#994=EDGE_CURVE('',#989,#995,#997,.T.);
#995=VERTEX_POINT('',#996);
#996=CARTESIAN_POINT('',(8.89,-14.77,0.));
#997=CIRCLE('',#998,0.8);
#998=AXIS2_PLACEMENT_3D('',#999,#13,#241);
#999=CARTESIAN_POINT('',(8.89,-13.97,0.));
#1000=ORIENTED_EDGE('',*,*,#1001,.T.);
#1001=EDGE_CURVE('',#995,#1002,#1004,.T.);
#1002=VERTEX_POINT('',#1003);
#1003=CARTESIAN_POINT('',(10.5,-14.77,0.));
#1004=LINE('',#1005,#230);
#1005=CARTESIAN_POINT('',(4.445,-14.77,0.));
#1006=ORIENTED_EDGE('',*,*,#1007,.T.);
#1007=EDGE_CURVE('',#1002,#1008,#273,.T.);
#1008=VERTEX_POINT('',#1009);
#1009=CARTESIAN_POINT('',(10.5,-15.71,0.));
#1010=ORIENTED_EDGE('',*,*,#1011,.T.);
#1011=EDGE_CURVE('',#1008,#1012,#1014,.T.);
#1012=VERTEX_POINT('',#1013);
#1013=CARTESIAN_POINT('',(8.89,-15.71,0.));
#1014=LINE('',#1015,#318);
#1015=CARTESIAN_POINT('',(6.055,-15.71,0.));
#1016=ORIENTED_EDGE('',*,*,#1017,.T.);
#1017=EDGE_CURVE('',#1012,#1018,#1020,.T.);
#1018=VERTEX_POINT('',#1019);
#1019=CARTESIAN_POINT('',(8.89,-17.31,0.));
#1020=CIRCLE('',#1021,0.8);
#1021=AXIS2_PLACEMENT_3D('',#1022,#13,#241);
#1022=CARTESIAN_POINT('',(8.89,-16.51,0.));
#1023=ORIENTED_EDGE('',*,*,#1024,.T.);
#1024=EDGE_CURVE('',#1018,#1025,#1027,.T.);
#1025=VERTEX_POINT('',#1026);
#1026=CARTESIAN_POINT('',(10.5,-17.31,0.));
#1027=LINE('',#1028,#230);
#1028=CARTESIAN_POINT('',(4.445,-17.31,0.));
#1029=ORIENTED_EDGE('',*,*,#1030,.T.);
#1030=EDGE_CURVE('',#1025,#1031,#273,.T.);
#1031=VERTEX_POINT('',#1032);
#1032=CARTESIAN_POINT('',(10.5,-18.25,0.));
#1033=ORIENTED_EDGE('',*,*,#1034,.T.);
#1034=EDGE_CURVE('',#1031,#1035,#1037,.T.);
#1035=VERTEX_POINT('',#1036);
#1036=CARTESIAN_POINT('',(8.89,-18.25,0.));
#1037=LINE('',#1038,#318);
#1038=CARTESIAN_POINT('',(6.055,-18.25,0.));
#1039=ORIENTED_EDGE('',*,*,#1040,.T.);
#1040=EDGE_CURVE('',#1035,#1041,#1043,.T.);
#1041=VERTEX_POINT('',#1042);
#1042=CARTESIAN_POINT('',(8.89,-19.85,0.));
#1043=CIRCLE('',#1044,0.8);
#1044=AXIS2_PLACEMENT_3D('',#1045,#13,#241);
#1045=CARTESIAN_POINT('',(8.89,-19.05,0.));
#1046=ORIENTED_EDGE('',*,*,#1047,.T.);
#1047=EDGE_CURVE('',#1041,#1048,#1050,.T.);
#1048=VERTEX_POINT('',#1049);
#1049=CARTESIAN_POINT('',(10.5,-19.85,0.));
#1050=LINE('',#1051,#230);
#1051=CARTESIAN_POINT('',(4.445,-19.85,0.));
#1052=ORIENTED_EDGE('',*,*,#1053,.T.);
#1053=EDGE_CURVE('',#1048,#1054,#273,.T.);
#1054=VERTEX_POINT('',#1055);
#1055=CARTESIAN_POINT('',(10.5,-20.79,0.));
#1056=ORIENTED_EDGE('',*,*,#1057,.T.);
#1057=EDGE_CURVE('',#1054,#1058,#1060,.T.);
#1058=VERTEX_POINT('',#1059);
#1059=CARTESIAN_POINT('',(8.89,-20.79,0.));
#1060=LINE('',#1061,#318);
#1061=CARTESIAN_POINT('',(6.055,-20.79,0.));
#1062=ORIENTED_EDGE('',*,*,#1063,.T.);
#1063=EDGE_CURVE('',#1058,#1064,#1066,.T.);
#1064=VERTEX_POINT('',#1065);
#1065=CARTESIAN_POINT('',(8.89,-22.39,0.));
#1066=CIRCLE('',#1067,0.8);
#1067=AXIS2_PLACEMENT_3D('',#1068,#13,#241);
#1068=CARTESIAN_POINT('',(8.89,-21.59,0.));
#1069=ORIENTED_EDGE('',*,*,#1070,.T.);
#1070=EDGE_CURVE('',#1064,#1071,#1073,.T.);
#1071=VERTEX_POINT('',#1072);
#1072=CARTESIAN_POINT('',(10.5,-22.39,0.));
#1073=LINE('',#1074,#230);
#1074=CARTESIAN_POINT('',(4.445,-22.39,0.));
#1075=ORIENTED_EDGE('',*,*,#1076,.T.);
#1076=EDGE_CURVE('',#1071,#1077,#273,.T.);
#1077=VERTEX_POINT('',#1078);
#1078=CARTESIAN_POINT('',(10.5,-23.33,0.));
#1079=ORIENTED_EDGE('',*,*,#1080,.T.);
#1080=EDGE_CURVE('',#1077,#1081,#1083,.T.);
#1081=VERTEX_POINT('',#1082);
#1082=CARTESIAN_POINT('',(8.89,-23.33,0.));
#1083=LINE('',#1084,#318);
#1084=CARTESIAN_POINT('',(6.055,-23.33,0.));
#1085=ORIENTED_EDGE('',*,*,#1086,.T.);
#1086=EDGE_CURVE('',#1081,#1087,#1089,.T.);
#1087=VERTEX_POINT('',#1088);
#1088=CARTESIAN_POINT('',(8.89,-24.93,0.));
#1089=CIRCLE('',#1090,0.8);
#1090=AXIS2_PLACEMENT_3D('',#1091,#13,#241);
#1091=CARTESIAN_POINT('',(8.89,-24.13,0.));
#1092=ORIENTED_EDGE('',*,*,#1093,.T.);
#1093=EDGE_CURVE('',#1087,#1094,#1096,.T.);
#1094=VERTEX_POINT('',#1095);
#1095=CARTESIAN_POINT('',(10.5,-24.93,0.));
#1096=LINE('',#1097,#230);
#1097=CARTESIAN_POINT('',(4.445,-24.93,0.));
#1098=ORIENTED_EDGE('',*,*,#1099,.T.);
#1099=EDGE_CURVE('',#1094,#1100,#273,.T.);
#1100=VERTEX_POINT('',#1101);
#1101=CARTESIAN_POINT('',(10.5,-25.5,0.));
#1102=ORIENTED_EDGE('',*,*,#1103,.T.);
#1103=EDGE_CURVE('',#1100,#1104,#1106,.T.);
#1104=VERTEX_POINT('',#1105);
#1105=CARTESIAN_POINT('',(3.34,-25.5,0.));
#1106=LINE('',#1101,#318);
#1107=ORIENTED_EDGE('',*,*,#1108,.T.);
#1108=EDGE_CURVE('',#1104,#1109,#1111,.T.);
#1109=VERTEX_POINT('',#1110);
#1110=CARTESIAN_POINT('',(3.34,-23.89,0.));
#1111=LINE('',#1112,#251);
#1112=CARTESIAN_POINT('',(3.34,-13.555,0.));
#1113=ORIENTED_EDGE('',*,*,#1114,.T.);
#1114=EDGE_CURVE('',#1109,#1115,#1117,.T.);
#1115=VERTEX_POINT('',#1116);
#1116=CARTESIAN_POINT('',(1.74,-23.89,0.));
#1117=CIRCLE('',#1118,0.8);
#1118=AXIS2_PLACEMENT_3D('',#1119,#13,#14);
#1119=CARTESIAN_POINT('',(2.54,-23.89,0.));
#1120=ORIENTED_EDGE('',*,*,#1121,.T.);
#1121=EDGE_CURVE('',#1115,#1122,#1124,.T.);
#1122=VERTEX_POINT('',#1123);
#1123=CARTESIAN_POINT('',(1.74,-25.5,0.));
#1124=LINE('',#1125,#274);
#1125=CARTESIAN_POINT('',(1.74,-11.945,0.));
#1126=ORIENTED_EDGE('',*,*,#1127,.T.);
#1127=EDGE_CURVE('',#1122,#1128,#1106,.T.);
#1128=VERTEX_POINT('',#1129);
#1129=CARTESIAN_POINT('',(0.8,-25.5,0.));
#1130=ORIENTED_EDGE('',*,*,#1131,.T.);
#1131=EDGE_CURVE('',#1128,#1132,#1134,.T.);
#1132=VERTEX_POINT('',#1133);
#1133=CARTESIAN_POINT('',(0.8,-23.89,0.));
#1134=LINE('',#1135,#251);
#1135=CARTESIAN_POINT('',(0.8,-13.555,0.));
#1136=ORIENTED_EDGE('',*,*,#1137,.T.);
#1137=EDGE_CURVE('',#1132,#1138,#1140,.T.);
#1138=VERTEX_POINT('',#1139);
#1139=CARTESIAN_POINT('',(-0.8,-23.89,0.));
#1140=CIRCLE('',#1141,0.8);
#1141=AXIS2_PLACEMENT_3D('',#1142,#13,#14);
#1142=CARTESIAN_POINT('',(0.,-23.89,0.));
#1143=ORIENTED_EDGE('',*,*,#1144,.T.);
#1144=EDGE_CURVE('',#1138,#1145,#1147,.T.);
#1145=VERTEX_POINT('',#1146);
#1146=CARTESIAN_POINT('',(-0.8,-25.5,0.));
#1147=LINE('',#1148,#274);
#1148=CARTESIAN_POINT('',(-0.8,-11.945,0.));
#1149=ORIENTED_EDGE('',*,*,#1150,.T.);
#1150=EDGE_CURVE('',#1145,#1151,#1106,.T.);
#1151=VERTEX_POINT('',#1152);
#1152=CARTESIAN_POINT('',(-1.74,-25.5,0.));
#1153=ORIENTED_EDGE('',*,*,#1154,.T.);
#1154=EDGE_CURVE('',#1151,#1155,#1157,.T.);
#1155=VERTEX_POINT('',#1156);
#1156=CARTESIAN_POINT('',(-1.74,-23.89,0.));
#1157=LINE('',#1158,#251);
#1158=CARTESIAN_POINT('',(-1.74,-13.555,0.));
#1159=ORIENTED_EDGE('',*,*,#1160,.T.);
#1160=EDGE_CURVE('',#1155,#1161,#1163,.T.);
#1161=VERTEX_POINT('',#1162);
#1162=CARTESIAN_POINT('',(-3.34,-23.89,0.));
#1163=CIRCLE('',#1164,0.8);
#1164=AXIS2_PLACEMENT_3D('',#1165,#13,#14);
#1165=CARTESIAN_POINT('',(-2.54,-23.89,0.));
#1166=ORIENTED_EDGE('',*,*,#1167,.T.);
#1167=EDGE_CURVE('',#1161,#1168,#1170,.T.);
#1168=VERTEX_POINT('',#1169);
#1169=CARTESIAN_POINT('',(-3.34,-25.5,0.));
#1170=LINE('',#1171,#274);
#1171=CARTESIAN_POINT('',(-3.34,-11.945,0.));
#1172=ORIENTED_EDGE('',*,*,#1173,.T.);
#1173=EDGE_CURVE('',#1168,#1174,#1106,.T.);
#1174=VERTEX_POINT('',#250);
#1175=ORIENTED_EDGE('',*,*,#1176,.T.);
#1176=EDGE_CURVE('',#1174,#1177,#249,.T.);
#1177=VERTEX_POINT('',#1178);
#1178=CARTESIAN_POINT('',(-10.5,-24.93,0.));
#1179=ORIENTED_EDGE('',*,*,#1180,.T.);
#1180=EDGE_CURVE('',#1177,#1181,#1183,.T.);
#1181=VERTEX_POINT('',#1182);
#1182=CARTESIAN_POINT('',(-8.89,-24.93,0.));
#1183=LINE('',#1184,#230);
#1184=CARTESIAN_POINT('',(-6.055,-24.93,0.));
#1185=ORIENTED_EDGE('',*,*,#1186,.T.);
#1186=EDGE_CURVE('',#1181,#1187,#1189,.T.);
#1187=VERTEX_POINT('',#1188);
#1188=CARTESIAN_POINT('',(-8.89,-23.33,0.));
#1189=CIRCLE('',#1190,0.8);
#1190=AXIS2_PLACEMENT_3D('',#1191,#13,#275);
#1191=CARTESIAN_POINT('',(-8.89,-24.13,0.));
#1192=ORIENTED_EDGE('',*,*,#1193,.T.);
#1193=EDGE_CURVE('',#1187,#1194,#1196,.T.);
#1194=VERTEX_POINT('',#1195);
#1195=CARTESIAN_POINT('',(-10.5,-23.33,0.));
#1196=LINE('',#1197,#318);
#1197=CARTESIAN_POINT('',(-4.445,-23.33,0.));
#1198=ORIENTED_EDGE('',*,*,#1199,.T.);
#1199=EDGE_CURVE('',#1194,#1200,#249,.T.);
#1200=VERTEX_POINT('',#1201);
#1201=CARTESIAN_POINT('',(-10.5,-22.39,0.));
#1202=ORIENTED_EDGE('',*,*,#1203,.T.);
#1203=EDGE_CURVE('',#1200,#1204,#1206,.T.);
#1204=VERTEX_POINT('',#1205);
#1205=CARTESIAN_POINT('',(-8.89,-22.39,0.));
#1206=LINE('',#1207,#230);
#1207=CARTESIAN_POINT('',(-6.055,-22.39,0.));
#1208=ORIENTED_EDGE('',*,*,#1209,.T.);
#1209=EDGE_CURVE('',#1204,#1210,#1212,.T.);
#1210=VERTEX_POINT('',#1211);
#1211=CARTESIAN_POINT('',(-8.89,-20.79,0.));
#1212=CIRCLE('',#1213,0.8);
#1213=AXIS2_PLACEMENT_3D('',#1214,#13,#275);
#1214=CARTESIAN_POINT('',(-8.89,-21.59,0.));
#1215=ORIENTED_EDGE('',*,*,#1216,.T.);
#1216=EDGE_CURVE('',#1210,#1217,#1219,.T.);
#1217=VERTEX_POINT('',#1218);
#1218=CARTESIAN_POINT('',(-10.5,-20.79,0.));
#1219=LINE('',#1220,#318);
#1220=CARTESIAN_POINT('',(-4.445,-20.79,0.));
#1221=ORIENTED_EDGE('',*,*,#1222,.T.);
#1222=EDGE_CURVE('',#1217,#1223,#249,.T.);
#1223=VERTEX_POINT('',#1224);
#1224=CARTESIAN_POINT('',(-10.5,-19.85,0.));
#1225=ORIENTED_EDGE('',*,*,#1226,.T.);
#1226=EDGE_CURVE('',#1223,#1227,#1229,.T.);
#1227=VERTEX_POINT('',#1228);
#1228=CARTESIAN_POINT('',(-8.89,-19.85,0.));
#1229=LINE('',#1230,#230);
#1230=CARTESIAN_POINT('',(-6.055,-19.85,0.));
#1231=ORIENTED_EDGE('',*,*,#1232,.T.);
#1232=EDGE_CURVE('',#1227,#1233,#1235,.T.);
#1233=VERTEX_POINT('',#1234);
#1234=CARTESIAN_POINT('',(-8.89,-18.25,0.));
#1235=CIRCLE('',#1236,0.8);
#1236=AXIS2_PLACEMENT_3D('',#1237,#13,#275);
#1237=CARTESIAN_POINT('',(-8.89,-19.05,0.));
#1238=ORIENTED_EDGE('',*,*,#1239,.T.);
#1239=EDGE_CURVE('',#1233,#1240,#1242,.T.);
#1240=VERTEX_POINT('',#1241);
#1241=CARTESIAN_POINT('',(-10.5,-18.25,0.));
#1242=LINE('',#1243,#318);
#1243=CARTESIAN_POINT('',(-4.445,-18.25,0.));
#1244=ORIENTED_EDGE('',*,*,#1245,.T.);
#1245=EDGE_CURVE('',#1240,#1246,#249,.T.);
#1246=VERTEX_POINT('',#1247);
#1247=CARTESIAN_POINT('',(-10.5,-17.31,0.));
#1248=ORIENTED_EDGE('',*,*,#1249,.T.);
#1249=EDGE_CURVE('',#1246,#1250,#1252,.T.);
#1250=VERTEX_POINT('',#1251);
#1251=CARTESIAN_POINT('',(-8.89,-17.31,0.));
#1252=LINE('',#1253,#230);
#1253=CARTESIAN_POINT('',(-6.055,-17.31,0.));
#1254=ORIENTED_EDGE('',*,*,#1255,.T.);
#1255=EDGE_CURVE('',#1250,#1256,#1258,.T.);
#1256=VERTEX_POINT('',#1257);
#1257=CARTESIAN_POINT('',(-8.89,-15.71,0.));
#1258=CIRCLE('',#1259,0.8);
#1259=AXIS2_PLACEMENT_3D('',#1260,#13,#275);
#1260=CARTESIAN_POINT('',(-8.89,-16.51,0.));
#1261=ORIENTED_EDGE('',*,*,#1262,.T.);
#1262=EDGE_CURVE('',#1256,#1263,#1265,.T.);
#1263=VERTEX_POINT('',#1264);
#1264=CARTESIAN_POINT('',(-10.5,-15.71,0.));
#1265=LINE('',#1266,#318);
#1266=CARTESIAN_POINT('',(-4.445,-15.71,0.));
#1267=ORIENTED_EDGE('',*,*,#1268,.T.);
#1268=EDGE_CURVE('',#1263,#1269,#249,.T.);
#1269=VERTEX_POINT('',#1270);
#1270=CARTESIAN_POINT('',(-10.5,-14.77,0.));
#1271=ORIENTED_EDGE('',*,*,#1272,.T.);
#1272=EDGE_CURVE('',#1269,#1273,#1275,.T.);
#1273=VERTEX_POINT('',#1274);
#1274=CARTESIAN_POINT('',(-8.89,-14.77,0.));
#1275=LINE('',#1276,#230);
#1276=CARTESIAN_POINT('',(-6.055,-14.77,0.));
#1277=ORIENTED_EDGE('',*,*,#1278,.T.);
#1278=EDGE_CURVE('',#1273,#1279,#1281,.T.);
#1279=VERTEX_POINT('',#1280);
#1280=CARTESIAN_POINT('',(-8.89,-13.17,0.));
#1281=CIRCLE('',#1282,0.8);
#1282=AXIS2_PLACEMENT_3D('',#1283,#13,#275);
#1283=CARTESIAN_POINT('',(-8.89,-13.97,0.));
#1284=ORIENTED_EDGE('',*,*,#1285,.T.);
#1285=EDGE_CURVE('',#1279,#295,#1286,.T.);
#1286=LINE('',#1287,#318);
#1287=CARTESIAN_POINT('',(-4.445,-13.17,0.));
#1288=FACE_BOUND('',#1289,.T.);
#1289=EDGE_LOOP('',(#1290));
#1290=ORIENTED_EDGE('',*,*,#1291,.T.);
#1291=EDGE_CURVE('',#1292,#1292,#1294,.T.);
#1292=VERTEX_POINT('',#1293);
#1293=CARTESIAN_POINT('',(6.75,-23.5,0.));
#1294=CIRCLE('',#1295,1.05);
#1295=AXIS2_PLACEMENT_3D('',#1296,#13,#14);
#1296=CARTESIAN_POINT('',(5.7,-23.5,0.));
#1297=FACE_BOUND('',#1298,.T.);
#1298=EDGE_LOOP('',(#1299));
#1299=ORIENTED_EDGE('',*,*,#1300,.T.);
#1300=EDGE_CURVE('',#1301,#1301,#1303,.T.);
#1301=VERTEX_POINT('',#1302);
#1302=CARTESIAN_POINT('',(-4.65,-23.5,0.));
#1303=CIRCLE('',#1304,1.05);
#1304=AXIS2_PLACEMENT_3D('',#1305,#13,#14);
#1305=CARTESIAN_POINT('',(-5.7,-23.5,0.));
#1306=FACE_BOUND('',#1307,.T.);
#1307=EDGE_LOOP('',(#1308));
#1308=ORIENTED_EDGE('',*,*,#1309,.T.);
#1309=EDGE_CURVE('',#1310,#1310,#1312,.T.);
#1310=VERTEX_POINT('',#1311);
#1311=CARTESIAN_POINT('',(6.75,23.5,0.));
#1312=CIRCLE('',#1313,1.05);
#1313=AXIS2_PLACEMENT_3D('',#1314,#13,#14);
#1314=CARTESIAN_POINT('',(5.7,23.5,0.));
#1315=FACE_BOUND('',#1316,.T.);
#1316=EDGE_LOOP('',(#1317));
#1317=ORIENTED_EDGE('',*,*,#1318,.T.);
#1318=EDGE_CURVE('',#1319,#1319,#1321,.T.);
#1319=VERTEX_POINT('',#1320);
#1320=CARTESIAN_POINT('',(-4.65,23.5,0.));
#1321=CIRCLE('',#1322,1.05);
#1322=AXIS2_PLACEMENT_3D('',#1323,#13,#14);
#1323=CARTESIAN_POINT('',(-5.7,23.5,0.));
#1324=PLANE('',#1325);
#1325=AXIS2_PLACEMENT_3D('',#12,#287,#265);
#1326=ADVANCED_FACE('',(#1327,#2320,#2329,#2338,#2347),#2356,.F.);
#1327=FACE_BOUND('',#1328,.F.);
#1328=EDGE_LOOP('',(#1329,#1338,#1344,#1348,#1354,#1361,#1367,#1371,#1377,#1384,#1390,#1394,#1400,#1407,#1413,#1417,#1423,#1430,#1436,#1440,#1446,#1453,#1459,#1463,#1469,#1476,#1482,#1486,#1492,#1499,#1505,#1509,#1515,#1522,#1528,#1532,#1538,#1545,#1551,#1555,#1561,#1568,#1574,#1578,#1584,#1591,#1597,#1601,#1607,#1614,#1620,#1624,#1630,#1637,#258,#225,#277,#1641,#1647,#1654,#1660,#1664,#1670,#1677,#1683,#1687,#1693,#1700,#1706,#1710,#1716,#1723,#1729,#1733,#1739,#1746,#1752,#1756,#1762,#1769,#1775,#1779,#1785,#1792,#1798,#1802,#1808,#1815,#1821,#1825,#1831,#1838,#1844,#1848,#1854,#1861,#1867,#1871,#1877,#1884,#1890,#1894,#1900,#1907,#1913,#1917,#1923,#1930,#1936,#1940,#1946,#1953,#1959,#1963,#1969,#1976,#1982,#1986,#1992,#1999,#2005,#2009,#2015,#2022,#2028,#2032,#2038,#2045,#2051,#2055,#2061,#2068,#2074,#2078,#2084,#2091,#2097,#2101,#2106,#2112,#2119,#2125,#2129,#2135,#2142,#2148,#2152,#2158,#2165,#2171,#2174,#2178,#2184,#2191,#2197,#2201,#2207,#2214,#2220,#2224,#2230,#2237,#2243,#2247,#2253,#2260,#2266,#2270,#2276,#2283,#2289,#2293,#2299,#2306,#2312,#2316));
#1329=ORIENTED_EDGE('',*,*,#1330,.F.);
#1330=EDGE_CURVE('',#1331,#1333,#1335,.T.);
#1331=VERTEX_POINT('',#1332);
#1332=CARTESIAN_POINT('',(-8.89,-8.09,1.6));
#1333=VERTEX_POINT('',#1334);
#1334=CARTESIAN_POINT('',(-8.89,-9.69,1.6));
#1335=CIRCLE('',#1336,0.8);
#1336=AXIS2_PLACEMENT_3D('',#1337,#287,#241);
#1337=CARTESIAN_POINT('',(-8.89,-8.89,1.6));
#1338=ORIENTED_EDGE('',*,*,#1339,.T.);
#1339=EDGE_CURVE('',#1331,#1340,#1342,.T.);
#1340=VERTEX_POINT('',#1341);
#1341=CARTESIAN_POINT('',(-10.5,-8.09,1.6));
#1342=LINE('',#1343,#318);
#1343=CARTESIAN_POINT('',(-4.445,-8.09,1.6));
#1344=ORIENTED_EDGE('',*,*,#1345,.T.);
#1345=EDGE_CURVE('',#1340,#1346,#260,.T.);
#1346=VERTEX_POINT('',#1347);
#1347=CARTESIAN_POINT('',(-10.5,-7.15,1.6));
#1348=ORIENTED_EDGE('',*,*,#1349,.T.);
#1349=EDGE_CURVE('',#1346,#1350,#1352,.T.);
#1350=VERTEX_POINT('',#1351);
#1351=CARTESIAN_POINT('',(-8.89,-7.15,1.6));
#1352=LINE('',#1353,#230);
#1353=CARTESIAN_POINT('',(-6.055,-7.15,1.6));
#1354=ORIENTED_EDGE('',*,*,#1355,.F.);
#1355=EDGE_CURVE('',#1356,#1350,#1358,.T.);
#1356=VERTEX_POINT('',#1357);
#1357=CARTESIAN_POINT('',(-8.89,-5.55,1.6));
#1358=CIRCLE('',#1359,0.8);
#1359=AXIS2_PLACEMENT_3D('',#1360,#287,#241);
#1360=CARTESIAN_POINT('',(-8.89,-6.35,1.6));
#1361=ORIENTED_EDGE('',*,*,#1362,.T.);
#1362=EDGE_CURVE('',#1356,#1363,#1365,.T.);
#1363=VERTEX_POINT('',#1364);
#1364=CARTESIAN_POINT('',(-10.5,-5.55,1.6));
#1365=LINE('',#1366,#318);
#1366=CARTESIAN_POINT('',(-4.445,-5.55,1.6));
#1367=ORIENTED_EDGE('',*,*,#1368,.T.);
#1368=EDGE_CURVE('',#1363,#1369,#260,.T.);
#1369=VERTEX_POINT('',#1370);
#1370=CARTESIAN_POINT('',(-10.5,-4.61,1.6));
#1371=ORIENTED_EDGE('',*,*,#1372,.T.);
#1372=EDGE_CURVE('',#1369,#1373,#1375,.T.);
#1373=VERTEX_POINT('',#1374);
#1374=CARTESIAN_POINT('',(-8.89,-4.61,1.6));
#1375=LINE('',#1376,#230);
#1376=CARTESIAN_POINT('',(-6.055,-4.61,1.6));
#1377=ORIENTED_EDGE('',*,*,#1378,.F.);
#1378=EDGE_CURVE('',#1379,#1373,#1381,.T.);
#1379=VERTEX_POINT('',#1380);
#1380=CARTESIAN_POINT('',(-8.89,-3.01,1.6));
#1381=CIRCLE('',#1382,0.8);
#1382=AXIS2_PLACEMENT_3D('',#1383,#287,#241);
#1383=CARTESIAN_POINT('',(-8.89,-3.81,1.6));
#1384=ORIENTED_EDGE('',*,*,#1385,.T.);
#1385=EDGE_CURVE('',#1379,#1386,#1388,.T.);
#1386=VERTEX_POINT('',#1387);
#1387=CARTESIAN_POINT('',(-10.5,-3.01,1.6));
#1388=LINE('',#1389,#318);
#1389=CARTESIAN_POINT('',(-4.445,-3.01,1.6));
#1390=ORIENTED_EDGE('',*,*,#1391,.T.);
#1391=EDGE_CURVE('',#1386,#1392,#260,.T.);
#1392=VERTEX_POINT('',#1393);
#1393=CARTESIAN_POINT('',(-10.5,-2.07,1.6));
#1394=ORIENTED_EDGE('',*,*,#1395,.T.);
#1395=EDGE_CURVE('',#1392,#1396,#1398,.T.);
#1396=VERTEX_POINT('',#1397);
#1397=CARTESIAN_POINT('',(-8.89,-2.07,1.6));
#1398=LINE('',#1399,#230);
#1399=CARTESIAN_POINT('',(-6.055,-2.07,1.6));
#1400=ORIENTED_EDGE('',*,*,#1401,.F.);
#1401=EDGE_CURVE('',#1402,#1396,#1404,.T.);
#1402=VERTEX_POINT('',#1403);
#1403=CARTESIAN_POINT('',(-8.89,-0.47,1.6));
#1404=CIRCLE('',#1405,0.8);
#1405=AXIS2_PLACEMENT_3D('',#1406,#287,#241);
#1406=CARTESIAN_POINT('',(-8.89,-1.27,1.6));
#1407=ORIENTED_EDGE('',*,*,#1408,.T.);
#1408=EDGE_CURVE('',#1402,#1409,#1411,.T.);
#1409=VERTEX_POINT('',#1410);
#1410=CARTESIAN_POINT('',(-10.5,-0.47,1.6));
#1411=LINE('',#1412,#318);
#1412=CARTESIAN_POINT('',(-4.445,-0.47,1.6));
#1413=ORIENTED_EDGE('',*,*,#1414,.T.);
#1414=EDGE_CURVE('',#1409,#1415,#260,.T.);
#1415=VERTEX_POINT('',#1416);
#1416=CARTESIAN_POINT('',(-10.5,0.47,1.6));
#1417=ORIENTED_EDGE('',*,*,#1418,.T.);
#1418=EDGE_CURVE('',#1415,#1419,#1421,.T.);
#1419=VERTEX_POINT('',#1420);
#1420=CARTESIAN_POINT('',(-8.89,0.47,1.6));
#1421=LINE('',#1422,#230);
#1422=CARTESIAN_POINT('',(-6.055,0.47,1.6));
#1423=ORIENTED_EDGE('',*,*,#1424,.F.);
#1424=EDGE_CURVE('',#1425,#1419,#1427,.T.);
#1425=VERTEX_POINT('',#1426);
#1426=CARTESIAN_POINT('',(-8.89,2.07,1.6));
#1427=CIRCLE('',#1428,0.8);
#1428=AXIS2_PLACEMENT_3D('',#1429,#287,#241);
#1429=CARTESIAN_POINT('',(-8.89,1.27,1.6));
#1430=ORIENTED_EDGE('',*,*,#1431,.T.);
#1431=EDGE_CURVE('',#1425,#1432,#1434,.T.);
#1432=VERTEX_POINT('',#1433);
#1433=CARTESIAN_POINT('',(-10.5,2.07,1.6));
#1434=LINE('',#1435,#318);
#1435=CARTESIAN_POINT('',(-4.445,2.07,1.6));
#1436=ORIENTED_EDGE('',*,*,#1437,.T.);
#1437=EDGE_CURVE('',#1432,#1438,#260,.T.);
#1438=VERTEX_POINT('',#1439);
#1439=CARTESIAN_POINT('',(-10.5,3.01,1.6));
#1440=ORIENTED_EDGE('',*,*,#1441,.T.);
#1441=EDGE_CURVE('',#1438,#1442,#1444,.T.);
#1442=VERTEX_POINT('',#1443);
#1443=CARTESIAN_POINT('',(-8.89,3.01,1.6));
#1444=LINE('',#1445,#230);
#1445=CARTESIAN_POINT('',(-6.055,3.01,1.6));
#1446=ORIENTED_EDGE('',*,*,#1447,.F.);
#1447=EDGE_CURVE('',#1448,#1442,#1450,.T.);
#1448=VERTEX_POINT('',#1449);
#1449=CARTESIAN_POINT('',(-8.89,4.61,1.6));
#1450=CIRCLE('',#1451,0.8);
#1451=AXIS2_PLACEMENT_3D('',#1452,#287,#241);
#1452=CARTESIAN_POINT('',(-8.89,3.81,1.6));
#1453=ORIENTED_EDGE('',*,*,#1454,.T.);
#1454=EDGE_CURVE('',#1448,#1455,#1457,.T.);
#1455=VERTEX_POINT('',#1456);
#1456=CARTESIAN_POINT('',(-10.5,4.61,1.6));
#1457=LINE('',#1458,#318);
#1458=CARTESIAN_POINT('',(-4.445,4.61,1.6));
#1459=ORIENTED_EDGE('',*,*,#1460,.T.);
#1460=EDGE_CURVE('',#1455,#1461,#260,.T.);
#1461=VERTEX_POINT('',#1462);
#1462=CARTESIAN_POINT('',(-10.5,5.55,1.6));
#1463=ORIENTED_EDGE('',*,*,#1464,.T.);
#1464=EDGE_CURVE('',#1461,#1465,#1467,.T.);
#1465=VERTEX_POINT('',#1466);
#1466=CARTESIAN_POINT('',(-8.89,5.55,1.6));
#1467=LINE('',#1468,#230);
#1468=CARTESIAN_POINT('',(-6.055,5.55,1.6));
#1469=ORIENTED_EDGE('',*,*,#1470,.F.);
#1470=EDGE_CURVE('',#1471,#1465,#1473,.T.);
#1471=VERTEX_POINT('',#1472);
#1472=CARTESIAN_POINT('',(-8.89,7.15,1.6));
#1473=CIRCLE('',#1474,0.8);
#1474=AXIS2_PLACEMENT_3D('',#1475,#287,#241);
#1475=CARTESIAN_POINT('',(-8.89,6.35,1.6));
#1476=ORIENTED_EDGE('',*,*,#1477,.T.);
#1477=EDGE_CURVE('',#1471,#1478,#1480,.T.);
#1478=VERTEX_POINT('',#1479);
#1479=CARTESIAN_POINT('',(-10.5,7.15,1.6));
#1480=LINE('',#1481,#318);
#1481=CARTESIAN_POINT('',(-4.445,7.15,1.6));
#1482=ORIENTED_EDGE('',*,*,#1483,.T.);
#1483=EDGE_CURVE('',#1478,#1484,#260,.T.);
#1484=VERTEX_POINT('',#1485);
#1485=CARTESIAN_POINT('',(-10.5,8.09,1.6));
#1486=ORIENTED_EDGE('',*,*,#1487,.T.);
#1487=EDGE_CURVE('',#1484,#1488,#1490,.T.);
#1488=VERTEX_POINT('',#1489);
#1489=CARTESIAN_POINT('',(-8.89,8.09,1.6));
#1490=LINE('',#1491,#230);
#1491=CARTESIAN_POINT('',(-6.055,8.09,1.6));
#1492=ORIENTED_EDGE('',*,*,#1493,.F.);
#1493=EDGE_CURVE('',#1494,#1488,#1496,.T.);
#1494=VERTEX_POINT('',#1495);
#1495=CARTESIAN_POINT('',(-8.89,9.69,1.6));
#1496=CIRCLE('',#1497,0.8);
#1497=AXIS2_PLACEMENT_3D('',#1498,#287,#241);
#1498=CARTESIAN_POINT('',(-8.89,8.89,1.6));
#1499=ORIENTED_EDGE('',*,*,#1500,.T.);
#1500=EDGE_CURVE('',#1494,#1501,#1503,.T.);
#1501=VERTEX_POINT('',#1502);
#1502=CARTESIAN_POINT('',(-10.5,9.69,1.6));
#1503=LINE('',#1504,#318);
#1504=CARTESIAN_POINT('',(-4.445,9.69,1.6));
#1505=ORIENTED_EDGE('',*,*,#1506,.T.);
#1506=EDGE_CURVE('',#1501,#1507,#260,.T.);
#1507=VERTEX_POINT('',#1508);
#1508=CARTESIAN_POINT('',(-10.5,10.63,1.6));
#1509=ORIENTED_EDGE('',*,*,#1510,.T.);
#1510=EDGE_CURVE('',#1507,#1511,#1513,.T.);
#1511=VERTEX_POINT('',#1512);
#1512=CARTESIAN_POINT('',(-8.89,10.63,1.6));
#1513=LINE('',#1514,#230);
#1514=CARTESIAN_POINT('',(-6.055,10.63,1.6));
#1515=ORIENTED_EDGE('',*,*,#1516,.F.);
#1516=EDGE_CURVE('',#1517,#1511,#1519,.T.);
#1517=VERTEX_POINT('',#1518);
#1518=CARTESIAN_POINT('',(-8.89,12.23,1.6));
#1519=CIRCLE('',#1520,0.8);
#1520=AXIS2_PLACEMENT_3D('',#1521,#287,#241);
#1521=CARTESIAN_POINT('',(-8.89,11.43,1.6));
#1522=ORIENTED_EDGE('',*,*,#1523,.T.);
#1523=EDGE_CURVE('',#1517,#1524,#1526,.T.);
#1524=VERTEX_POINT('',#1525);
#1525=CARTESIAN_POINT('',(-10.5,12.23,1.6));
#1526=LINE('',#1527,#318);
#1527=CARTESIAN_POINT('',(-4.445,12.23,1.6));
#1528=ORIENTED_EDGE('',*,*,#1529,.T.);
#1529=EDGE_CURVE('',#1524,#1530,#260,.T.);
#1530=VERTEX_POINT('',#1531);
#1531=CARTESIAN_POINT('',(-10.5,13.17,1.6));
#1532=ORIENTED_EDGE('',*,*,#1533,.T.);
#1533=EDGE_CURVE('',#1530,#1534,#1536,.T.);
#1534=VERTEX_POINT('',#1535);
#1535=CARTESIAN_POINT('',(-8.89,13.17,1.6));
#1536=LINE('',#1537,#230);
#1537=CARTESIAN_POINT('',(-6.055,13.17,1.6));
#1538=ORIENTED_EDGE('',*,*,#1539,.F.);
#1539=EDGE_CURVE('',#1540,#1534,#1542,.T.);
#1540=VERTEX_POINT('',#1541);
#1541=CARTESIAN_POINT('',(-8.89,14.77,1.6));
#1542=CIRCLE('',#1543,0.8);
#1543=AXIS2_PLACEMENT_3D('',#1544,#287,#241);
#1544=CARTESIAN_POINT('',(-8.89,13.97,1.6));
#1545=ORIENTED_EDGE('',*,*,#1546,.T.);
#1546=EDGE_CURVE('',#1540,#1547,#1549,.T.);
#1547=VERTEX_POINT('',#1548);
#1548=CARTESIAN_POINT('',(-10.5,14.77,1.6));
#1549=LINE('',#1550,#318);
#1550=CARTESIAN_POINT('',(-4.445,14.77,1.6));
#1551=ORIENTED_EDGE('',*,*,#1552,.T.);
#1552=EDGE_CURVE('',#1547,#1553,#260,.T.);
#1553=VERTEX_POINT('',#1554);
#1554=CARTESIAN_POINT('',(-10.5,15.71,1.6));
#1555=ORIENTED_EDGE('',*,*,#1556,.T.);
#1556=EDGE_CURVE('',#1553,#1557,#1559,.T.);
#1557=VERTEX_POINT('',#1558);
#1558=CARTESIAN_POINT('',(-8.89,15.71,1.6));
#1559=LINE('',#1560,#230);
#1560=CARTESIAN_POINT('',(-6.055,15.71,1.6));
#1561=ORIENTED_EDGE('',*,*,#1562,.F.);
#1562=EDGE_CURVE('',#1563,#1557,#1565,.T.);
#1563=VERTEX_POINT('',#1564);
#1564=CARTESIAN_POINT('',(-8.89,17.31,1.6));
#1565=CIRCLE('',#1566,0.8);
#1566=AXIS2_PLACEMENT_3D('',#1567,#287,#241);
#1567=CARTESIAN_POINT('',(-8.89,16.51,1.6));
#1568=ORIENTED_EDGE('',*,*,#1569,.T.);
#1569=EDGE_CURVE('',#1563,#1570,#1572,.T.);
#1570=VERTEX_POINT('',#1571);
#1571=CARTESIAN_POINT('',(-10.5,17.31,1.6));
#1572=LINE('',#1573,#318);
#1573=CARTESIAN_POINT('',(-4.445,17.31,1.6));
#1574=ORIENTED_EDGE('',*,*,#1575,.T.);
#1575=EDGE_CURVE('',#1570,#1576,#260,.T.);
#1576=VERTEX_POINT('',#1577);
#1577=CARTESIAN_POINT('',(-10.5,18.25,1.6));
#1578=ORIENTED_EDGE('',*,*,#1579,.T.);
#1579=EDGE_CURVE('',#1576,#1580,#1582,.T.);
#1580=VERTEX_POINT('',#1581);
#1581=CARTESIAN_POINT('',(-8.89,18.25,1.6));
#1582=LINE('',#1583,#230);
#1583=CARTESIAN_POINT('',(-6.055,18.25,1.6));
#1584=ORIENTED_EDGE('',*,*,#1585,.F.);
#1585=EDGE_CURVE('',#1586,#1580,#1588,.T.);
#1586=VERTEX_POINT('',#1587);
#1587=CARTESIAN_POINT('',(-8.89,19.85,1.6));
#1588=CIRCLE('',#1589,0.8);
#1589=AXIS2_PLACEMENT_3D('',#1590,#287,#241);
#1590=CARTESIAN_POINT('',(-8.89,19.05,1.6));
#1591=ORIENTED_EDGE('',*,*,#1592,.T.);
#1592=EDGE_CURVE('',#1586,#1593,#1595,.T.);
#1593=VERTEX_POINT('',#1594);
#1594=CARTESIAN_POINT('',(-10.5,19.85,1.6));
#1595=LINE('',#1596,#318);
#1596=CARTESIAN_POINT('',(-4.445,19.85,1.6));
#1597=ORIENTED_EDGE('',*,*,#1598,.T.);
#1598=EDGE_CURVE('',#1593,#1599,#260,.T.);
#1599=VERTEX_POINT('',#1600);
#1600=CARTESIAN_POINT('',(-10.5,20.79,1.6));
#1601=ORIENTED_EDGE('',*,*,#1602,.T.);
#1602=EDGE_CURVE('',#1599,#1603,#1605,.T.);
#1603=VERTEX_POINT('',#1604);
#1604=CARTESIAN_POINT('',(-8.89,20.79,1.6));
#1605=LINE('',#1606,#230);
#1606=CARTESIAN_POINT('',(-6.055,20.79,1.6));
#1607=ORIENTED_EDGE('',*,*,#1608,.F.);
#1608=EDGE_CURVE('',#1609,#1603,#1611,.T.);
#1609=VERTEX_POINT('',#1610);
#1610=CARTESIAN_POINT('',(-8.89,22.39,1.6));
#1611=CIRCLE('',#1612,0.8);
#1612=AXIS2_PLACEMENT_3D('',#1613,#287,#241);
#1613=CARTESIAN_POINT('',(-8.89,21.59,1.6));
#1614=ORIENTED_EDGE('',*,*,#1615,.T.);
#1615=EDGE_CURVE('',#1609,#1616,#1618,.T.);
#1616=VERTEX_POINT('',#1617);
#1617=CARTESIAN_POINT('',(-10.5,22.39,1.6));
#1618=LINE('',#1619,#318);
#1619=CARTESIAN_POINT('',(-4.445,22.39,1.6));
#1620=ORIENTED_EDGE('',*,*,#1621,.T.);
#1621=EDGE_CURVE('',#1616,#1622,#260,.T.);
#1622=VERTEX_POINT('',#1623);
#1623=CARTESIAN_POINT('',(-10.5,23.33,1.6));
#1624=ORIENTED_EDGE('',*,*,#1625,.T.);
#1625=EDGE_CURVE('',#1622,#1626,#1628,.T.);
#1626=VERTEX_POINT('',#1627);
#1627=CARTESIAN_POINT('',(-8.89,23.33,1.6));
#1628=LINE('',#1629,#230);
#1629=CARTESIAN_POINT('',(-6.055,23.33,1.6));
#1630=ORIENTED_EDGE('',*,*,#1631,.F.);
#1631=EDGE_CURVE('',#1632,#1626,#1634,.T.);
#1632=VERTEX_POINT('',#1633);
#1633=CARTESIAN_POINT('',(-8.89,24.93,1.6));
#1634=CIRCLE('',#1635,0.8);
#1635=AXIS2_PLACEMENT_3D('',#1636,#287,#241);
#1636=CARTESIAN_POINT('',(-8.89,24.13,1.6));
#1637=ORIENTED_EDGE('',*,*,#1638,.T.);
#1638=EDGE_CURVE('',#1632,#254,#1639,.T.);
#1639=LINE('',#1640,#318);
#1640=CARTESIAN_POINT('',(-4.445,24.93,1.6));
#1641=ORIENTED_EDGE('',*,*,#1642,.T.);
#1642=EDGE_CURVE('',#279,#1643,#1645,.T.);
#1643=VERTEX_POINT('',#1644);
#1644=CARTESIAN_POINT('',(8.89,24.93,1.6));
#1645=LINE('',#1646,#318);
#1646=CARTESIAN_POINT('',(6.055,24.93,1.6));
#1647=ORIENTED_EDGE('',*,*,#1648,.F.);
#1648=EDGE_CURVE('',#1649,#1643,#1651,.T.);
#1649=VERTEX_POINT('',#1650);
#1650=CARTESIAN_POINT('',(8.89,23.33,1.6));
#1651=CIRCLE('',#1652,0.8);
#1652=AXIS2_PLACEMENT_3D('',#1653,#287,#275);
#1653=CARTESIAN_POINT('',(8.89,24.13,1.6));
#1654=ORIENTED_EDGE('',*,*,#1655,.T.);
#1655=EDGE_CURVE('',#1649,#1656,#1658,.T.);
#1656=VERTEX_POINT('',#1657);
#1657=CARTESIAN_POINT('',(10.5,23.33,1.6));
#1658=LINE('',#1659,#230);
#1659=CARTESIAN_POINT('',(4.445,23.33,1.6));
#1660=ORIENTED_EDGE('',*,*,#1661,.T.);
#1661=EDGE_CURVE('',#1656,#1662,#281,.T.);
#1662=VERTEX_POINT('',#1663);
#1663=CARTESIAN_POINT('',(10.5,22.39,1.6));
#1664=ORIENTED_EDGE('',*,*,#1665,.T.);
#1665=EDGE_CURVE('',#1662,#1666,#1668,.T.);
#1666=VERTEX_POINT('',#1667);
#1667=CARTESIAN_POINT('',(8.89,22.39,1.6));
#1668=LINE('',#1669,#318);
#1669=CARTESIAN_POINT('',(6.055,22.39,1.6));
#1670=ORIENTED_EDGE('',*,*,#1671,.F.);
#1671=EDGE_CURVE('',#1672,#1666,#1674,.T.);
#1672=VERTEX_POINT('',#1673);
#1673=CARTESIAN_POINT('',(8.89,20.79,1.6));
#1674=CIRCLE('',#1675,0.8);
#1675=AXIS2_PLACEMENT_3D('',#1676,#287,#275);
#1676=CARTESIAN_POINT('',(8.89,21.59,1.6));
#1677=ORIENTED_EDGE('',*,*,#1678,.T.);
#1678=EDGE_CURVE('',#1672,#1679,#1681,.T.);
#1679=VERTEX_POINT('',#1680);
#1680=CARTESIAN_POINT('',(10.5,20.79,1.6));
#1681=LINE('',#1682,#230);
#1682=CARTESIAN_POINT('',(4.445,20.79,1.6));
#1683=ORIENTED_EDGE('',*,*,#1684,.T.);
#1684=EDGE_CURVE('',#1679,#1685,#281,.T.);
#1685=VERTEX_POINT('',#1686);
#1686=CARTESIAN_POINT('',(10.5,19.85,1.6));
#1687=ORIENTED_EDGE('',*,*,#1688,.T.);
#1688=EDGE_CURVE('',#1685,#1689,#1691,.T.);
#1689=VERTEX_POINT('',#1690);
#1690=CARTESIAN_POINT('',(8.89,19.85,1.6));
#1691=LINE('',#1692,#318);
#1692=CARTESIAN_POINT('',(6.055,19.85,1.6));
#1693=ORIENTED_EDGE('',*,*,#1694,.F.);
#1694=EDGE_CURVE('',#1695,#1689,#1697,.T.);
#1695=VERTEX_POINT('',#1696);
#1696=CARTESIAN_POINT('',(8.89,18.25,1.6));
#1697=CIRCLE('',#1698,0.8);
#1698=AXIS2_PLACEMENT_3D('',#1699,#287,#275);
#1699=CARTESIAN_POINT('',(8.89,19.05,1.6));
#1700=ORIENTED_EDGE('',*,*,#1701,.T.);
#1701=EDGE_CURVE('',#1695,#1702,#1704,.T.);
#1702=VERTEX_POINT('',#1703);
#1703=CARTESIAN_POINT('',(10.5,18.25,1.6));
#1704=LINE('',#1705,#230);
#1705=CARTESIAN_POINT('',(4.445,18.25,1.6));
#1706=ORIENTED_EDGE('',*,*,#1707,.T.);
#1707=EDGE_CURVE('',#1702,#1708,#281,.T.);
#1708=VERTEX_POINT('',#1709);
#1709=CARTESIAN_POINT('',(10.5,17.31,1.6));
#1710=ORIENTED_EDGE('',*,*,#1711,.T.);
#1711=EDGE_CURVE('',#1708,#1712,#1714,.T.);
#1712=VERTEX_POINT('',#1713);
#1713=CARTESIAN_POINT('',(8.89,17.31,1.6));
#1714=LINE('',#1715,#318);
#1715=CARTESIAN_POINT('',(6.055,17.31,1.6));
#1716=ORIENTED_EDGE('',*,*,#1717,.F.);
#1717=EDGE_CURVE('',#1718,#1712,#1720,.T.);
#1718=VERTEX_POINT('',#1719);
#1719=CARTESIAN_POINT('',(8.89,15.71,1.6));
#1720=CIRCLE('',#1721,0.8);
#1721=AXIS2_PLACEMENT_3D('',#1722,#287,#275);
#1722=CARTESIAN_POINT('',(8.89,16.51,1.6));
#1723=ORIENTED_EDGE('',*,*,#1724,.T.);
#1724=EDGE_CURVE('',#1718,#1725,#1727,.T.);
#1725=VERTEX_POINT('',#1726);
#1726=CARTESIAN_POINT('',(10.5,15.71,1.6));
#1727=LINE('',#1728,#230);
#1728=CARTESIAN_POINT('',(4.445,15.71,1.6));
#1729=ORIENTED_EDGE('',*,*,#1730,.T.);
#1730=EDGE_CURVE('',#1725,#1731,#281,.T.);
#1731=VERTEX_POINT('',#1732);
#1732=CARTESIAN_POINT('',(10.5,14.77,1.6));
#1733=ORIENTED_EDGE('',*,*,#1734,.T.);
#1734=EDGE_CURVE('',#1731,#1735,#1737,.T.);
#1735=VERTEX_POINT('',#1736);
#1736=CARTESIAN_POINT('',(8.89,14.77,1.6));
#1737=LINE('',#1738,#318);
#1738=CARTESIAN_POINT('',(6.055,14.77,1.6));
#1739=ORIENTED_EDGE('',*,*,#1740,.F.);
#1740=EDGE_CURVE('',#1741,#1735,#1743,.T.);
#1741=VERTEX_POINT('',#1742);
#1742=CARTESIAN_POINT('',(8.89,13.17,1.6));
#1743=CIRCLE('',#1744,0.8);
#1744=AXIS2_PLACEMENT_3D('',#1745,#287,#275);
#1745=CARTESIAN_POINT('',(8.89,13.97,1.6));
#1746=ORIENTED_EDGE('',*,*,#1747,.T.);
#1747=EDGE_CURVE('',#1741,#1748,#1750,.T.);
#1748=VERTEX_POINT('',#1749);
#1749=CARTESIAN_POINT('',(10.5,13.17,1.6));
#1750=LINE('',#1751,#230);
#1751=CARTESIAN_POINT('',(4.445,13.17,1.6));
#1752=ORIENTED_EDGE('',*,*,#1753,.T.);
#1753=EDGE_CURVE('',#1748,#1754,#281,.T.);
#1754=VERTEX_POINT('',#1755);
#1755=CARTESIAN_POINT('',(10.5,12.23,1.6));
#1756=ORIENTED_EDGE('',*,*,#1757,.T.);
#1757=EDGE_CURVE('',#1754,#1758,#1760,.T.);
#1758=VERTEX_POINT('',#1759);
#1759=CARTESIAN_POINT('',(8.89,12.23,1.6));
#1760=LINE('',#1761,#318);
#1761=CARTESIAN_POINT('',(6.055,12.23,1.6));
#1762=ORIENTED_EDGE('',*,*,#1763,.F.);
#1763=EDGE_CURVE('',#1764,#1758,#1766,.T.);
#1764=VERTEX_POINT('',#1765);
#1765=CARTESIAN_POINT('',(8.89,10.63,1.6));
#1766=CIRCLE('',#1767,0.8);
#1767=AXIS2_PLACEMENT_3D('',#1768,#287,#275);
#1768=CARTESIAN_POINT('',(8.89,11.43,1.6));
#1769=ORIENTED_EDGE('',*,*,#1770,.T.);
#1770=EDGE_CURVE('',#1764,#1771,#1773,.T.);
#1771=VERTEX_POINT('',#1772);
#1772=CARTESIAN_POINT('',(10.5,10.63,1.6));
#1773=LINE('',#1774,#230);
#1774=CARTESIAN_POINT('',(4.445,10.63,1.6));
#1775=ORIENTED_EDGE('',*,*,#1776,.T.);
#1776=EDGE_CURVE('',#1771,#1777,#281,.T.);
#1777=VERTEX_POINT('',#1778);
#1778=CARTESIAN_POINT('',(10.5,9.69,1.6));
#1779=ORIENTED_EDGE('',*,*,#1780,.T.);
#1780=EDGE_CURVE('',#1777,#1781,#1783,.T.);
#1781=VERTEX_POINT('',#1782);
#1782=CARTESIAN_POINT('',(8.89,9.69,1.6));
#1783=LINE('',#1784,#318);
#1784=CARTESIAN_POINT('',(6.055,9.69,1.6));
#1785=ORIENTED_EDGE('',*,*,#1786,.F.);
#1786=EDGE_CURVE('',#1787,#1781,#1789,.T.);
#1787=VERTEX_POINT('',#1788);
#1788=CARTESIAN_POINT('',(8.89,8.09,1.6));
#1789=CIRCLE('',#1790,0.8);
#1790=AXIS2_PLACEMENT_3D('',#1791,#287,#275);
#1791=CARTESIAN_POINT('',(8.89,8.89,1.6));
#1792=ORIENTED_EDGE('',*,*,#1793,.T.);
#1793=EDGE_CURVE('',#1787,#1794,#1796,.T.);
#1794=VERTEX_POINT('',#1795);
#1795=CARTESIAN_POINT('',(10.5,8.09,1.6));
#1796=LINE('',#1797,#230);
#1797=CARTESIAN_POINT('',(4.445,8.09,1.6));
#1798=ORIENTED_EDGE('',*,*,#1799,.T.);
#1799=EDGE_CURVE('',#1794,#1800,#281,.T.);
#1800=VERTEX_POINT('',#1801);
#1801=CARTESIAN_POINT('',(10.5,7.15,1.6));
#1802=ORIENTED_EDGE('',*,*,#1803,.T.);
#1803=EDGE_CURVE('',#1800,#1804,#1806,.T.);
#1804=VERTEX_POINT('',#1805);
#1805=CARTESIAN_POINT('',(8.89,7.15,1.6));
#1806=LINE('',#1807,#318);
#1807=CARTESIAN_POINT('',(6.055,7.15,1.6));
#1808=ORIENTED_EDGE('',*,*,#1809,.F.);
#1809=EDGE_CURVE('',#1810,#1804,#1812,.T.);
#1810=VERTEX_POINT('',#1811);
#1811=CARTESIAN_POINT('',(8.89,5.55,1.6));
#1812=CIRCLE('',#1813,0.8);
#1813=AXIS2_PLACEMENT_3D('',#1814,#287,#275);
#1814=CARTESIAN_POINT('',(8.89,6.35,1.6));
#1815=ORIENTED_EDGE('',*,*,#1816,.T.);
#1816=EDGE_CURVE('',#1810,#1817,#1819,.T.);
#1817=VERTEX_POINT('',#1818);
#1818=CARTESIAN_POINT('',(10.5,5.55,1.6));
#1819=LINE('',#1820,#230);
#1820=CARTESIAN_POINT('',(4.445,5.55,1.6));
#1821=ORIENTED_EDGE('',*,*,#1822,.T.);
#1822=EDGE_CURVE('',#1817,#1823,#281,.T.);
#1823=VERTEX_POINT('',#1824);
#1824=CARTESIAN_POINT('',(10.5,4.61,1.6));
#1825=ORIENTED_EDGE('',*,*,#1826,.T.);
#1826=EDGE_CURVE('',#1823,#1827,#1829,.T.);
#1827=VERTEX_POINT('',#1828);
#1828=CARTESIAN_POINT('',(8.89,4.61,1.6));
#1829=LINE('',#1830,#318);
#1830=CARTESIAN_POINT('',(6.055,4.61,1.6));
#1831=ORIENTED_EDGE('',*,*,#1832,.F.);
#1832=EDGE_CURVE('',#1833,#1827,#1835,.T.);
#1833=VERTEX_POINT('',#1834);
#1834=CARTESIAN_POINT('',(8.89,3.01,1.6));
#1835=CIRCLE('',#1836,0.8);
#1836=AXIS2_PLACEMENT_3D('',#1837,#287,#275);
#1837=CARTESIAN_POINT('',(8.89,3.81,1.6));
#1838=ORIENTED_EDGE('',*,*,#1839,.T.);
#1839=EDGE_CURVE('',#1833,#1840,#1842,.T.);
#1840=VERTEX_POINT('',#1841);
#1841=CARTESIAN_POINT('',(10.5,3.01,1.6));
#1842=LINE('',#1843,#230);
#1843=CARTESIAN_POINT('',(4.445,3.01,1.6));
#1844=ORIENTED_EDGE('',*,*,#1845,.T.);
#1845=EDGE_CURVE('',#1840,#1846,#281,.T.);
#1846=VERTEX_POINT('',#1847);
#1847=CARTESIAN_POINT('',(10.5,2.07,1.6));
#1848=ORIENTED_EDGE('',*,*,#1849,.T.);
#1849=EDGE_CURVE('',#1846,#1850,#1852,.T.);
#1850=VERTEX_POINT('',#1851);
#1851=CARTESIAN_POINT('',(8.89,2.07,1.6));
#1852=LINE('',#1853,#318);
#1853=CARTESIAN_POINT('',(6.055,2.07,1.6));
#1854=ORIENTED_EDGE('',*,*,#1855,.F.);
#1855=EDGE_CURVE('',#1856,#1850,#1858,.T.);
#1856=VERTEX_POINT('',#1857);
#1857=CARTESIAN_POINT('',(8.89,0.47,1.6));
#1858=CIRCLE('',#1859,0.8);
#1859=AXIS2_PLACEMENT_3D('',#1860,#287,#275);
#1860=CARTESIAN_POINT('',(8.89,1.27,1.6));
#1861=ORIENTED_EDGE('',*,*,#1862,.T.);
#1862=EDGE_CURVE('',#1856,#1863,#1865,.T.);
#1863=VERTEX_POINT('',#1864);
#1864=CARTESIAN_POINT('',(10.5,0.47,1.6));
#1865=LINE('',#1866,#230);
#1866=CARTESIAN_POINT('',(4.445,0.47,1.6));
#1867=ORIENTED_EDGE('',*,*,#1868,.T.);
#1868=EDGE_CURVE('',#1863,#1869,#281,.T.);
#1869=VERTEX_POINT('',#1870);
#1870=CARTESIAN_POINT('',(10.5,-0.47,1.6));
#1871=ORIENTED_EDGE('',*,*,#1872,.T.);
#1872=EDGE_CURVE('',#1869,#1873,#1875,.T.);
#1873=VERTEX_POINT('',#1874);
#1874=CARTESIAN_POINT('',(8.89,-0.47,1.6));
#1875=LINE('',#1876,#318);
#1876=CARTESIAN_POINT('',(6.055,-0.47,1.6));
#1877=ORIENTED_EDGE('',*,*,#1878,.F.);
#1878=EDGE_CURVE('',#1879,#1873,#1881,.T.);
#1879=VERTEX_POINT('',#1880);
#1880=CARTESIAN_POINT('',(8.89,-2.07,1.6));
#1881=CIRCLE('',#1882,0.8);
#1882=AXIS2_PLACEMENT_3D('',#1883,#287,#275);
#1883=CARTESIAN_POINT('',(8.89,-1.27,1.6));
#1884=ORIENTED_EDGE('',*,*,#1885,.T.);
#1885=EDGE_CURVE('',#1879,#1886,#1888,.T.);
#1886=VERTEX_POINT('',#1887);
#1887=CARTESIAN_POINT('',(10.5,-2.07,1.6));
#1888=LINE('',#1889,#230);
#1889=CARTESIAN_POINT('',(4.445,-2.07,1.6));
#1890=ORIENTED_EDGE('',*,*,#1891,.T.);
#1891=EDGE_CURVE('',#1886,#1892,#281,.T.);
#1892=VERTEX_POINT('',#1893);
#1893=CARTESIAN_POINT('',(10.5,-3.01,1.6));
#1894=ORIENTED_EDGE('',*,*,#1895,.T.);
#1895=EDGE_CURVE('',#1892,#1896,#1898,.T.);
#1896=VERTEX_POINT('',#1897);
#1897=CARTESIAN_POINT('',(8.89,-3.01,1.6));
#1898=LINE('',#1899,#318);
#1899=CARTESIAN_POINT('',(6.055,-3.01,1.6));
#1900=ORIENTED_EDGE('',*,*,#1901,.F.);
#1901=EDGE_CURVE('',#1902,#1896,#1904,.T.);
#1902=VERTEX_POINT('',#1903);
#1903=CARTESIAN_POINT('',(8.89,-4.61,1.6));
#1904=CIRCLE('',#1905,0.8);
#1905=AXIS2_PLACEMENT_3D('',#1906,#287,#275);
#1906=CARTESIAN_POINT('',(8.89,-3.81,1.6));
#1907=ORIENTED_EDGE('',*,*,#1908,.T.);
#1908=EDGE_CURVE('',#1902,#1909,#1911,.T.);
#1909=VERTEX_POINT('',#1910);
#1910=CARTESIAN_POINT('',(10.5,-4.61,1.6));
#1911=LINE('',#1912,#230);
#1912=CARTESIAN_POINT('',(4.445,-4.61,1.6));
#1913=ORIENTED_EDGE('',*,*,#1914,.T.);
#1914=EDGE_CURVE('',#1909,#1915,#281,.T.);
#1915=VERTEX_POINT('',#1916);
#1916=CARTESIAN_POINT('',(10.5,-5.55,1.6));
#1917=ORIENTED_EDGE('',*,*,#1918,.T.);
#1918=EDGE_CURVE('',#1915,#1919,#1921,.T.);
#1919=VERTEX_POINT('',#1920);
#1920=CARTESIAN_POINT('',(8.89,-5.55,1.6));
#1921=LINE('',#1922,#318);
#1922=CARTESIAN_POINT('',(6.055,-5.55,1.6));
#1923=ORIENTED_EDGE('',*,*,#1924,.F.);
#1924=EDGE_CURVE('',#1925,#1919,#1927,.T.);
#1925=VERTEX_POINT('',#1926);
#1926=CARTESIAN_POINT('',(8.89,-7.15,1.6));
#1927=CIRCLE('',#1928,0.8);
#1928=AXIS2_PLACEMENT_3D('',#1929,#287,#275);
#1929=CARTESIAN_POINT('',(8.89,-6.35,1.6));
#1930=ORIENTED_EDGE('',*,*,#1931,.T.);
#1931=EDGE_CURVE('',#1925,#1932,#1934,.T.);
#1932=VERTEX_POINT('',#1933);
#1933=CARTESIAN_POINT('',(10.5,-7.15,1.6));
#1934=LINE('',#1935,#230);
#1935=CARTESIAN_POINT('',(4.445,-7.15,1.6));
#1936=ORIENTED_EDGE('',*,*,#1937,.T.);
#1937=EDGE_CURVE('',#1932,#1938,#281,.T.);
#1938=VERTEX_POINT('',#1939);
#1939=CARTESIAN_POINT('',(10.5,-8.09,1.6));
#1940=ORIENTED_EDGE('',*,*,#1941,.T.);
#1941=EDGE_CURVE('',#1938,#1942,#1944,.T.);
#1942=VERTEX_POINT('',#1943);
#1943=CARTESIAN_POINT('',(8.89,-8.09,1.6));
#1944=LINE('',#1945,#318);
#1945=CARTESIAN_POINT('',(6.055,-8.09,1.6));
#1946=ORIENTED_EDGE('',*,*,#1947,.F.);
#1947=EDGE_CURVE('',#1948,#1942,#1950,.T.);
#1948=VERTEX_POINT('',#1949);
#1949=CARTESIAN_POINT('',(8.89,-9.69,1.6));
#1950=CIRCLE('',#1951,0.8);
#1951=AXIS2_PLACEMENT_3D('',#1952,#287,#275);
#1952=CARTESIAN_POINT('',(8.89,-8.89,1.6));
#1953=ORIENTED_EDGE('',*,*,#1954,.T.);
#1954=EDGE_CURVE('',#1948,#1955,#1957,.T.);
#1955=VERTEX_POINT('',#1956);
#1956=CARTESIAN_POINT('',(10.5,-9.69,1.6));
#1957=LINE('',#1958,#230);
#1958=CARTESIAN_POINT('',(4.445,-9.69,1.6));
#1959=ORIENTED_EDGE('',*,*,#1960,.T.);
#1960=EDGE_CURVE('',#1955,#1961,#281,.T.);
#1961=VERTEX_POINT('',#1962);
#1962=CARTESIAN_POINT('',(10.5,-10.63,1.6));
#1963=ORIENTED_EDGE('',*,*,#1964,.T.);
#1964=EDGE_CURVE('',#1961,#1965,#1967,.T.);
#1965=VERTEX_POINT('',#1966);
#1966=CARTESIAN_POINT('',(8.89,-10.63,1.6));
#1967=LINE('',#1968,#318);
#1968=CARTESIAN_POINT('',(6.055,-10.63,1.6));
#1969=ORIENTED_EDGE('',*,*,#1970,.F.);
#1970=EDGE_CURVE('',#1971,#1965,#1973,.T.);
#1971=VERTEX_POINT('',#1972);
#1972=CARTESIAN_POINT('',(8.89,-12.23,1.6));
#1973=CIRCLE('',#1974,0.8);
#1974=AXIS2_PLACEMENT_3D('',#1975,#287,#275);
#1975=CARTESIAN_POINT('',(8.89,-11.43,1.6));
#1976=ORIENTED_EDGE('',*,*,#1977,.T.);
#1977=EDGE_CURVE('',#1971,#1978,#1980,.T.);
#1978=VERTEX_POINT('',#1979);
#1979=CARTESIAN_POINT('',(10.5,-12.23,1.6));
#1980=LINE('',#1981,#230);
#1981=CARTESIAN_POINT('',(4.445,-12.23,1.6));
#1982=ORIENTED_EDGE('',*,*,#1983,.T.);
#1983=EDGE_CURVE('',#1978,#1984,#281,.T.);
#1984=VERTEX_POINT('',#1985);
#1985=CARTESIAN_POINT('',(10.5,-13.17,1.6));
#1986=ORIENTED_EDGE('',*,*,#1987,.T.);
#1987=EDGE_CURVE('',#1984,#1988,#1990,.T.);
#1988=VERTEX_POINT('',#1989);
#1989=CARTESIAN_POINT('',(8.89,-13.17,1.6));
#1990=LINE('',#1991,#318);
#1991=CARTESIAN_POINT('',(6.055,-13.17,1.6));
#1992=ORIENTED_EDGE('',*,*,#1993,.F.);
#1993=EDGE_CURVE('',#1994,#1988,#1996,.T.);
#1994=VERTEX_POINT('',#1995);
#1995=CARTESIAN_POINT('',(8.89,-14.77,1.6));
#1996=CIRCLE('',#1997,0.8);
#1997=AXIS2_PLACEMENT_3D('',#1998,#287,#275);
#1998=CARTESIAN_POINT('',(8.89,-13.97,1.6));
#1999=ORIENTED_EDGE('',*,*,#2000,.T.);
#2000=EDGE_CURVE('',#1994,#2001,#2003,.T.);
#2001=VERTEX_POINT('',#2002);
#2002=CARTESIAN_POINT('',(10.5,-14.77,1.6));
#2003=LINE('',#2004,#230);
#2004=CARTESIAN_POINT('',(4.445,-14.77,1.6));
#2005=ORIENTED_EDGE('',*,*,#2006,.T.);
#2006=EDGE_CURVE('',#2001,#2007,#281,.T.);
#2007=VERTEX_POINT('',#2008);
#2008=CARTESIAN_POINT('',(10.5,-15.71,1.6));
#2009=ORIENTED_EDGE('',*,*,#2010,.T.);
#2010=EDGE_CURVE('',#2007,#2011,#2013,.T.);
#2011=VERTEX_POINT('',#2012);
#2012=CARTESIAN_POINT('',(8.89,-15.71,1.6));
#2013=LINE('',#2014,#318);
#2014=CARTESIAN_POINT('',(6.055,-15.71,1.6));
#2015=ORIENTED_EDGE('',*,*,#2016,.F.);
#2016=EDGE_CURVE('',#2017,#2011,#2019,.T.);
#2017=VERTEX_POINT('',#2018);
#2018=CARTESIAN_POINT('',(8.89,-17.31,1.6));
#2019=CIRCLE('',#2020,0.8);
#2020=AXIS2_PLACEMENT_3D('',#2021,#287,#275);
#2021=CARTESIAN_POINT('',(8.89,-16.51,1.6));
#2022=ORIENTED_EDGE('',*,*,#2023,.T.);
#2023=EDGE_CURVE('',#2017,#2024,#2026,.T.);
#2024=VERTEX_POINT('',#2025);
#2025=CARTESIAN_POINT('',(10.5,-17.31,1.6));
#2026=LINE('',#2027,#230);
#2027=CARTESIAN_POINT('',(4.445,-17.31,1.6));
#2028=ORIENTED_EDGE('',*,*,#2029,.T.);
#2029=EDGE_CURVE('',#2024,#2030,#281,.T.);
#2030=VERTEX_POINT('',#2031);
#2031=CARTESIAN_POINT('',(10.5,-18.25,1.6));
#2032=ORIENTED_EDGE('',*,*,#2033,.T.);
#2033=EDGE_CURVE('',#2030,#2034,#2036,.T.);
#2034=VERTEX_POINT('',#2035);
#2035=CARTESIAN_POINT('',(8.89,-18.25,1.6));
#2036=LINE('',#2037,#318);
#2037=CARTESIAN_POINT('',(6.055,-18.25,1.6));
#2038=ORIENTED_EDGE('',*,*,#2039,.F.);
#2039=EDGE_CURVE('',#2040,#2034,#2042,.T.);
#2040=VERTEX_POINT('',#2041);
#2041=CARTESIAN_POINT('',(8.89,-19.85,1.6));
#2042=CIRCLE('',#2043,0.8);
#2043=AXIS2_PLACEMENT_3D('',#2044,#287,#275);
#2044=CARTESIAN_POINT('',(8.89,-19.05,1.6));
#2045=ORIENTED_EDGE('',*,*,#2046,.T.);
#2046=EDGE_CURVE('',#2040,#2047,#2049,.T.);
#2047=VERTEX_POINT('',#2048);
#2048=CARTESIAN_POINT('',(10.5,-19.85,1.6));
#2049=LINE('',#2050,#230);
#2050=CARTESIAN_POINT('',(4.445,-19.85,1.6));
#2051=ORIENTED_EDGE('',*,*,#2052,.T.);
#2052=EDGE_CURVE('',#2047,#2053,#281,.T.);
#2053=VERTEX_POINT('',#2054);
#2054=CARTESIAN_POINT('',(10.5,-20.79,1.6));
#2055=ORIENTED_EDGE('',*,*,#2056,.T.);
#2056=EDGE_CURVE('',#2053,#2057,#2059,.T.);
#2057=VERTEX_POINT('',#2058);
#2058=CARTESIAN_POINT('',(8.89,-20.79,1.6));
#2059=LINE('',#2060,#318);
#2060=CARTESIAN_POINT('',(6.055,-20.79,1.6));
#2061=ORIENTED_EDGE('',*,*,#2062,.F.);
#2062=EDGE_CURVE('',#2063,#2057,#2065,.T.);
#2063=VERTEX_POINT('',#2064);
#2064=CARTESIAN_POINT('',(8.89,-22.39,1.6));
#2065=CIRCLE('',#2066,0.8);
#2066=AXIS2_PLACEMENT_3D('',#2067,#287,#275);
#2067=CARTESIAN_POINT('',(8.89,-21.59,1.6));
#2068=ORIENTED_EDGE('',*,*,#2069,.T.);
#2069=EDGE_CURVE('',#2063,#2070,#2072,.T.);
#2070=VERTEX_POINT('',#2071);
#2071=CARTESIAN_POINT('',(10.5,-22.39,1.6));
#2072=LINE('',#2073,#230);
#2073=CARTESIAN_POINT('',(4.445,-22.39,1.6));
#2074=ORIENTED_EDGE('',*,*,#2075,.T.);
#2075=EDGE_CURVE('',#2070,#2076,#281,.T.);
#2076=VERTEX_POINT('',#2077);
#2077=CARTESIAN_POINT('',(10.5,-23.33,1.6));
#2078=ORIENTED_EDGE('',*,*,#2079,.T.);
#2079=EDGE_CURVE('',#2076,#2080,#2082,.T.);
#2080=VERTEX_POINT('',#2081);
#2081=CARTESIAN_POINT('',(8.89,-23.33,1.6));
#2082=LINE('',#2083,#318);
#2083=CARTESIAN_POINT('',(6.055,-23.33,1.6));
#2084=ORIENTED_EDGE('',*,*,#2085,.F.);
#2085=EDGE_CURVE('',#2086,#2080,#2088,.T.);
#2086=VERTEX_POINT('',#2087);
#2087=CARTESIAN_POINT('',(8.89,-24.93,1.6));
#2088=CIRCLE('',#2089,0.8);
#2089=AXIS2_PLACEMENT_3D('',#2090,#287,#275);
#2090=CARTESIAN_POINT('',(8.89,-24.13,1.6));
#2091=ORIENTED_EDGE('',*,*,#2092,.T.);
#2092=EDGE_CURVE('',#2086,#2093,#2095,.T.);
#2093=VERTEX_POINT('',#2094);
#2094=CARTESIAN_POINT('',(10.5,-24.93,1.6));
#2095=LINE('',#2096,#230);
#2096=CARTESIAN_POINT('',(4.445,-24.93,1.6));
#2097=ORIENTED_EDGE('',*,*,#2098,.T.);
#2098=EDGE_CURVE('',#2093,#2099,#281,.T.);
#2099=VERTEX_POINT('',#2100);
#2100=CARTESIAN_POINT('',(10.5,-25.5,1.6));
#2101=ORIENTED_EDGE('',*,*,#2102,.T.);
#2102=EDGE_CURVE('',#2099,#2103,#2105,.T.);
#2103=VERTEX_POINT('',#2104);
#2104=CARTESIAN_POINT('',(3.34,-25.5,1.6));
#2105=LINE('',#2100,#318);
#2106=ORIENTED_EDGE('',*,*,#2107,.T.);
#2107=EDGE_CURVE('',#2103,#2108,#2110,.T.);
#2108=VERTEX_POINT('',#2109);
#2109=CARTESIAN_POINT('',(3.34,-23.89,1.6));
#2110=LINE('',#2111,#251);
#2111=CARTESIAN_POINT('',(3.34,-13.555,1.6));
#2112=ORIENTED_EDGE('',*,*,#2113,.F.);
#2113=EDGE_CURVE('',#2114,#2108,#2116,.T.);
#2114=VERTEX_POINT('',#2115);
#2115=CARTESIAN_POINT('',(1.74,-23.89,1.6));
#2116=CIRCLE('',#2117,0.8);
#2117=AXIS2_PLACEMENT_3D('',#2118,#287,#265);
#2118=CARTESIAN_POINT('',(2.54,-23.89,1.6));
#2119=ORIENTED_EDGE('',*,*,#2120,.T.);
#2120=EDGE_CURVE('',#2114,#2121,#2123,.T.);
#2121=VERTEX_POINT('',#2122);
#2122=CARTESIAN_POINT('',(1.74,-25.5,1.6));
#2123=LINE('',#2124,#274);
#2124=CARTESIAN_POINT('',(1.74,-11.945,1.6));
#2125=ORIENTED_EDGE('',*,*,#2126,.T.);
#2126=EDGE_CURVE('',#2121,#2127,#2105,.T.);
#2127=VERTEX_POINT('',#2128);
#2128=CARTESIAN_POINT('',(0.8,-25.5,1.6));
#2129=ORIENTED_EDGE('',*,*,#2130,.T.);
#2130=EDGE_CURVE('',#2127,#2131,#2133,.T.);
#2131=VERTEX_POINT('',#2132);
#2132=CARTESIAN_POINT('',(0.8,-23.89,1.6));
#2133=LINE('',#2134,#251);
#2134=CARTESIAN_POINT('',(0.8,-13.555,1.6));
#2135=ORIENTED_EDGE('',*,*,#2136,.F.);
#2136=EDGE_CURVE('',#2137,#2131,#2139,.T.);
#2137=VERTEX_POINT('',#2138);
#2138=CARTESIAN_POINT('',(-0.8,-23.89,1.6));
#2139=CIRCLE('',#2140,0.8);
#2140=AXIS2_PLACEMENT_3D('',#2141,#287,#265);
#2141=CARTESIAN_POINT('',(0.,-23.89,1.6));
#2142=ORIENTED_EDGE('',*,*,#2143,.T.);
#2143=EDGE_CURVE('',#2137,#2144,#2146,.T.);
#2144=VERTEX_POINT('',#2145);
#2145=CARTESIAN_POINT('',(-0.8,-25.5,1.6));
#2146=LINE('',#2147,#274);
#2147=CARTESIAN_POINT('',(-0.8,-11.945,1.6));
#2148=ORIENTED_EDGE('',*,*,#2149,.T.);
#2149=EDGE_CURVE('',#2144,#2150,#2105,.T.);
#2150=VERTEX_POINT('',#2151);
#2151=CARTESIAN_POINT('',(-1.74,-25.5,1.6));
#2152=ORIENTED_EDGE('',*,*,#2153,.T.);
#2153=EDGE_CURVE('',#2150,#2154,#2156,.T.);
#2154=VERTEX_POINT('',#2155);
#2155=CARTESIAN_POINT('',(-1.74,-23.89,1.6));
#2156=LINE('',#2157,#251);
#2157=CARTESIAN_POINT('',(-1.74,-13.555,1.6));
#2158=ORIENTED_EDGE('',*,*,#2159,.F.);
#2159=EDGE_CURVE('',#2160,#2154,#2162,.T.);
#2160=VERTEX_POINT('',#2161);
#2161=CARTESIAN_POINT('',(-3.34,-23.89,1.6));
#2162=CIRCLE('',#2163,0.8);
#2163=AXIS2_PLACEMENT_3D('',#2164,#287,#265);
#2164=CARTESIAN_POINT('',(-2.54,-23.89,1.6));
#2165=ORIENTED_EDGE('',*,*,#2166,.T.);
#2166=EDGE_CURVE('',#2160,#2167,#2169,.T.);
#2167=VERTEX_POINT('',#2168);
#2168=CARTESIAN_POINT('',(-3.34,-25.5,1.6));
#2169=LINE('',#2170,#274);
#2170=CARTESIAN_POINT('',(-3.34,-11.945,1.6));
#2171=ORIENTED_EDGE('',*,*,#2172,.T.);
#2172=EDGE_CURVE('',#2167,#2173,#2105,.T.);
#2173=VERTEX_POINT('',#261);
#2174=ORIENTED_EDGE('',*,*,#2175,.T.);
#2175=EDGE_CURVE('',#2173,#2176,#260,.T.);
#2176=VERTEX_POINT('',#2177);
#2177=CARTESIAN_POINT('',(-10.5,-24.93,1.6));
#2178=ORIENTED_EDGE('',*,*,#2179,.T.);
#2179=EDGE_CURVE('',#2176,#2180,#2182,.T.);
#2180=VERTEX_POINT('',#2181);
#2181=CARTESIAN_POINT('',(-8.89,-24.93,1.6));
#2182=LINE('',#2183,#230);
#2183=CARTESIAN_POINT('',(-6.055,-24.93,1.6));
#2184=ORIENTED_EDGE('',*,*,#2185,.F.);
#2185=EDGE_CURVE('',#2186,#2180,#2188,.T.);
#2186=VERTEX_POINT('',#2187);
#2187=CARTESIAN_POINT('',(-8.89,-23.33,1.6));
#2188=CIRCLE('',#2189,0.8);
#2189=AXIS2_PLACEMENT_3D('',#2190,#287,#241);
#2190=CARTESIAN_POINT('',(-8.89,-24.13,1.6));
#2191=ORIENTED_EDGE('',*,*,#2192,.T.);
#2192=EDGE_CURVE('',#2186,#2193,#2195,.T.);
#2193=VERTEX_POINT('',#2194);
#2194=CARTESIAN_POINT('',(-10.5,-23.33,1.6));
#2195=LINE('',#2196,#318);
#2196=CARTESIAN_POINT('',(-4.445,-23.33,1.6));
#2197=ORIENTED_EDGE('',*,*,#2198,.T.);
#2198=EDGE_CURVE('',#2193,#2199,#260,.T.);
#2199=VERTEX_POINT('',#2200);
#2200=CARTESIAN_POINT('',(-10.5,-22.39,1.6));
#2201=ORIENTED_EDGE('',*,*,#2202,.T.);
#2202=EDGE_CURVE('',#2199,#2203,#2205,.T.);
#2203=VERTEX_POINT('',#2204);
#2204=CARTESIAN_POINT('',(-8.89,-22.39,1.6));
#2205=LINE('',#2206,#230);
#2206=CARTESIAN_POINT('',(-6.055,-22.39,1.6));
#2207=ORIENTED_EDGE('',*,*,#2208,.F.);
#2208=EDGE_CURVE('',#2209,#2203,#2211,.T.);
#2209=VERTEX_POINT('',#2210);
#2210=CARTESIAN_POINT('',(-8.89,-20.79,1.6));
#2211=CIRCLE('',#2212,0.8);
#2212=AXIS2_PLACEMENT_3D('',#2213,#287,#241);
#2213=CARTESIAN_POINT('',(-8.89,-21.59,1.6));
#2214=ORIENTED_EDGE('',*,*,#2215,.T.);
#2215=EDGE_CURVE('',#2209,#2216,#2218,.T.);
#2216=VERTEX_POINT('',#2217);
#2217=CARTESIAN_POINT('',(-10.5,-20.79,1.6));
#2218=LINE('',#2219,#318);
#2219=CARTESIAN_POINT('',(-4.445,-20.79,1.6));
#2220=ORIENTED_EDGE('',*,*,#2221,.T.);
#2221=EDGE_CURVE('',#2216,#2222,#260,.T.);
#2222=VERTEX_POINT('',#2223);
#2223=CARTESIAN_POINT('',(-10.5,-19.85,1.6));
#2224=ORIENTED_EDGE('',*,*,#2225,.T.);
#2225=EDGE_CURVE('',#2222,#2226,#2228,.T.);
#2226=VERTEX_POINT('',#2227);
#2227=CARTESIAN_POINT('',(-8.89,-19.85,1.6));
#2228=LINE('',#2229,#230);
#2229=CARTESIAN_POINT('',(-6.055,-19.85,1.6));
#2230=ORIENTED_EDGE('',*,*,#2231,.F.);
#2231=EDGE_CURVE('',#2232,#2226,#2234,.T.);
#2232=VERTEX_POINT('',#2233);
#2233=CARTESIAN_POINT('',(-8.89,-18.25,1.6));
#2234=CIRCLE('',#2235,0.8);
#2235=AXIS2_PLACEMENT_3D('',#2236,#287,#241);
#2236=CARTESIAN_POINT('',(-8.89,-19.05,1.6));
#2237=ORIENTED_EDGE('',*,*,#2238,.T.);
#2238=EDGE_CURVE('',#2232,#2239,#2241,.T.);
#2239=VERTEX_POINT('',#2240);
#2240=CARTESIAN_POINT('',(-10.5,-18.25,1.6));
#2241=LINE('',#2242,#318);
#2242=CARTESIAN_POINT('',(-4.445,-18.25,1.6));
#2243=ORIENTED_EDGE('',*,*,#2244,.T.);
#2244=EDGE_CURVE('',#2239,#2245,#260,.T.);
#2245=VERTEX_POINT('',#2246);
#2246=CARTESIAN_POINT('',(-10.5,-17.31,1.6));
#2247=ORIENTED_EDGE('',*,*,#2248,.T.);
#2248=EDGE_CURVE('',#2245,#2249,#2251,.T.);
#2249=VERTEX_POINT('',#2250);
#2250=CARTESIAN_POINT('',(-8.89,-17.31,1.6));
#2251=LINE('',#2252,#230);
#2252=CARTESIAN_POINT('',(-6.055,-17.31,1.6));
#2253=ORIENTED_EDGE('',*,*,#2254,.F.);
#2254=EDGE_CURVE('',#2255,#2249,#2257,.T.);
#2255=VERTEX_POINT('',#2256);
#2256=CARTESIAN_POINT('',(-8.89,-15.71,1.6));
#2257=CIRCLE('',#2258,0.8);
#2258=AXIS2_PLACEMENT_3D('',#2259,#287,#241);
#2259=CARTESIAN_POINT('',(-8.89,-16.51,1.6));
#2260=ORIENTED_EDGE('',*,*,#2261,.T.);
#2261=EDGE_CURVE('',#2255,#2262,#2264,.T.);
#2262=VERTEX_POINT('',#2263);
#2263=CARTESIAN_POINT('',(-10.5,-15.71,1.6));
#2264=LINE('',#2265,#318);
#2265=CARTESIAN_POINT('',(-4.445,-15.71,1.6));
#2266=ORIENTED_EDGE('',*,*,#2267,.T.);
#2267=EDGE_CURVE('',#2262,#2268,#260,.T.);
#2268=VERTEX_POINT('',#2269);
#2269=CARTESIAN_POINT('',(-10.5,-14.77,1.6));
#2270=ORIENTED_EDGE('',*,*,#2271,.T.);
#2271=EDGE_CURVE('',#2268,#2272,#2274,.T.);
#2272=VERTEX_POINT('',#2273);
#2273=CARTESIAN_POINT('',(-8.89,-14.77,1.6));
#2274=LINE('',#2275,#230);
#2275=CARTESIAN_POINT('',(-6.055,-14.77,1.6));
#2276=ORIENTED_EDGE('',*,*,#2277,.F.);
#2277=EDGE_CURVE('',#2278,#2272,#2280,.T.);
#2278=VERTEX_POINT('',#2279);
#2279=CARTESIAN_POINT('',(-8.89,-13.17,1.6));
#2280=CIRCLE('',#2281,0.8);
#2281=AXIS2_PLACEMENT_3D('',#2282,#287,#241);
#2282=CARTESIAN_POINT('',(-8.89,-13.97,1.6));
#2283=ORIENTED_EDGE('',*,*,#2284,.T.);
#2284=EDGE_CURVE('',#2278,#2285,#2287,.T.);
#2285=VERTEX_POINT('',#2286);
#2286=CARTESIAN_POINT('',(-10.5,-13.17,1.6));
#2287=LINE('',#2288,#318);
#2288=CARTESIAN_POINT('',(-4.445,-13.17,1.6));
#2289=ORIENTED_EDGE('',*,*,#2290,.T.);
#2290=EDGE_CURVE('',#2285,#2291,#260,.T.);
#2291=VERTEX_POINT('',#2292);
#2292=CARTESIAN_POINT('',(-10.5,-12.23,1.6));
#2293=ORIENTED_EDGE('',*,*,#2294,.T.);
#2294=EDGE_CURVE('',#2291,#2295,#2297,.T.);
#2295=VERTEX_POINT('',#2296);
#2296=CARTESIAN_POINT('',(-8.89,-12.23,1.6));
#2297=LINE('',#2298,#230);
#2298=CARTESIAN_POINT('',(-6.055,-12.23,1.6));
#2299=ORIENTED_EDGE('',*,*,#2300,.F.);
#2300=EDGE_CURVE('',#2301,#2295,#2303,.T.);
#2301=VERTEX_POINT('',#2302);
#2302=CARTESIAN_POINT('',(-8.89,-10.63,1.6));
#2303=CIRCLE('',#2304,0.8);
#2304=AXIS2_PLACEMENT_3D('',#2305,#287,#241);
#2305=CARTESIAN_POINT('',(-8.89,-11.43,1.6));
#2306=ORIENTED_EDGE('',*,*,#2307,.T.);
#2307=EDGE_CURVE('',#2301,#2308,#2310,.T.);
#2308=VERTEX_POINT('',#2309);
#2309=CARTESIAN_POINT('',(-10.5,-10.63,1.6));
#2310=LINE('',#2311,#318);
#2311=CARTESIAN_POINT('',(-4.445,-10.63,1.6));
#2312=ORIENTED_EDGE('',*,*,#2313,.T.);
#2313=EDGE_CURVE('',#2308,#2314,#260,.T.);
#2314=VERTEX_POINT('',#2315);
#2315=CARTESIAN_POINT('',(-10.5,-9.69,1.6));
#2316=ORIENTED_EDGE('',*,*,#2317,.T.);
#2317=EDGE_CURVE('',#2314,#1333,#2318,.T.);
#2318=LINE('',#2319,#230);
#2319=CARTESIAN_POINT('',(-6.055,-9.69,1.6));
#2320=FACE_BOUND('',#2321,.F.);
#2321=EDGE_LOOP('',(#2322));
#2322=ORIENTED_EDGE('',*,*,#2323,.T.);
#2323=EDGE_CURVE('',#2324,#2324,#2326,.T.);
#2324=VERTEX_POINT('',#2325);
#2325=CARTESIAN_POINT('',(6.75,-23.5,1.6));
#2326=CIRCLE('',#2327,1.05);
#2327=AXIS2_PLACEMENT_3D('',#2328,#13,#14);
#2328=CARTESIAN_POINT('',(5.7,-23.5,1.6));
#2329=FACE_BOUND('',#2330,.F.);
#2330=EDGE_LOOP('',(#2331));
#2331=ORIENTED_EDGE('',*,*,#2332,.T.);
#2332=EDGE_CURVE('',#2333,#2333,#2335,.T.);
#2333=VERTEX_POINT('',#2334);
#2334=CARTESIAN_POINT('',(-4.65,-23.5,1.6));
#2335=CIRCLE('',#2336,1.05);
#2336=AXIS2_PLACEMENT_3D('',#2337,#13,#14);
#2337=CARTESIAN_POINT('',(-5.7,-23.5,1.6));
#2338=FACE_BOUND('',#2339,.F.);
#2339=EDGE_LOOP('',(#2340));
#2340=ORIENTED_EDGE('',*,*,#2341,.T.);
#2341=EDGE_CURVE('',#2342,#2342,#2344,.T.);
#2342=VERTEX_POINT('',#2343);
#2343=CARTESIAN_POINT('',(6.75,23.5,1.6));
#2344=CIRCLE('',#2345,1.05);
#2345=AXIS2_PLACEMENT_3D('',#2346,#13,#14);
#2346=CARTESIAN_POINT('',(5.7,23.5,1.6));
#2347=FACE_BOUND('',#2348,.F.);
#2348=EDGE_LOOP('',(#2349));
#2349=ORIENTED_EDGE('',*,*,#2350,.T.);
#2350=EDGE_CURVE('',#2351,#2351,#2353,.T.);
#2351=VERTEX_POINT('',#2352);
#2352=CARTESIAN_POINT('',(-4.65,23.5,1.6));
#2353=CIRCLE('',#2354,1.05);
#2354=AXIS2_PLACEMENT_3D('',#2355,#13,#14);
#2355=CARTESIAN_POINT('',(-5.7,23.5,1.6));
#2356=PLANE('',#2357);
#2357=AXIS2_PLACEMENT_3D('',#2358,#287,#265);
#2358=CARTESIAN_POINT('',(0.,0.,1.6));
#2359=ADVANCED_FACE('',(#2360),#2368,.T.);
#2360=FACE_BOUND('',#2361,.T.);
#2361=EDGE_LOOP('',(#2362,#2363,#1637,#2367));
#2362=ORIENTED_EDGE('',*,*,#636,.F.);
#2363=ORIENTED_EDGE('',*,*,#2364,.T.);
#2364=EDGE_CURVE('',#630,#1632,#2365,.T.);
#2365=LINE('',#2366,#224);
#2366=CARTESIAN_POINT('',(-8.89,24.93,-51.0000002));
#2367=ORIENTED_EDGE('',*,*,#253,.F.);
#2368=PLANE('',#2369);
#2369=AXIS2_PLACEMENT_3D('',#2366,#275,#265);
#2370=ADVANCED_FACE('',(#2371),#2379,.T.);
#2371=FACE_BOUND('',#2372,.T.);
#2372=EDGE_LOOP('',(#2373,#2377,#2378,#1641));
#2373=ORIENTED_EDGE('',*,*,#2374,.F.);
#2374=EDGE_CURVE('',#644,#1643,#2375,.T.);
#2375=LINE('',#2376,#224);
#2376=CARTESIAN_POINT('',(8.89,24.93,-51.0000003));
#2377=ORIENTED_EDGE('',*,*,#643,.F.);
#2378=ORIENTED_EDGE('',*,*,#283,.F.);
#2379=PLANE('',#2380);
#2380=AXIS2_PLACEMENT_3D('',#2381,#275,#265);
#2381=CARTESIAN_POINT('',(12.11,24.93,-51.0000003));
#2382=ADVANCED_FACE('',(#2383),#263,.T.);
#2383=FACE_BOUND('',#2384,.T.);
#2384=EDGE_LOOP('',(#2385,#2386,#2289,#2390));
#2385=ORIENTED_EDGE('',*,*,#294,.F.);
#2386=ORIENTED_EDGE('',*,*,#2387,.T.);
#2387=EDGE_CURVE('',#295,#2285,#2388,.T.);
#2388=LINE('',#2389,#224);
#2389=CARTESIAN_POINT('',(-10.5,-13.17,-25.50000015));
#2390=ORIENTED_EDGE('',*,*,#2391,.T.);
#2391=EDGE_CURVE('',#2291,#297,#2392,.T.);
#2392=LINE('',#2393,#286);
#2393=CARTESIAN_POINT('',(-10.5,-12.23,-25.50000015));
#2394=ADVANCED_FACE('',(#2395),#2403,.T.);
#2395=FACE_BOUND('',#2396,.T.);
#2396=EDGE_LOOP('',(#2397,#2398,#2283,#2402));
#2397=ORIENTED_EDGE('',*,*,#1285,.F.);
#2398=ORIENTED_EDGE('',*,*,#2399,.T.);
#2399=EDGE_CURVE('',#1279,#2278,#2400,.T.);
#2400=LINE('',#2401,#224);
#2401=CARTESIAN_POINT('',(-8.89,-13.17,-51.0000003));
#2402=ORIENTED_EDGE('',*,*,#2387,.F.);
#2403=PLANE('',#2404);
#2404=AXIS2_PLACEMENT_3D('',#2401,#275,#265);
#2405=ADVANCED_FACE('',(#2406),#2414,.F.);
#2406=FACE_BOUND('',#2407,.T.);
#2407=EDGE_LOOP('',(#2408,#2409,#2276,#2413));
#2408=ORIENTED_EDGE('',*,*,#1278,.F.);
#2409=ORIENTED_EDGE('',*,*,#2410,.T.);
#2410=EDGE_CURVE('',#1273,#2272,#2411,.T.);
#2411=LINE('',#2412,#224);
#2412=CARTESIAN_POINT('',(-8.89,-14.77,-51.0000003));
#2413=ORIENTED_EDGE('',*,*,#2399,.F.);
#2414=CYLINDRICAL_SURFACE('',#2415,0.8);
#2415=AXIS2_PLACEMENT_3D('',#2416,#287,#14);
#2416=CARTESIAN_POINT('',(-8.89,-13.97,-51.0000003));
#2417=ADVANCED_FACE('',(#2418),#2426,.T.);
#2418=FACE_BOUND('',#2419,.T.);
#2419=EDGE_LOOP('',(#2420,#2421,#2422,#2270));
#2420=ORIENTED_EDGE('',*,*,#2410,.F.);
#2421=ORIENTED_EDGE('',*,*,#1272,.F.);
#2422=ORIENTED_EDGE('',*,*,#2423,.F.);
#2423=EDGE_CURVE('',#2268,#1269,#2424,.T.);
#2424=LINE('',#2425,#286);
#2425=CARTESIAN_POINT('',(-10.5,-14.77,-25.50000015));
#2426=PLANE('',#2427);
#2427=AXIS2_PLACEMENT_3D('',#2428,#241,#14);
#2428=CARTESIAN_POINT('',(-12.11,-14.77,-51.0000003));
#2429=ADVANCED_FACE('',(#2430),#263,.T.);
#2430=FACE_BOUND('',#2431,.T.);
#2431=EDGE_LOOP('',(#2432,#2433,#2266,#2437));
#2432=ORIENTED_EDGE('',*,*,#1268,.F.);
#2433=ORIENTED_EDGE('',*,*,#2434,.T.);
#2434=EDGE_CURVE('',#1263,#2262,#2435,.T.);
#2435=LINE('',#2436,#224);
#2436=CARTESIAN_POINT('',(-10.5,-15.71,-25.50000015));
#2437=ORIENTED_EDGE('',*,*,#2423,.T.);
#2438=ADVANCED_FACE('',(#2439),#2447,.T.);
#2439=FACE_BOUND('',#2440,.T.);
#2440=EDGE_LOOP('',(#2441,#2442,#2260,#2446));
#2441=ORIENTED_EDGE('',*,*,#1262,.F.);
#2442=ORIENTED_EDGE('',*,*,#2443,.T.);
#2443=EDGE_CURVE('',#1256,#2255,#2444,.T.);
#2444=LINE('',#2445,#224);
#2445=CARTESIAN_POINT('',(-8.89,-15.71,-51.0000003));
#2446=ORIENTED_EDGE('',*,*,#2434,.F.);
#2447=PLANE('',#2448);
#2448=AXIS2_PLACEMENT_3D('',#2445,#275,#265);
#2449=ADVANCED_FACE('',(#2450),#2458,.F.);
#2450=FACE_BOUND('',#2451,.T.);
#2451=EDGE_LOOP('',(#2452,#2453,#2253,#2457));
#2452=ORIENTED_EDGE('',*,*,#1255,.F.);
#2453=ORIENTED_EDGE('',*,*,#2454,.T.);
#2454=EDGE_CURVE('',#1250,#2249,#2455,.T.);
#2455=LINE('',#2456,#224);
#2456=CARTESIAN_POINT('',(-8.89,-17.31,-51.0000003));
#2457=ORIENTED_EDGE('',*,*,#2443,.F.);
#2458=CYLINDRICAL_SURFACE('',#2459,0.8);
#2459=AXIS2_PLACEMENT_3D('',#2460,#287,#14);
#2460=CARTESIAN_POINT('',(-8.89,-16.51,-51.0000003));
#2461=ADVANCED_FACE('',(#2462),#2470,.T.);
#2462=FACE_BOUND('',#2463,.T.);
#2463=EDGE_LOOP('',(#2464,#2465,#2466,#2247));
#2464=ORIENTED_EDGE('',*,*,#2454,.F.);
#2465=ORIENTED_EDGE('',*,*,#1249,.F.);
#2466=ORIENTED_EDGE('',*,*,#2467,.F.);
#2467=EDGE_CURVE('',#2245,#1246,#2468,.T.);
#2468=LINE('',#2469,#286);
#2469=CARTESIAN_POINT('',(-10.5,-17.31,-25.50000015));
#2470=PLANE('',#2471);
#2471=AXIS2_PLACEMENT_3D('',#2472,#241,#14);
#2472=CARTESIAN_POINT('',(-12.11,-17.31,-51.0000003));
#2473=ADVANCED_FACE('',(#2474),#263,.T.);
#2474=FACE_BOUND('',#2475,.T.);
#2475=EDGE_LOOP('',(#2476,#2477,#2243,#2481));
#2476=ORIENTED_EDGE('',*,*,#1245,.F.);
#2477=ORIENTED_EDGE('',*,*,#2478,.T.);
#2478=EDGE_CURVE('',#1240,#2239,#2479,.T.);
#2479=LINE('',#2480,#224);
#2480=CARTESIAN_POINT('',(-10.5,-18.25,-25.50000015));
#2481=ORIENTED_EDGE('',*,*,#2467,.T.);
#2482=ADVANCED_FACE('',(#2483),#2491,.T.);
#2483=FACE_BOUND('',#2484,.T.);
#2484=EDGE_LOOP('',(#2485,#2486,#2237,#2490));
#2485=ORIENTED_EDGE('',*,*,#1239,.F.);
#2486=ORIENTED_EDGE('',*,*,#2487,.T.);
#2487=EDGE_CURVE('',#1233,#2232,#2488,.T.);
#2488=LINE('',#2489,#224);
#2489=CARTESIAN_POINT('',(-8.89,-18.25,-51.0000003));
#2490=ORIENTED_EDGE('',*,*,#2478,.F.);
#2491=PLANE('',#2492);
#2492=AXIS2_PLACEMENT_3D('',#2489,#275,#265);
#2493=ADVANCED_FACE('',(#2494),#2502,.F.);
#2494=FACE_BOUND('',#2495,.T.);
#2495=EDGE_LOOP('',(#2496,#2497,#2230,#2501));
#2496=ORIENTED_EDGE('',*,*,#1232,.F.);
#2497=ORIENTED_EDGE('',*,*,#2498,.T.);
#2498=EDGE_CURVE('',#1227,#2226,#2499,.T.);
#2499=LINE('',#2500,#224);
#2500=CARTESIAN_POINT('',(-8.89,-19.85,-51.0000003));
#2501=ORIENTED_EDGE('',*,*,#2487,.F.);
#2502=CYLINDRICAL_SURFACE('',#2503,0.8);
#2503=AXIS2_PLACEMENT_3D('',#2504,#287,#14);
#2504=CARTESIAN_POINT('',(-8.89,-19.05,-51.0000003));
#2505=ADVANCED_FACE('',(#2506),#2514,.T.);
#2506=FACE_BOUND('',#2507,.T.);
#2507=EDGE_LOOP('',(#2508,#2509,#2510,#2224));
#2508=ORIENTED_EDGE('',*,*,#2498,.F.);
#2509=ORIENTED_EDGE('',*,*,#1226,.F.);
#2510=ORIENTED_EDGE('',*,*,#2511,.F.);
#2511=EDGE_CURVE('',#2222,#1223,#2512,.T.);
#2512=LINE('',#2513,#286);
#2513=CARTESIAN_POINT('',(-10.5,-19.85,-25.50000015));
#2514=PLANE('',#2515);
#2515=AXIS2_PLACEMENT_3D('',#2516,#241,#14);
#2516=CARTESIAN_POINT('',(-12.11,-19.85,-51.0000003));
#2517=ADVANCED_FACE('',(#2518),#263,.T.);
#2518=FACE_BOUND('',#2519,.T.);
#2519=EDGE_LOOP('',(#2520,#2521,#2220,#2525));
#2520=ORIENTED_EDGE('',*,*,#1222,.F.);
#2521=ORIENTED_EDGE('',*,*,#2522,.T.);
#2522=EDGE_CURVE('',#1217,#2216,#2523,.T.);
#2523=LINE('',#2524,#224);
#2524=CARTESIAN_POINT('',(-10.5,-20.79,-25.50000015));
#2525=ORIENTED_EDGE('',*,*,#2511,.T.);
#2526=ADVANCED_FACE('',(#2527),#2535,.T.);
#2527=FACE_BOUND('',#2528,.T.);
#2528=EDGE_LOOP('',(#2529,#2530,#2214,#2534));
#2529=ORIENTED_EDGE('',*,*,#1216,.F.);
#2530=ORIENTED_EDGE('',*,*,#2531,.T.);
#2531=EDGE_CURVE('',#1210,#2209,#2532,.T.);
#2532=LINE('',#2533,#224);
#2533=CARTESIAN_POINT('',(-8.89,-20.79,-51.0000003));
#2534=ORIENTED_EDGE('',*,*,#2522,.F.);
#2535=PLANE('',#2536);
#2536=AXIS2_PLACEMENT_3D('',#2533,#275,#265);
#2537=ADVANCED_FACE('',(#2538),#2546,.F.);
#2538=FACE_BOUND('',#2539,.T.);
#2539=EDGE_LOOP('',(#2540,#2541,#2207,#2545));
#2540=ORIENTED_EDGE('',*,*,#1209,.F.);
#2541=ORIENTED_EDGE('',*,*,#2542,.T.);
#2542=EDGE_CURVE('',#1204,#2203,#2543,.T.);
#2543=LINE('',#2544,#224);
#2544=CARTESIAN_POINT('',(-8.89,-22.39,-51.0000003));
#2545=ORIENTED_EDGE('',*,*,#2531,.F.);
#2546=CYLINDRICAL_SURFACE('',#2547,0.8);
#2547=AXIS2_PLACEMENT_3D('',#2548,#287,#14);
#2548=CARTESIAN_POINT('',(-8.89,-21.59,-51.0000003));
#2549=ADVANCED_FACE('',(#2550),#2558,.T.);
#2550=FACE_BOUND('',#2551,.T.);
#2551=EDGE_LOOP('',(#2552,#2553,#2554,#2201));
#2552=ORIENTED_EDGE('',*,*,#2542,.F.);
#2553=ORIENTED_EDGE('',*,*,#1203,.F.);
#2554=ORIENTED_EDGE('',*,*,#2555,.F.);
#2555=EDGE_CURVE('',#2199,#1200,#2556,.T.);
#2556=LINE('',#2557,#286);
#2557=CARTESIAN_POINT('',(-10.5,-22.39,-25.50000015));
#2558=PLANE('',#2559);
#2559=AXIS2_PLACEMENT_3D('',#2560,#241,#14);
#2560=CARTESIAN_POINT('',(-12.11,-22.39,-51.0000003));
#2561=ADVANCED_FACE('',(#2562),#263,.T.);
#2562=FACE_BOUND('',#2563,.T.);
#2563=EDGE_LOOP('',(#2564,#2565,#2197,#2569));
#2564=ORIENTED_EDGE('',*,*,#1199,.F.);
#2565=ORIENTED_EDGE('',*,*,#2566,.T.);
#2566=EDGE_CURVE('',#1194,#2193,#2567,.T.);
#2567=LINE('',#2568,#224);
#2568=CARTESIAN_POINT('',(-10.5,-23.33,-25.50000015));
#2569=ORIENTED_EDGE('',*,*,#2555,.T.);
#2570=ADVANCED_FACE('',(#2571),#2579,.T.);
#2571=FACE_BOUND('',#2572,.T.);
#2572=EDGE_LOOP('',(#2573,#2574,#2191,#2578));
#2573=ORIENTED_EDGE('',*,*,#1193,.F.);
#2574=ORIENTED_EDGE('',*,*,#2575,.T.);
#2575=EDGE_CURVE('',#1187,#2186,#2576,.T.);
#2576=LINE('',#2577,#224);
#2577=CARTESIAN_POINT('',(-8.89,-23.33,-51.0000003));
#2578=ORIENTED_EDGE('',*,*,#2566,.F.);
#2579=PLANE('',#2580);
#2580=AXIS2_PLACEMENT_3D('',#2577,#275,#265);
#2581=ADVANCED_FACE('',(#2582),#2590,.F.);
#2582=FACE_BOUND('',#2583,.T.);
#2583=EDGE_LOOP('',(#2584,#2585,#2184,#2589));
#2584=ORIENTED_EDGE('',*,*,#1186,.F.);
#2585=ORIENTED_EDGE('',*,*,#2586,.T.);
#2586=EDGE_CURVE('',#1181,#2180,#2587,.T.);
#2587=LINE('',#2588,#224);
#2588=CARTESIAN_POINT('',(-8.89,-24.93,-51.0000003));
#2589=ORIENTED_EDGE('',*,*,#2575,.F.);
#2590=CYLINDRICAL_SURFACE('',#2591,0.8);
#2591=AXIS2_PLACEMENT_3D('',#2592,#287,#14);
#2592=CARTESIAN_POINT('',(-8.89,-24.13,-51.0000003));
#2593=ADVANCED_FACE('',(#2594),#2602,.T.);
#2594=FACE_BOUND('',#2595,.T.);
#2595=EDGE_LOOP('',(#2596,#2597,#2598,#2178));
#2596=ORIENTED_EDGE('',*,*,#2586,.F.);
#2597=ORIENTED_EDGE('',*,*,#1180,.F.);
#2598=ORIENTED_EDGE('',*,*,#2599,.F.);
#2599=EDGE_CURVE('',#2176,#1177,#2600,.T.);
#2600=LINE('',#2601,#286);
#2601=CARTESIAN_POINT('',(-10.5,-24.93,-25.50000015));
#2602=PLANE('',#2603);
#2603=AXIS2_PLACEMENT_3D('',#2604,#241,#14);
#2604=CARTESIAN_POINT('',(-12.11,-24.93,-51.0000003));
#2605=ADVANCED_FACE('',(#2606),#263,.T.);
#2606=FACE_BOUND('',#2607,.T.);
#2607=EDGE_LOOP('',(#2608,#2609,#2174,#2612));
#2608=ORIENTED_EDGE('',*,*,#1176,.F.);
#2609=ORIENTED_EDGE('',*,*,#2610,.T.);
#2610=EDGE_CURVE('',#1174,#2173,#2611,.T.);
#2611=LINE('',#250,#224);
#2612=ORIENTED_EDGE('',*,*,#2599,.T.);
#2613=ADVANCED_FACE('',(#2614),#2622,.T.);
#2614=FACE_BOUND('',#2615,.T.);
#2615=EDGE_LOOP('',(#2616,#2617,#2171,#2621));
#2616=ORIENTED_EDGE('',*,*,#1173,.F.);
#2617=ORIENTED_EDGE('',*,*,#2618,.T.);
#2618=EDGE_CURVE('',#1168,#2167,#2619,.T.);
#2619=LINE('',#2620,#224);
#2620=CARTESIAN_POINT('',(-3.34,-25.5,-25.50000015));
#2621=ORIENTED_EDGE('',*,*,#2610,.F.);
#2622=PLANE('',#2623);
#2623=AXIS2_PLACEMENT_3D('',#1101,#275,#265);
#2624=ADVANCED_FACE('',(#2625),#2633,.T.);
#2625=FACE_BOUND('',#2626,.T.);
#2626=EDGE_LOOP('',(#2627,#2628,#2165,#2632));
#2627=ORIENTED_EDGE('',*,*,#1167,.F.);
#2628=ORIENTED_EDGE('',*,*,#2629,.T.);
#2629=EDGE_CURVE('',#1161,#2160,#2630,.T.);
#2630=LINE('',#2631,#224);
#2631=CARTESIAN_POINT('',(-3.34,-23.89,-51.0000003));
#2632=ORIENTED_EDGE('',*,*,#2618,.F.);
#2633=PLANE('',#2634);
#2634=AXIS2_PLACEMENT_3D('',#2631,#14,#275);
#2635=ADVANCED_FACE('',(#2636),#2644,.F.);
#2636=FACE_BOUND('',#2637,.T.);
#2637=EDGE_LOOP('',(#2638,#2639,#2158,#2643));
#2638=ORIENTED_EDGE('',*,*,#1160,.F.);
#2639=ORIENTED_EDGE('',*,*,#2640,.T.);
#2640=EDGE_CURVE('',#1155,#2154,#2641,.T.);
#2641=LINE('',#2642,#224);
#2642=CARTESIAN_POINT('',(-1.74,-23.89,-51.0000003));
#2643=ORIENTED_EDGE('',*,*,#2629,.F.);
#2644=CYLINDRICAL_SURFACE('',#2645,0.8);
#2645=AXIS2_PLACEMENT_3D('',#2646,#287,#14);
#2646=CARTESIAN_POINT('',(-2.54,-23.89,-51.0000003));
#2647=ADVANCED_FACE('',(#2648),#2656,.T.);
#2648=FACE_BOUND('',#2649,.T.);
#2649=EDGE_LOOP('',(#2650,#2651,#2652,#2152));
#2650=ORIENTED_EDGE('',*,*,#2640,.F.);
#2651=ORIENTED_EDGE('',*,*,#1154,.F.);
#2652=ORIENTED_EDGE('',*,*,#2653,.F.);
#2653=EDGE_CURVE('',#2150,#1151,#2654,.T.);
#2654=LINE('',#2655,#286);
#2655=CARTESIAN_POINT('',(-1.74,-25.5,-25.50000015));
#2656=PLANE('',#2657);
#2657=AXIS2_PLACEMENT_3D('',#2658,#265,#241);
#2658=CARTESIAN_POINT('',(-1.74,-27.11,-51.0000003));
#2659=ADVANCED_FACE('',(#2660),#2622,.T.);
#2660=FACE_BOUND('',#2661,.T.);
#2661=EDGE_LOOP('',(#2662,#2663,#2148,#2667));
#2662=ORIENTED_EDGE('',*,*,#1150,.F.);
#2663=ORIENTED_EDGE('',*,*,#2664,.T.);
#2664=EDGE_CURVE('',#1145,#2144,#2665,.T.);
#2665=LINE('',#2666,#224);
#2666=CARTESIAN_POINT('',(-0.8,-25.5,-25.50000015));
#2667=ORIENTED_EDGE('',*,*,#2653,.T.);
#2668=ADVANCED_FACE('',(#2669),#2677,.T.);
#2669=FACE_BOUND('',#2670,.T.);
#2670=EDGE_LOOP('',(#2671,#2672,#2142,#2676));
#2671=ORIENTED_EDGE('',*,*,#1144,.F.);
#2672=ORIENTED_EDGE('',*,*,#2673,.T.);
#2673=EDGE_CURVE('',#1138,#2137,#2674,.T.);
#2674=LINE('',#2675,#224);
#2675=CARTESIAN_POINT('',(-0.8,-23.89,-51.0000003));
#2676=ORIENTED_EDGE('',*,*,#2664,.F.);
#2677=PLANE('',#2678);
#2678=AXIS2_PLACEMENT_3D('',#2675,#14,#275);
#2679=ADVANCED_FACE('',(#2680),#2688,.F.);
#2680=FACE_BOUND('',#2681,.T.);
#2681=EDGE_LOOP('',(#2682,#2683,#2135,#2687));
#2682=ORIENTED_EDGE('',*,*,#1137,.F.);
#2683=ORIENTED_EDGE('',*,*,#2684,.T.);
#2684=EDGE_CURVE('',#1132,#2131,#2685,.T.);
#2685=LINE('',#2686,#224);
#2686=CARTESIAN_POINT('',(0.8,-23.89,-51.0000003));
#2687=ORIENTED_EDGE('',*,*,#2673,.F.);
#2688=CYLINDRICAL_SURFACE('',#2689,0.8);
#2689=AXIS2_PLACEMENT_3D('',#2690,#287,#14);
#2690=CARTESIAN_POINT('',(0.,-23.89,-51.0000003));
#2691=ADVANCED_FACE('',(#2692),#2700,.T.);
#2692=FACE_BOUND('',#2693,.T.);
#2693=EDGE_LOOP('',(#2694,#2695,#2696,#2129));
#2694=ORIENTED_EDGE('',*,*,#2684,.F.);
#2695=ORIENTED_EDGE('',*,*,#1131,.F.);
#2696=ORIENTED_EDGE('',*,*,#2697,.F.);
#2697=EDGE_CURVE('',#2127,#1128,#2698,.T.);
#2698=LINE('',#2699,#286);
#2699=CARTESIAN_POINT('',(0.8,-25.5,-25.50000015));
#2700=PLANE('',#2701);
#2701=AXIS2_PLACEMENT_3D('',#2702,#265,#241);
#2702=CARTESIAN_POINT('',(0.8,-27.11,-51.0000003));
#2703=ADVANCED_FACE('',(#2704),#2622,.T.);
#2704=FACE_BOUND('',#2705,.T.);
#2705=EDGE_LOOP('',(#2706,#2707,#2125,#2711));
#2706=ORIENTED_EDGE('',*,*,#1127,.F.);
#2707=ORIENTED_EDGE('',*,*,#2708,.T.);
#2708=EDGE_CURVE('',#1122,#2121,#2709,.T.);
#2709=LINE('',#2710,#224);
#2710=CARTESIAN_POINT('',(1.74,-25.5,-25.50000015));
#2711=ORIENTED_EDGE('',*,*,#2697,.T.);
#2712=ADVANCED_FACE('',(#2713),#2721,.T.);
#2713=FACE_BOUND('',#2714,.T.);
#2714=EDGE_LOOP('',(#2715,#2716,#2119,#2720));
#2715=ORIENTED_EDGE('',*,*,#1121,.F.);
#2716=ORIENTED_EDGE('',*,*,#2717,.T.);
#2717=EDGE_CURVE('',#1115,#2114,#2718,.T.);
#2718=LINE('',#2719,#224);
#2719=CARTESIAN_POINT('',(1.74,-23.89,-51.0000003));
#2720=ORIENTED_EDGE('',*,*,#2708,.F.);
#2721=PLANE('',#2722);
#2722=AXIS2_PLACEMENT_3D('',#2719,#14,#275);
#2723=ADVANCED_FACE('',(#2724),#2732,.F.);
#2724=FACE_BOUND('',#2725,.T.);
#2725=EDGE_LOOP('',(#2726,#2727,#2112,#2731));
#2726=ORIENTED_EDGE('',*,*,#1114,.F.);
#2727=ORIENTED_EDGE('',*,*,#2728,.T.);
#2728=EDGE_CURVE('',#1109,#2108,#2729,.T.);
#2729=LINE('',#2730,#224);
#2730=CARTESIAN_POINT('',(3.34,-23.89,-51.0000003));
#2731=ORIENTED_EDGE('',*,*,#2717,.F.);
#2732=CYLINDRICAL_SURFACE('',#2733,0.8);
#2733=AXIS2_PLACEMENT_3D('',#2734,#287,#14);
#2734=CARTESIAN_POINT('',(2.54,-23.89,-51.0000003));
#2735=ADVANCED_FACE('',(#2736),#2744,.T.);
#2736=FACE_BOUND('',#2737,.T.);
#2737=EDGE_LOOP('',(#2738,#2739,#2740,#2106));
#2738=ORIENTED_EDGE('',*,*,#2728,.F.);
#2739=ORIENTED_EDGE('',*,*,#1108,.F.);
#2740=ORIENTED_EDGE('',*,*,#2741,.F.);
#2741=EDGE_CURVE('',#2103,#1104,#2742,.T.);
#2742=LINE('',#2743,#286);
#2743=CARTESIAN_POINT('',(3.34,-25.5,-25.50000015));
#2744=PLANE('',#2745);
#2745=AXIS2_PLACEMENT_3D('',#2746,#265,#241);
#2746=CARTESIAN_POINT('',(3.34,-27.11,-51.0000003));
#2747=ADVANCED_FACE('',(#2748),#2622,.T.);
#2748=FACE_BOUND('',#2749,.T.);
#2749=EDGE_LOOP('',(#2750,#2751,#2101,#2754));
#2750=ORIENTED_EDGE('',*,*,#1103,.F.);
#2751=ORIENTED_EDGE('',*,*,#2752,.T.);
#2752=EDGE_CURVE('',#1100,#2099,#2753,.T.);
#2753=LINE('',#1101,#224);
#2754=ORIENTED_EDGE('',*,*,#2741,.T.);
#2755=ADVANCED_FACE('',(#2756),#288,.T.);
#2756=FACE_BOUND('',#2757,.T.);
#2757=EDGE_LOOP('',(#2758,#2759,#2097,#2763));
#2758=ORIENTED_EDGE('',*,*,#1099,.F.);
#2759=ORIENTED_EDGE('',*,*,#2760,.T.);
#2760=EDGE_CURVE('',#1094,#2093,#2761,.T.);
#2761=LINE('',#2762,#224);
#2762=CARTESIAN_POINT('',(10.5,-24.93,-25.50000015));
#2763=ORIENTED_EDGE('',*,*,#2752,.F.);
#2764=ADVANCED_FACE('',(#2765),#2773,.T.);
#2765=FACE_BOUND('',#2766,.T.);
#2766=EDGE_LOOP('',(#2767,#2768,#2091,#2772));
#2767=ORIENTED_EDGE('',*,*,#1093,.F.);
#2768=ORIENTED_EDGE('',*,*,#2769,.T.);
#2769=EDGE_CURVE('',#1087,#2086,#2770,.T.);
#2770=LINE('',#2771,#224);
#2771=CARTESIAN_POINT('',(8.89,-24.93,-51.0000003));
#2772=ORIENTED_EDGE('',*,*,#2760,.F.);
#2773=PLANE('',#2774);
#2774=AXIS2_PLACEMENT_3D('',#2771,#241,#14);
#2775=ADVANCED_FACE('',(#2776),#2784,.F.);
#2776=FACE_BOUND('',#2777,.T.);
#2777=EDGE_LOOP('',(#2778,#2779,#2084,#2783));
#2778=ORIENTED_EDGE('',*,*,#1086,.F.);
#2779=ORIENTED_EDGE('',*,*,#2780,.T.);
#2780=EDGE_CURVE('',#1081,#2080,#2781,.T.);
#2781=LINE('',#2782,#224);
#2782=CARTESIAN_POINT('',(8.89,-23.33,-51.0000003));
#2783=ORIENTED_EDGE('',*,*,#2769,.F.);
#2784=CYLINDRICAL_SURFACE('',#2785,0.8);
#2785=AXIS2_PLACEMENT_3D('',#2786,#287,#14);
#2786=CARTESIAN_POINT('',(8.89,-24.13,-51.0000003));
#2787=ADVANCED_FACE('',(#2788),#2796,.T.);
#2788=FACE_BOUND('',#2789,.T.);
#2789=EDGE_LOOP('',(#2790,#2791,#2792,#2078));
#2790=ORIENTED_EDGE('',*,*,#2780,.F.);
#2791=ORIENTED_EDGE('',*,*,#1080,.F.);
#2792=ORIENTED_EDGE('',*,*,#2793,.F.);
#2793=EDGE_CURVE('',#2076,#1077,#2794,.T.);
#2794=LINE('',#2795,#286);
#2795=CARTESIAN_POINT('',(10.5,-23.33,-25.50000015));
#2796=PLANE('',#2797);
#2797=AXIS2_PLACEMENT_3D('',#2798,#275,#265);
#2798=CARTESIAN_POINT('',(12.11,-23.33,-51.0000003));
#2799=ADVANCED_FACE('',(#2800),#288,.T.);
#2800=FACE_BOUND('',#2801,.T.);
#2801=EDGE_LOOP('',(#2802,#2803,#2074,#2807));
#2802=ORIENTED_EDGE('',*,*,#1076,.F.);
#2803=ORIENTED_EDGE('',*,*,#2804,.T.);
#2804=EDGE_CURVE('',#1071,#2070,#2805,.T.);
#2805=LINE('',#2806,#224);
#2806=CARTESIAN_POINT('',(10.5,-22.39,-25.50000015));
#2807=ORIENTED_EDGE('',*,*,#2793,.T.);
#2808=ADVANCED_FACE('',(#2809),#2817,.T.);
#2809=FACE_BOUND('',#2810,.T.);
#2810=EDGE_LOOP('',(#2811,#2812,#2068,#2816));
#2811=ORIENTED_EDGE('',*,*,#1070,.F.);
#2812=ORIENTED_EDGE('',*,*,#2813,.T.);
#2813=EDGE_CURVE('',#1064,#2063,#2814,.T.);
#2814=LINE('',#2815,#224);
#2815=CARTESIAN_POINT('',(8.89,-22.39,-51.0000003));
#2816=ORIENTED_EDGE('',*,*,#2804,.F.);
#2817=PLANE('',#2818);
#2818=AXIS2_PLACEMENT_3D('',#2815,#241,#14);
#2819=ADVANCED_FACE('',(#2820),#2828,.F.);
#2820=FACE_BOUND('',#2821,.T.);
#2821=EDGE_LOOP('',(#2822,#2823,#2061,#2827));
#2822=ORIENTED_EDGE('',*,*,#1063,.F.);
#2823=ORIENTED_EDGE('',*,*,#2824,.T.);
#2824=EDGE_CURVE('',#1058,#2057,#2825,.T.);
#2825=LINE('',#2826,#224);
#2826=CARTESIAN_POINT('',(8.89,-20.79,-51.0000003));
#2827=ORIENTED_EDGE('',*,*,#2813,.F.);
#2828=CYLINDRICAL_SURFACE('',#2829,0.8);
#2829=AXIS2_PLACEMENT_3D('',#2830,#287,#14);
#2830=CARTESIAN_POINT('',(8.89,-21.59,-51.0000003));
#2831=ADVANCED_FACE('',(#2832),#2840,.T.);
#2832=FACE_BOUND('',#2833,.T.);
#2833=EDGE_LOOP('',(#2834,#2835,#2836,#2055));
#2834=ORIENTED_EDGE('',*,*,#2824,.F.);
#2835=ORIENTED_EDGE('',*,*,#1057,.F.);
#2836=ORIENTED_EDGE('',*,*,#2837,.F.);
#2837=EDGE_CURVE('',#2053,#1054,#2838,.T.);
#2838=LINE('',#2839,#286);
#2839=CARTESIAN_POINT('',(10.5,-20.79,-25.50000015));
#2840=PLANE('',#2841);
#2841=AXIS2_PLACEMENT_3D('',#2842,#275,#265);
#2842=CARTESIAN_POINT('',(12.11,-20.79,-51.0000003));
#2843=ADVANCED_FACE('',(#2844),#288,.T.);
#2844=FACE_BOUND('',#2845,.T.);
#2845=EDGE_LOOP('',(#2846,#2847,#2051,#2851));
#2846=ORIENTED_EDGE('',*,*,#1053,.F.);
#2847=ORIENTED_EDGE('',*,*,#2848,.T.);
#2848=EDGE_CURVE('',#1048,#2047,#2849,.T.);
#2849=LINE('',#2850,#224);
#2850=CARTESIAN_POINT('',(10.5,-19.85,-25.50000015));
#2851=ORIENTED_EDGE('',*,*,#2837,.T.);
#2852=ADVANCED_FACE('',(#2853),#2861,.T.);
#2853=FACE_BOUND('',#2854,.T.);
#2854=EDGE_LOOP('',(#2855,#2856,#2045,#2860));
#2855=ORIENTED_EDGE('',*,*,#1047,.F.);
#2856=ORIENTED_EDGE('',*,*,#2857,.T.);
#2857=EDGE_CURVE('',#1041,#2040,#2858,.T.);
#2858=LINE('',#2859,#224);
#2859=CARTESIAN_POINT('',(8.89,-19.85,-51.0000003));
#2860=ORIENTED_EDGE('',*,*,#2848,.F.);
#2861=PLANE('',#2862);
#2862=AXIS2_PLACEMENT_3D('',#2859,#241,#14);
#2863=ADVANCED_FACE('',(#2864),#2872,.F.);
#2864=FACE_BOUND('',#2865,.T.);
#2865=EDGE_LOOP('',(#2866,#2867,#2038,#2871));
#2866=ORIENTED_EDGE('',*,*,#1040,.F.);
#2867=ORIENTED_EDGE('',*,*,#2868,.T.);
#2868=EDGE_CURVE('',#1035,#2034,#2869,.T.);
#2869=LINE('',#2870,#224);
#2870=CARTESIAN_POINT('',(8.89,-18.25,-51.0000003));
#2871=ORIENTED_EDGE('',*,*,#2857,.F.);
#2872=CYLINDRICAL_SURFACE('',#2873,0.8);
#2873=AXIS2_PLACEMENT_3D('',#2874,#287,#14);
#2874=CARTESIAN_POINT('',(8.89,-19.05,-51.0000003));
#2875=ADVANCED_FACE('',(#2876),#2884,.T.);
#2876=FACE_BOUND('',#2877,.T.);
#2877=EDGE_LOOP('',(#2878,#2879,#2880,#2032));
#2878=ORIENTED_EDGE('',*,*,#2868,.F.);
#2879=ORIENTED_EDGE('',*,*,#1034,.F.);
#2880=ORIENTED_EDGE('',*,*,#2881,.F.);
#2881=EDGE_CURVE('',#2030,#1031,#2882,.T.);
#2882=LINE('',#2883,#286);
#2883=CARTESIAN_POINT('',(10.5,-18.25,-25.50000015));
#2884=PLANE('',#2885);
#2885=AXIS2_PLACEMENT_3D('',#2886,#275,#265);
#2886=CARTESIAN_POINT('',(12.11,-18.25,-51.0000003));
#2887=ADVANCED_FACE('',(#2888),#288,.T.);
#2888=FACE_BOUND('',#2889,.T.);
#2889=EDGE_LOOP('',(#2890,#2891,#2028,#2895));
#2890=ORIENTED_EDGE('',*,*,#1030,.F.);
#2891=ORIENTED_EDGE('',*,*,#2892,.T.);
#2892=EDGE_CURVE('',#1025,#2024,#2893,.T.);
#2893=LINE('',#2894,#224);
#2894=CARTESIAN_POINT('',(10.5,-17.31,-25.50000015));
#2895=ORIENTED_EDGE('',*,*,#2881,.T.);
#2896=ADVANCED_FACE('',(#2897),#2905,.T.);
#2897=FACE_BOUND('',#2898,.T.);
#2898=EDGE_LOOP('',(#2899,#2900,#2022,#2904));
#2899=ORIENTED_EDGE('',*,*,#1024,.F.);
#2900=ORIENTED_EDGE('',*,*,#2901,.T.);
#2901=EDGE_CURVE('',#1018,#2017,#2902,.T.);
#2902=LINE('',#2903,#224);
#2903=CARTESIAN_POINT('',(8.89,-17.31,-51.0000003));
#2904=ORIENTED_EDGE('',*,*,#2892,.F.);
#2905=PLANE('',#2906);
#2906=AXIS2_PLACEMENT_3D('',#2903,#241,#14);
#2907=ADVANCED_FACE('',(#2908),#2916,.F.);
#2908=FACE_BOUND('',#2909,.T.);
#2909=EDGE_LOOP('',(#2910,#2911,#2015,#2915));
#2910=ORIENTED_EDGE('',*,*,#1017,.F.);
#2911=ORIENTED_EDGE('',*,*,#2912,.T.);
#2912=EDGE_CURVE('',#1012,#2011,#2913,.T.);
#2913=LINE('',#2914,#224);
#2914=CARTESIAN_POINT('',(8.89,-15.71,-51.0000003));
#2915=ORIENTED_EDGE('',*,*,#2901,.F.);
#2916=CYLINDRICAL_SURFACE('',#2917,0.8);
#2917=AXIS2_PLACEMENT_3D('',#2918,#287,#14);
#2918=CARTESIAN_POINT('',(8.89,-16.51,-51.0000003));
#2919=ADVANCED_FACE('',(#2920),#2928,.T.);
#2920=FACE_BOUND('',#2921,.T.);
#2921=EDGE_LOOP('',(#2922,#2923,#2924,#2009));
#2922=ORIENTED_EDGE('',*,*,#2912,.F.);
#2923=ORIENTED_EDGE('',*,*,#1011,.F.);
#2924=ORIENTED_EDGE('',*,*,#2925,.F.);
#2925=EDGE_CURVE('',#2007,#1008,#2926,.T.);
#2926=LINE('',#2927,#286);
#2927=CARTESIAN_POINT('',(10.5,-15.71,-25.50000015));
#2928=PLANE('',#2929);
#2929=AXIS2_PLACEMENT_3D('',#2930,#275,#265);
#2930=CARTESIAN_POINT('',(12.11,-15.71,-51.0000003));
#2931=ADVANCED_FACE('',(#2932),#288,.T.);
#2932=FACE_BOUND('',#2933,.T.);
#2933=EDGE_LOOP('',(#2934,#2935,#2005,#2939));
#2934=ORIENTED_EDGE('',*,*,#1007,.F.);
#2935=ORIENTED_EDGE('',*,*,#2936,.T.);
#2936=EDGE_CURVE('',#1002,#2001,#2937,.T.);
#2937=LINE('',#2938,#224);
#2938=CARTESIAN_POINT('',(10.5,-14.77,-25.50000015));
#2939=ORIENTED_EDGE('',*,*,#2925,.T.);
#2940=ADVANCED_FACE('',(#2941),#2949,.T.);
#2941=FACE_BOUND('',#2942,.T.);
#2942=EDGE_LOOP('',(#2943,#2944,#1999,#2948));
#2943=ORIENTED_EDGE('',*,*,#1001,.F.);
#2944=ORIENTED_EDGE('',*,*,#2945,.T.);
#2945=EDGE_CURVE('',#995,#1994,#2946,.T.);
#2946=LINE('',#2947,#224);
#2947=CARTESIAN_POINT('',(8.89,-14.77,-51.0000003));
#2948=ORIENTED_EDGE('',*,*,#2936,.F.);
#2949=PLANE('',#2950);
#2950=AXIS2_PLACEMENT_3D('',#2947,#241,#14);
#2951=ADVANCED_FACE('',(#2952),#2960,.F.);
#2952=FACE_BOUND('',#2953,.T.);
#2953=EDGE_LOOP('',(#2954,#2955,#1992,#2959));
#2954=ORIENTED_EDGE('',*,*,#994,.F.);
#2955=ORIENTED_EDGE('',*,*,#2956,.T.);
#2956=EDGE_CURVE('',#989,#1988,#2957,.T.);
#2957=LINE('',#2958,#224);
#2958=CARTESIAN_POINT('',(8.89,-13.17,-51.0000003));
#2959=ORIENTED_EDGE('',*,*,#2945,.F.);
#2960=CYLINDRICAL_SURFACE('',#2961,0.8);
#2961=AXIS2_PLACEMENT_3D('',#2962,#287,#14);
#2962=CARTESIAN_POINT('',(8.89,-13.97,-51.0000003));
#2963=ADVANCED_FACE('',(#2964),#2972,.T.);
#2964=FACE_BOUND('',#2965,.T.);
#2965=EDGE_LOOP('',(#2966,#2967,#2968,#1986));
#2966=ORIENTED_EDGE('',*,*,#2956,.F.);
#2967=ORIENTED_EDGE('',*,*,#988,.F.);
#2968=ORIENTED_EDGE('',*,*,#2969,.F.);
#2969=EDGE_CURVE('',#1984,#985,#2970,.T.);
#2970=LINE('',#2971,#286);
#2971=CARTESIAN_POINT('',(10.5,-13.17,-25.50000015));
#2972=PLANE('',#2973);
#2973=AXIS2_PLACEMENT_3D('',#2974,#275,#265);
#2974=CARTESIAN_POINT('',(12.11,-13.17,-51.0000003));
#2975=ADVANCED_FACE('',(#2976),#288,.T.);
#2976=FACE_BOUND('',#2977,.T.);
#2977=EDGE_LOOP('',(#2978,#2979,#1982,#2983));
#2978=ORIENTED_EDGE('',*,*,#984,.F.);
#2979=ORIENTED_EDGE('',*,*,#2980,.T.);
#2980=EDGE_CURVE('',#979,#1978,#2981,.T.);
#2981=LINE('',#2982,#224);
#2982=CARTESIAN_POINT('',(10.5,-12.23,-25.50000015));
#2983=ORIENTED_EDGE('',*,*,#2969,.T.);
#2984=ADVANCED_FACE('',(#2985),#2993,.T.);
#2985=FACE_BOUND('',#2986,.T.);
#2986=EDGE_LOOP('',(#2987,#2988,#1976,#2992));
#2987=ORIENTED_EDGE('',*,*,#978,.F.);
#2988=ORIENTED_EDGE('',*,*,#2989,.T.);
#2989=EDGE_CURVE('',#972,#1971,#2990,.T.);
#2990=LINE('',#2991,#224);
#2991=CARTESIAN_POINT('',(8.89,-12.23,-51.0000003));
#2992=ORIENTED_EDGE('',*,*,#2980,.F.);
#2993=PLANE('',#2994);
#2994=AXIS2_PLACEMENT_3D('',#2991,#241,#14);
#2995=ADVANCED_FACE('',(#2996),#3004,.F.);
#2996=FACE_BOUND('',#2997,.T.);
#2997=EDGE_LOOP('',(#2998,#2999,#1969,#3003));
#2998=ORIENTED_EDGE('',*,*,#971,.F.);
#2999=ORIENTED_EDGE('',*,*,#3000,.T.);
#3000=EDGE_CURVE('',#966,#1965,#3001,.T.);
#3001=LINE('',#3002,#224);
#3002=CARTESIAN_POINT('',(8.89,-10.63,-51.0000003));
#3003=ORIENTED_EDGE('',*,*,#2989,.F.);
#3004=CYLINDRICAL_SURFACE('',#3005,0.8);
#3005=AXIS2_PLACEMENT_3D('',#3006,#287,#14);
#3006=CARTESIAN_POINT('',(8.89,-11.43,-51.0000003));
#3007=ADVANCED_FACE('',(#3008),#3016,.T.);
#3008=FACE_BOUND('',#3009,.T.);
#3009=EDGE_LOOP('',(#3010,#3011,#3012,#1963));
#3010=ORIENTED_EDGE('',*,*,#3000,.F.);
#3011=ORIENTED_EDGE('',*,*,#965,.F.);
#3012=ORIENTED_EDGE('',*,*,#3013,.F.);
#3013=EDGE_CURVE('',#1961,#962,#3014,.T.);
#3014=LINE('',#3015,#286);
#3015=CARTESIAN_POINT('',(10.5,-10.63,-25.50000015));
#3016=PLANE('',#3017);
#3017=AXIS2_PLACEMENT_3D('',#3018,#275,#265);
#3018=CARTESIAN_POINT('',(12.11,-10.63,-51.0000003));
#3019=ADVANCED_FACE('',(#3020),#288,.T.);
#3020=FACE_BOUND('',#3021,.T.);
#3021=EDGE_LOOP('',(#3022,#3023,#1959,#3027));
#3022=ORIENTED_EDGE('',*,*,#961,.F.);
#3023=ORIENTED_EDGE('',*,*,#3024,.T.);
#3024=EDGE_CURVE('',#956,#1955,#3025,.T.);
#3025=LINE('',#3026,#224);
#3026=CARTESIAN_POINT('',(10.5,-9.69,-25.50000015));
#3027=ORIENTED_EDGE('',*,*,#3013,.T.);
#3028=ADVANCED_FACE('',(#3029),#3037,.T.);
#3029=FACE_BOUND('',#3030,.T.);
#3030=EDGE_LOOP('',(#3031,#3032,#1953,#3036));
#3031=ORIENTED_EDGE('',*,*,#955,.F.);
#3032=ORIENTED_EDGE('',*,*,#3033,.T.);
#3033=EDGE_CURVE('',#949,#1948,#3034,.T.);
#3034=LINE('',#3035,#224);
#3035=CARTESIAN_POINT('',(8.89,-9.69,-51.0000003));
#3036=ORIENTED_EDGE('',*,*,#3024,.F.);
#3037=PLANE('',#3038);
#3038=AXIS2_PLACEMENT_3D('',#3035,#241,#14);
#3039=ADVANCED_FACE('',(#3040),#3048,.F.);
#3040=FACE_BOUND('',#3041,.T.);
#3041=EDGE_LOOP('',(#3042,#3043,#1946,#3047));
#3042=ORIENTED_EDGE('',*,*,#948,.F.);
#3043=ORIENTED_EDGE('',*,*,#3044,.T.);
#3044=EDGE_CURVE('',#943,#1942,#3045,.T.);
#3045=LINE('',#3046,#224);
#3046=CARTESIAN_POINT('',(8.89,-8.09,-51.0000003));
#3047=ORIENTED_EDGE('',*,*,#3033,.F.);
#3048=CYLINDRICAL_SURFACE('',#3049,0.8);
#3049=AXIS2_PLACEMENT_3D('',#3050,#287,#14);
#3050=CARTESIAN_POINT('',(8.89,-8.89,-51.0000003));
#3051=ADVANCED_FACE('',(#3052),#3060,.T.);
#3052=FACE_BOUND('',#3053,.T.);
#3053=EDGE_LOOP('',(#3054,#3055,#3056,#1940));
#3054=ORIENTED_EDGE('',*,*,#3044,.F.);
#3055=ORIENTED_EDGE('',*,*,#942,.F.);
#3056=ORIENTED_EDGE('',*,*,#3057,.F.);
#3057=EDGE_CURVE('',#1938,#939,#3058,.T.);
#3058=LINE('',#3059,#286);
#3059=CARTESIAN_POINT('',(10.5,-8.09,-25.50000015));
#3060=PLANE('',#3061);
#3061=AXIS2_PLACEMENT_3D('',#3062,#275,#265);
#3062=CARTESIAN_POINT('',(12.11,-8.09,-51.0000003));
#3063=ADVANCED_FACE('',(#3064),#288,.T.);
#3064=FACE_BOUND('',#3065,.T.);
#3065=EDGE_LOOP('',(#3066,#3067,#1936,#3071));
#3066=ORIENTED_EDGE('',*,*,#938,.F.);
#3067=ORIENTED_EDGE('',*,*,#3068,.T.);
#3068=EDGE_CURVE('',#933,#1932,#3069,.T.);
#3069=LINE('',#3070,#224);
#3070=CARTESIAN_POINT('',(10.5,-7.15,-25.50000015));
#3071=ORIENTED_EDGE('',*,*,#3057,.T.);
#3072=ADVANCED_FACE('',(#3073),#3081,.T.);
#3073=FACE_BOUND('',#3074,.T.);
#3074=EDGE_LOOP('',(#3075,#3076,#1930,#3080));
#3075=ORIENTED_EDGE('',*,*,#932,.F.);
#3076=ORIENTED_EDGE('',*,*,#3077,.T.);
#3077=EDGE_CURVE('',#926,#1925,#3078,.T.);
#3078=LINE('',#3079,#224);
#3079=CARTESIAN_POINT('',(8.89,-7.15,-51.0000003));
#3080=ORIENTED_EDGE('',*,*,#3068,.F.);
#3081=PLANE('',#3082);
#3082=AXIS2_PLACEMENT_3D('',#3079,#241,#14);
#3083=ADVANCED_FACE('',(#3084),#3092,.F.);
#3084=FACE_BOUND('',#3085,.T.);
#3085=EDGE_LOOP('',(#3086,#3087,#1923,#3091));
#3086=ORIENTED_EDGE('',*,*,#925,.F.);
#3087=ORIENTED_EDGE('',*,*,#3088,.T.);
#3088=EDGE_CURVE('',#920,#1919,#3089,.T.);
#3089=LINE('',#3090,#224);
#3090=CARTESIAN_POINT('',(8.89,-5.55,-51.0000003));
#3091=ORIENTED_EDGE('',*,*,#3077,.F.);
#3092=CYLINDRICAL_SURFACE('',#3093,0.8);
#3093=AXIS2_PLACEMENT_3D('',#3094,#287,#14);
#3094=CARTESIAN_POINT('',(8.89,-6.35,-51.0000003));
#3095=ADVANCED_FACE('',(#3096),#3104,.T.);
#3096=FACE_BOUND('',#3097,.T.);
#3097=EDGE_LOOP('',(#3098,#3099,#3100,#1917));
#3098=ORIENTED_EDGE('',*,*,#3088,.F.);
#3099=ORIENTED_EDGE('',*,*,#919,.F.);
#3100=ORIENTED_EDGE('',*,*,#3101,.F.);
#3101=EDGE_CURVE('',#1915,#916,#3102,.T.);
#3102=LINE('',#3103,#286);
#3103=CARTESIAN_POINT('',(10.5,-5.55,-25.50000015));
#3104=PLANE('',#3105);
#3105=AXIS2_PLACEMENT_3D('',#3106,#275,#265);
#3106=CARTESIAN_POINT('',(12.11,-5.55,-51.0000003));
#3107=ADVANCED_FACE('',(#3108),#288,.T.);
#3108=FACE_BOUND('',#3109,.T.);
#3109=EDGE_LOOP('',(#3110,#3111,#1913,#3115));
#3110=ORIENTED_EDGE('',*,*,#915,.F.);
#3111=ORIENTED_EDGE('',*,*,#3112,.T.);
#3112=EDGE_CURVE('',#910,#1909,#3113,.T.);
#3113=LINE('',#3114,#224);
#3114=CARTESIAN_POINT('',(10.5,-4.61,-25.50000015));
#3115=ORIENTED_EDGE('',*,*,#3101,.T.);
#3116=ADVANCED_FACE('',(#3117),#3125,.T.);
#3117=FACE_BOUND('',#3118,.T.);
#3118=EDGE_LOOP('',(#3119,#3120,#1907,#3124));
#3119=ORIENTED_EDGE('',*,*,#909,.F.);
#3120=ORIENTED_EDGE('',*,*,#3121,.T.);
#3121=EDGE_CURVE('',#903,#1902,#3122,.T.);
#3122=LINE('',#3123,#224);
#3123=CARTESIAN_POINT('',(8.89,-4.61,-51.0000003));
#3124=ORIENTED_EDGE('',*,*,#3112,.F.);
#3125=PLANE('',#3126);
#3126=AXIS2_PLACEMENT_3D('',#3123,#241,#14);
#3127=ADVANCED_FACE('',(#3128),#3136,.F.);
#3128=FACE_BOUND('',#3129,.T.);
#3129=EDGE_LOOP('',(#3130,#3131,#1900,#3135));
#3130=ORIENTED_EDGE('',*,*,#902,.F.);
#3131=ORIENTED_EDGE('',*,*,#3132,.T.);
#3132=EDGE_CURVE('',#897,#1896,#3133,.T.);
#3133=LINE('',#3134,#224);
#3134=CARTESIAN_POINT('',(8.89,-3.01,-51.0000003));
#3135=ORIENTED_EDGE('',*,*,#3121,.F.);
#3136=CYLINDRICAL_SURFACE('',#3137,0.8);
#3137=AXIS2_PLACEMENT_3D('',#3138,#287,#14);
#3138=CARTESIAN_POINT('',(8.89,-3.81,-51.0000003));
#3139=ADVANCED_FACE('',(#3140),#3148,.T.);
#3140=FACE_BOUND('',#3141,.T.);
#3141=EDGE_LOOP('',(#3142,#3143,#3144,#1894));
#3142=ORIENTED_EDGE('',*,*,#3132,.F.);
#3143=ORIENTED_EDGE('',*,*,#896,.F.);
#3144=ORIENTED_EDGE('',*,*,#3145,.F.);
#3145=EDGE_CURVE('',#1892,#893,#3146,.T.);
#3146=LINE('',#3147,#286);
#3147=CARTESIAN_POINT('',(10.5,-3.01,-25.50000015));
#3148=PLANE('',#3149);
#3149=AXIS2_PLACEMENT_3D('',#3150,#275,#265);
#3150=CARTESIAN_POINT('',(12.11,-3.01,-51.0000003));
#3151=ADVANCED_FACE('',(#3152),#288,.T.);
#3152=FACE_BOUND('',#3153,.T.);
#3153=EDGE_LOOP('',(#3154,#3155,#1890,#3159));
#3154=ORIENTED_EDGE('',*,*,#892,.F.);
#3155=ORIENTED_EDGE('',*,*,#3156,.T.);
#3156=EDGE_CURVE('',#887,#1886,#3157,.T.);
#3157=LINE('',#3158,#224);
#3158=CARTESIAN_POINT('',(10.5,-2.07,-25.50000015));
#3159=ORIENTED_EDGE('',*,*,#3145,.T.);
#3160=ADVANCED_FACE('',(#3161),#3169,.T.);
#3161=FACE_BOUND('',#3162,.T.);
#3162=EDGE_LOOP('',(#3163,#3164,#1884,#3168));
#3163=ORIENTED_EDGE('',*,*,#886,.F.);
#3164=ORIENTED_EDGE('',*,*,#3165,.T.);
#3165=EDGE_CURVE('',#880,#1879,#3166,.T.);
#3166=LINE('',#3167,#224);
#3167=CARTESIAN_POINT('',(8.89,-2.07,-51.0000003));
#3168=ORIENTED_EDGE('',*,*,#3156,.F.);
#3169=PLANE('',#3170);
#3170=AXIS2_PLACEMENT_3D('',#3167,#241,#14);
#3171=ADVANCED_FACE('',(#3172),#3180,.F.);
#3172=FACE_BOUND('',#3173,.T.);
#3173=EDGE_LOOP('',(#3174,#3175,#1877,#3179));
#3174=ORIENTED_EDGE('',*,*,#879,.F.);
#3175=ORIENTED_EDGE('',*,*,#3176,.T.);
#3176=EDGE_CURVE('',#874,#1873,#3177,.T.);
#3177=LINE('',#3178,#224);
#3178=CARTESIAN_POINT('',(8.89,-0.47,-51.0000003));
#3179=ORIENTED_EDGE('',*,*,#3165,.F.);
#3180=CYLINDRICAL_SURFACE('',#3181,0.8);
#3181=AXIS2_PLACEMENT_3D('',#3182,#287,#14);
#3182=CARTESIAN_POINT('',(8.89,-1.27,-51.0000003));
#3183=ADVANCED_FACE('',(#3184),#3192,.T.);
#3184=FACE_BOUND('',#3185,.T.);
#3185=EDGE_LOOP('',(#3186,#3187,#3188,#1871));
#3186=ORIENTED_EDGE('',*,*,#3176,.F.);
#3187=ORIENTED_EDGE('',*,*,#873,.F.);
#3188=ORIENTED_EDGE('',*,*,#3189,.F.);
#3189=EDGE_CURVE('',#1869,#870,#3190,.T.);
#3190=LINE('',#3191,#286);
#3191=CARTESIAN_POINT('',(10.5,-0.47,-25.50000015));
#3192=PLANE('',#3193);
#3193=AXIS2_PLACEMENT_3D('',#3194,#275,#265);
#3194=CARTESIAN_POINT('',(12.11,-0.47,-51.0000003));
#3195=ADVANCED_FACE('',(#3196),#288,.T.);
#3196=FACE_BOUND('',#3197,.T.);
#3197=EDGE_LOOP('',(#3198,#3199,#1867,#3203));
#3198=ORIENTED_EDGE('',*,*,#869,.F.);
#3199=ORIENTED_EDGE('',*,*,#3200,.T.);
#3200=EDGE_CURVE('',#864,#1863,#3201,.T.);
#3201=LINE('',#3202,#224);
#3202=CARTESIAN_POINT('',(10.5,0.47,-25.50000015));
#3203=ORIENTED_EDGE('',*,*,#3189,.T.);
#3204=ADVANCED_FACE('',(#3205),#3213,.T.);
#3205=FACE_BOUND('',#3206,.T.);
#3206=EDGE_LOOP('',(#3207,#3208,#1861,#3212));
#3207=ORIENTED_EDGE('',*,*,#863,.F.);
#3208=ORIENTED_EDGE('',*,*,#3209,.T.);
#3209=EDGE_CURVE('',#857,#1856,#3210,.T.);
#3210=LINE('',#3211,#224);
#3211=CARTESIAN_POINT('',(8.89,0.47,-51.0000003));
#3212=ORIENTED_EDGE('',*,*,#3200,.F.);
#3213=PLANE('',#3214);
#3214=AXIS2_PLACEMENT_3D('',#3211,#241,#14);
#3215=ADVANCED_FACE('',(#3216),#3224,.F.);
#3216=FACE_BOUND('',#3217,.T.);
#3217=EDGE_LOOP('',(#3218,#3219,#1854,#3223));
#3218=ORIENTED_EDGE('',*,*,#856,.F.);
#3219=ORIENTED_EDGE('',*,*,#3220,.T.);
#3220=EDGE_CURVE('',#851,#1850,#3221,.T.);
#3221=LINE('',#3222,#224);
#3222=CARTESIAN_POINT('',(8.89,2.07,-51.0000003));
#3223=ORIENTED_EDGE('',*,*,#3209,.F.);
#3224=CYLINDRICAL_SURFACE('',#3225,0.8);
#3225=AXIS2_PLACEMENT_3D('',#3226,#287,#14);
#3226=CARTESIAN_POINT('',(8.89,1.27,-51.0000003));
#3227=ADVANCED_FACE('',(#3228),#3236,.T.);
#3228=FACE_BOUND('',#3229,.T.);
#3229=EDGE_LOOP('',(#3230,#3231,#3232,#1848));
#3230=ORIENTED_EDGE('',*,*,#3220,.F.);
#3231=ORIENTED_EDGE('',*,*,#850,.F.);
#3232=ORIENTED_EDGE('',*,*,#3233,.F.);
#3233=EDGE_CURVE('',#1846,#847,#3234,.T.);
#3234=LINE('',#3235,#286);
#3235=CARTESIAN_POINT('',(10.5,2.07,-25.50000015));
#3236=PLANE('',#3237);
#3237=AXIS2_PLACEMENT_3D('',#3238,#275,#265);
#3238=CARTESIAN_POINT('',(12.11,2.07,-51.0000003));
#3239=ADVANCED_FACE('',(#3240),#288,.T.);
#3240=FACE_BOUND('',#3241,.T.);
#3241=EDGE_LOOP('',(#3242,#3243,#1844,#3247));
#3242=ORIENTED_EDGE('',*,*,#846,.F.);
#3243=ORIENTED_EDGE('',*,*,#3244,.T.);
#3244=EDGE_CURVE('',#841,#1840,#3245,.T.);
#3245=LINE('',#3246,#224);
#3246=CARTESIAN_POINT('',(10.5,3.01,-25.50000015));
#3247=ORIENTED_EDGE('',*,*,#3233,.T.);
#3248=ADVANCED_FACE('',(#3249),#3257,.T.);
#3249=FACE_BOUND('',#3250,.T.);
#3250=EDGE_LOOP('',(#3251,#3252,#1838,#3256));
#3251=ORIENTED_EDGE('',*,*,#840,.F.);
#3252=ORIENTED_EDGE('',*,*,#3253,.T.);
#3253=EDGE_CURVE('',#834,#1833,#3254,.T.);
#3254=LINE('',#3255,#224);
#3255=CARTESIAN_POINT('',(8.89,3.01,-51.0000003));
#3256=ORIENTED_EDGE('',*,*,#3244,.F.);
#3257=PLANE('',#3258);
#3258=AXIS2_PLACEMENT_3D('',#3255,#241,#14);
#3259=ADVANCED_FACE('',(#3260),#3268,.F.);
#3260=FACE_BOUND('',#3261,.T.);
#3261=EDGE_LOOP('',(#3262,#3263,#1831,#3267));
#3262=ORIENTED_EDGE('',*,*,#833,.F.);
#3263=ORIENTED_EDGE('',*,*,#3264,.T.);
#3264=EDGE_CURVE('',#828,#1827,#3265,.T.);
#3265=LINE('',#3266,#224);
#3266=CARTESIAN_POINT('',(8.89,4.61,-51.0000003));
#3267=ORIENTED_EDGE('',*,*,#3253,.F.);
#3268=CYLINDRICAL_SURFACE('',#3269,0.8);
#3269=AXIS2_PLACEMENT_3D('',#3270,#287,#14);
#3270=CARTESIAN_POINT('',(8.89,3.81,-51.0000003));
#3271=ADVANCED_FACE('',(#3272),#3280,.T.);
#3272=FACE_BOUND('',#3273,.T.);
#3273=EDGE_LOOP('',(#3274,#3275,#3276,#1825));
#3274=ORIENTED_EDGE('',*,*,#3264,.F.);
#3275=ORIENTED_EDGE('',*,*,#827,.F.);
#3276=ORIENTED_EDGE('',*,*,#3277,.F.);
#3277=EDGE_CURVE('',#1823,#824,#3278,.T.);
#3278=LINE('',#3279,#286);
#3279=CARTESIAN_POINT('',(10.5,4.61,-25.50000015));
#3280=PLANE('',#3281);
#3281=AXIS2_PLACEMENT_3D('',#3282,#275,#265);
#3282=CARTESIAN_POINT('',(12.11,4.61,-51.0000003));
#3283=ADVANCED_FACE('',(#3284),#288,.T.);
#3284=FACE_BOUND('',#3285,.T.);
#3285=EDGE_LOOP('',(#3286,#3287,#1821,#3291));
#3286=ORIENTED_EDGE('',*,*,#823,.F.);
#3287=ORIENTED_EDGE('',*,*,#3288,.T.);
#3288=EDGE_CURVE('',#818,#1817,#3289,.T.);
#3289=LINE('',#3290,#224);
#3290=CARTESIAN_POINT('',(10.5,5.55,-25.50000015));
#3291=ORIENTED_EDGE('',*,*,#3277,.T.);
#3292=ADVANCED_FACE('',(#3293),#3301,.T.);
#3293=FACE_BOUND('',#3294,.T.);
#3294=EDGE_LOOP('',(#3295,#3296,#1815,#3300));
#3295=ORIENTED_EDGE('',*,*,#817,.F.);
#3296=ORIENTED_EDGE('',*,*,#3297,.T.);
#3297=EDGE_CURVE('',#811,#1810,#3298,.T.);
#3298=LINE('',#3299,#224);
#3299=CARTESIAN_POINT('',(8.89,5.55,-51.0000003));
#3300=ORIENTED_EDGE('',*,*,#3288,.F.);
#3301=PLANE('',#3302);
#3302=AXIS2_PLACEMENT_3D('',#3299,#241,#14);
#3303=ADVANCED_FACE('',(#3304),#3312,.F.);
#3304=FACE_BOUND('',#3305,.T.);
#3305=EDGE_LOOP('',(#3306,#3307,#1808,#3311));
#3306=ORIENTED_EDGE('',*,*,#810,.F.);
#3307=ORIENTED_EDGE('',*,*,#3308,.T.);
#3308=EDGE_CURVE('',#805,#1804,#3309,.T.);
#3309=LINE('',#3310,#224);
#3310=CARTESIAN_POINT('',(8.89,7.15,-51.0000003));
#3311=ORIENTED_EDGE('',*,*,#3297,.F.);
#3312=CYLINDRICAL_SURFACE('',#3313,0.8);
#3313=AXIS2_PLACEMENT_3D('',#3314,#287,#14);
#3314=CARTESIAN_POINT('',(8.89,6.35,-51.0000003));
#3315=ADVANCED_FACE('',(#3316),#3324,.T.);
#3316=FACE_BOUND('',#3317,.T.);
#3317=EDGE_LOOP('',(#3318,#3319,#3320,#1802));
#3318=ORIENTED_EDGE('',*,*,#3308,.F.);
#3319=ORIENTED_EDGE('',*,*,#804,.F.);
#3320=ORIENTED_EDGE('',*,*,#3321,.F.);
#3321=EDGE_CURVE('',#1800,#801,#3322,.T.);
#3322=LINE('',#3323,#286);
#3323=CARTESIAN_POINT('',(10.5,7.15,-25.50000015));
#3324=PLANE('',#3325);
#3325=AXIS2_PLACEMENT_3D('',#3326,#275,#265);
#3326=CARTESIAN_POINT('',(12.11,7.15,-51.0000003));
#3327=ADVANCED_FACE('',(#3328),#288,.T.);
#3328=FACE_BOUND('',#3329,.T.);
#3329=EDGE_LOOP('',(#3330,#3331,#1798,#3335));
#3330=ORIENTED_EDGE('',*,*,#800,.F.);
#3331=ORIENTED_EDGE('',*,*,#3332,.T.);
#3332=EDGE_CURVE('',#795,#1794,#3333,.T.);
#3333=LINE('',#3334,#224);
#3334=CARTESIAN_POINT('',(10.5,8.09,-25.50000015));
#3335=ORIENTED_EDGE('',*,*,#3321,.T.);
#3336=ADVANCED_FACE('',(#3337),#3345,.T.);
#3337=FACE_BOUND('',#3338,.T.);
#3338=EDGE_LOOP('',(#3339,#3340,#1792,#3344));
#3339=ORIENTED_EDGE('',*,*,#794,.F.);
#3340=ORIENTED_EDGE('',*,*,#3341,.T.);
#3341=EDGE_CURVE('',#788,#1787,#3342,.T.);
#3342=LINE('',#3343,#224);
#3343=CARTESIAN_POINT('',(8.89,8.09,-51.0000003));
#3344=ORIENTED_EDGE('',*,*,#3332,.F.);
#3345=PLANE('',#3346);
#3346=AXIS2_PLACEMENT_3D('',#3343,#241,#14);
#3347=ADVANCED_FACE('',(#3348),#3356,.F.);
#3348=FACE_BOUND('',#3349,.T.);
#3349=EDGE_LOOP('',(#3350,#3351,#1785,#3355));
#3350=ORIENTED_EDGE('',*,*,#787,.F.);
#3351=ORIENTED_EDGE('',*,*,#3352,.T.);
#3352=EDGE_CURVE('',#782,#1781,#3353,.T.);
#3353=LINE('',#3354,#224);
#3354=CARTESIAN_POINT('',(8.89,9.69,-51.0000003));
#3355=ORIENTED_EDGE('',*,*,#3341,.F.);
#3356=CYLINDRICAL_SURFACE('',#3357,0.8);
#3357=AXIS2_PLACEMENT_3D('',#3358,#287,#14);
#3358=CARTESIAN_POINT('',(8.89,8.89,-51.0000003));
#3359=ADVANCED_FACE('',(#3360),#3368,.T.);
#3360=FACE_BOUND('',#3361,.T.);
#3361=EDGE_LOOP('',(#3362,#3363,#3364,#1779));
#3362=ORIENTED_EDGE('',*,*,#3352,.F.);
#3363=ORIENTED_EDGE('',*,*,#781,.F.);
#3364=ORIENTED_EDGE('',*,*,#3365,.F.);
#3365=EDGE_CURVE('',#1777,#778,#3366,.T.);
#3366=LINE('',#3367,#286);
#3367=CARTESIAN_POINT('',(10.5,9.69,-25.50000015));
#3368=PLANE('',#3369);
#3369=AXIS2_PLACEMENT_3D('',#3370,#275,#265);
#3370=CARTESIAN_POINT('',(12.11,9.69,-51.0000003));
#3371=ADVANCED_FACE('',(#3372),#288,.T.);
#3372=FACE_BOUND('',#3373,.T.);
#3373=EDGE_LOOP('',(#3374,#3375,#1775,#3379));
#3374=ORIENTED_EDGE('',*,*,#777,.F.);
#3375=ORIENTED_EDGE('',*,*,#3376,.T.);
#3376=EDGE_CURVE('',#772,#1771,#3377,.T.);
#3377=LINE('',#3378,#224);
#3378=CARTESIAN_POINT('',(10.5,10.63,-25.50000015));
#3379=ORIENTED_EDGE('',*,*,#3365,.T.);
#3380=ADVANCED_FACE('',(#3381),#3389,.T.);
#3381=FACE_BOUND('',#3382,.T.);
#3382=EDGE_LOOP('',(#3383,#3384,#1769,#3388));
#3383=ORIENTED_EDGE('',*,*,#771,.F.);
#3384=ORIENTED_EDGE('',*,*,#3385,.T.);
#3385=EDGE_CURVE('',#765,#1764,#3386,.T.);
#3386=LINE('',#3387,#224);
#3387=CARTESIAN_POINT('',(8.89,10.63,-51.0000003));
#3388=ORIENTED_EDGE('',*,*,#3376,.F.);
#3389=PLANE('',#3390);
#3390=AXIS2_PLACEMENT_3D('',#3387,#241,#14);
#3391=ADVANCED_FACE('',(#3392),#3400,.F.);
#3392=FACE_BOUND('',#3393,.T.);
#3393=EDGE_LOOP('',(#3394,#3395,#1762,#3399));
#3394=ORIENTED_EDGE('',*,*,#764,.F.);
#3395=ORIENTED_EDGE('',*,*,#3396,.T.);
#3396=EDGE_CURVE('',#759,#1758,#3397,.T.);
#3397=LINE('',#3398,#224);
#3398=CARTESIAN_POINT('',(8.89,12.23,-51.0000003));
#3399=ORIENTED_EDGE('',*,*,#3385,.F.);
#3400=CYLINDRICAL_SURFACE('',#3401,0.8);
#3401=AXIS2_PLACEMENT_3D('',#3402,#287,#14);
#3402=CARTESIAN_POINT('',(8.89,11.43,-51.0000003));
#3403=ADVANCED_FACE('',(#3404),#3412,.T.);
#3404=FACE_BOUND('',#3405,.T.);
#3405=EDGE_LOOP('',(#3406,#3407,#3408,#1756));
#3406=ORIENTED_EDGE('',*,*,#3396,.F.);
#3407=ORIENTED_EDGE('',*,*,#758,.F.);
#3408=ORIENTED_EDGE('',*,*,#3409,.F.);
#3409=EDGE_CURVE('',#1754,#755,#3410,.T.);
#3410=LINE('',#3411,#286);
#3411=CARTESIAN_POINT('',(10.5,12.23,-25.50000015));
#3412=PLANE('',#3413);
#3413=AXIS2_PLACEMENT_3D('',#3414,#275,#265);
#3414=CARTESIAN_POINT('',(12.11,12.23,-51.0000003));
#3415=ADVANCED_FACE('',(#3416),#288,.T.);
#3416=FACE_BOUND('',#3417,.T.);
#3417=EDGE_LOOP('',(#3418,#3419,#1752,#3423));
#3418=ORIENTED_EDGE('',*,*,#754,.F.);
#3419=ORIENTED_EDGE('',*,*,#3420,.T.);
#3420=EDGE_CURVE('',#749,#1748,#3421,.T.);
#3421=LINE('',#3422,#224);
#3422=CARTESIAN_POINT('',(10.5,13.17,-25.50000015));
#3423=ORIENTED_EDGE('',*,*,#3409,.T.);
#3424=ADVANCED_FACE('',(#3425),#3433,.T.);
#3425=FACE_BOUND('',#3426,.T.);
#3426=EDGE_LOOP('',(#3427,#3428,#1746,#3432));
#3427=ORIENTED_EDGE('',*,*,#748,.F.);
#3428=ORIENTED_EDGE('',*,*,#3429,.T.);
#3429=EDGE_CURVE('',#742,#1741,#3430,.T.);
#3430=LINE('',#3431,#224);
#3431=CARTESIAN_POINT('',(8.89,13.17,-51.0000003));
#3432=ORIENTED_EDGE('',*,*,#3420,.F.);
#3433=PLANE('',#3434);
#3434=AXIS2_PLACEMENT_3D('',#3431,#241,#14);
#3435=ADVANCED_FACE('',(#3436),#3444,.F.);
#3436=FACE_BOUND('',#3437,.T.);
#3437=EDGE_LOOP('',(#3438,#3439,#1739,#3443));
#3438=ORIENTED_EDGE('',*,*,#741,.F.);
#3439=ORIENTED_EDGE('',*,*,#3440,.T.);
#3440=EDGE_CURVE('',#736,#1735,#3441,.T.);
#3441=LINE('',#3442,#224);
#3442=CARTESIAN_POINT('',(8.89,14.77,-51.0000003));
#3443=ORIENTED_EDGE('',*,*,#3429,.F.);
#3444=CYLINDRICAL_SURFACE('',#3445,0.8);
#3445=AXIS2_PLACEMENT_3D('',#3446,#287,#14);
#3446=CARTESIAN_POINT('',(8.89,13.97,-51.0000003));
#3447=ADVANCED_FACE('',(#3448),#3456,.T.);
#3448=FACE_BOUND('',#3449,.T.);
#3449=EDGE_LOOP('',(#3450,#3451,#3452,#1733));
#3450=ORIENTED_EDGE('',*,*,#3440,.F.);
#3451=ORIENTED_EDGE('',*,*,#735,.F.);
#3452=ORIENTED_EDGE('',*,*,#3453,.F.);
#3453=EDGE_CURVE('',#1731,#732,#3454,.T.);
#3454=LINE('',#3455,#286);
#3455=CARTESIAN_POINT('',(10.5,14.77,-25.50000015));
#3456=PLANE('',#3457);
#3457=AXIS2_PLACEMENT_3D('',#3458,#275,#265);
#3458=CARTESIAN_POINT('',(12.11,14.77,-51.0000003));
#3459=ADVANCED_FACE('',(#3460),#288,.T.);
#3460=FACE_BOUND('',#3461,.T.);
#3461=EDGE_LOOP('',(#3462,#3463,#1729,#3467));
#3462=ORIENTED_EDGE('',*,*,#731,.F.);
#3463=ORIENTED_EDGE('',*,*,#3464,.T.);
#3464=EDGE_CURVE('',#726,#1725,#3465,.T.);
#3465=LINE('',#3466,#224);
#3466=CARTESIAN_POINT('',(10.5,15.71,-25.50000015));
#3467=ORIENTED_EDGE('',*,*,#3453,.T.);
#3468=ADVANCED_FACE('',(#3469),#3477,.T.);
#3469=FACE_BOUND('',#3470,.T.);
#3470=EDGE_LOOP('',(#3471,#3472,#1723,#3476));
#3471=ORIENTED_EDGE('',*,*,#725,.F.);
#3472=ORIENTED_EDGE('',*,*,#3473,.T.);
#3473=EDGE_CURVE('',#719,#1718,#3474,.T.);
#3474=LINE('',#3475,#224);
#3475=CARTESIAN_POINT('',(8.89,15.71,-51.0000003));
#3476=ORIENTED_EDGE('',*,*,#3464,.F.);
#3477=PLANE('',#3478);
#3478=AXIS2_PLACEMENT_3D('',#3475,#241,#14);
#3479=ADVANCED_FACE('',(#3480),#3488,.F.);
#3480=FACE_BOUND('',#3481,.T.);
#3481=EDGE_LOOP('',(#3482,#3483,#1716,#3487));
#3482=ORIENTED_EDGE('',*,*,#718,.F.);
#3483=ORIENTED_EDGE('',*,*,#3484,.T.);
#3484=EDGE_CURVE('',#713,#1712,#3485,.T.);
#3485=LINE('',#3486,#224);
#3486=CARTESIAN_POINT('',(8.89,17.31,-51.0000003));
#3487=ORIENTED_EDGE('',*,*,#3473,.F.);
#3488=CYLINDRICAL_SURFACE('',#3489,0.8);
#3489=AXIS2_PLACEMENT_3D('',#3490,#287,#14);
#3490=CARTESIAN_POINT('',(8.89,16.51,-51.0000003));
#3491=ADVANCED_FACE('',(#3492),#3500,.T.);
#3492=FACE_BOUND('',#3493,.T.);
#3493=EDGE_LOOP('',(#3494,#3495,#3496,#1710));
#3494=ORIENTED_EDGE('',*,*,#3484,.F.);
#3495=ORIENTED_EDGE('',*,*,#712,.F.);
#3496=ORIENTED_EDGE('',*,*,#3497,.F.);
#3497=EDGE_CURVE('',#1708,#709,#3498,.T.);
#3498=LINE('',#3499,#286);
#3499=CARTESIAN_POINT('',(10.5,17.31,-25.50000015));
#3500=PLANE('',#3501);
#3501=AXIS2_PLACEMENT_3D('',#3502,#275,#265);
#3502=CARTESIAN_POINT('',(12.11,17.31,-51.0000003));
#3503=ADVANCED_FACE('',(#3504),#288,.T.);
#3504=FACE_BOUND('',#3505,.T.);
#3505=EDGE_LOOP('',(#3506,#3507,#1706,#3511));
#3506=ORIENTED_EDGE('',*,*,#708,.F.);
#3507=ORIENTED_EDGE('',*,*,#3508,.T.);
#3508=EDGE_CURVE('',#703,#1702,#3509,.T.);
#3509=LINE('',#3510,#224);
#3510=CARTESIAN_POINT('',(10.5,18.25,-25.50000015));
#3511=ORIENTED_EDGE('',*,*,#3497,.T.);
#3512=ADVANCED_FACE('',(#3513),#3521,.T.);
#3513=FACE_BOUND('',#3514,.T.);
#3514=EDGE_LOOP('',(#3515,#3516,#1700,#3520));
#3515=ORIENTED_EDGE('',*,*,#702,.F.);
#3516=ORIENTED_EDGE('',*,*,#3517,.T.);
#3517=EDGE_CURVE('',#696,#1695,#3518,.T.);
#3518=LINE('',#3519,#224);
#3519=CARTESIAN_POINT('',(8.89,18.25,-51.0000003));
#3520=ORIENTED_EDGE('',*,*,#3508,.F.);
#3521=PLANE('',#3522);
#3522=AXIS2_PLACEMENT_3D('',#3519,#241,#14);
#3523=ADVANCED_FACE('',(#3524),#3532,.F.);
#3524=FACE_BOUND('',#3525,.T.);
#3525=EDGE_LOOP('',(#3526,#3527,#1693,#3531));
#3526=ORIENTED_EDGE('',*,*,#695,.F.);
#3527=ORIENTED_EDGE('',*,*,#3528,.T.);
#3528=EDGE_CURVE('',#690,#1689,#3529,.T.);
#3529=LINE('',#3530,#224);
#3530=CARTESIAN_POINT('',(8.89,19.85,-51.0000003));
#3531=ORIENTED_EDGE('',*,*,#3517,.F.);
#3532=CYLINDRICAL_SURFACE('',#3533,0.8);
#3533=AXIS2_PLACEMENT_3D('',#3534,#287,#14);
#3534=CARTESIAN_POINT('',(8.89,19.05,-51.0000003));
#3535=ADVANCED_FACE('',(#3536),#3544,.T.);
#3536=FACE_BOUND('',#3537,.T.);
#3537=EDGE_LOOP('',(#3538,#3539,#3540,#1687));
#3538=ORIENTED_EDGE('',*,*,#3528,.F.);
#3539=ORIENTED_EDGE('',*,*,#689,.F.);
#3540=ORIENTED_EDGE('',*,*,#3541,.F.);
#3541=EDGE_CURVE('',#1685,#686,#3542,.T.);
#3542=LINE('',#3543,#286);
#3543=CARTESIAN_POINT('',(10.5,19.85,-25.50000015));
#3544=PLANE('',#3545);
#3545=AXIS2_PLACEMENT_3D('',#3546,#275,#265);
#3546=CARTESIAN_POINT('',(12.11,19.85,-51.0000003));
#3547=ADVANCED_FACE('',(#3548),#288,.T.);
#3548=FACE_BOUND('',#3549,.T.);
#3549=EDGE_LOOP('',(#3550,#3551,#1683,#3555));
#3550=ORIENTED_EDGE('',*,*,#685,.F.);
#3551=ORIENTED_EDGE('',*,*,#3552,.T.);
#3552=EDGE_CURVE('',#680,#1679,#3553,.T.);
#3553=LINE('',#3554,#224);
#3554=CARTESIAN_POINT('',(10.5,20.79,-25.50000015));
#3555=ORIENTED_EDGE('',*,*,#3541,.T.);
#3556=ADVANCED_FACE('',(#3557),#3565,.T.);
#3557=FACE_BOUND('',#3558,.T.);
#3558=EDGE_LOOP('',(#3559,#3560,#1677,#3564));
#3559=ORIENTED_EDGE('',*,*,#679,.F.);
#3560=ORIENTED_EDGE('',*,*,#3561,.T.);
#3561=EDGE_CURVE('',#673,#1672,#3562,.T.);
#3562=LINE('',#3563,#224);
#3563=CARTESIAN_POINT('',(8.89,20.79,-51.0000003));
#3564=ORIENTED_EDGE('',*,*,#3552,.F.);
#3565=PLANE('',#3566);
#3566=AXIS2_PLACEMENT_3D('',#3563,#241,#14);
#3567=ADVANCED_FACE('',(#3568),#3576,.F.);
#3568=FACE_BOUND('',#3569,.T.);
#3569=EDGE_LOOP('',(#3570,#3571,#1670,#3575));
#3570=ORIENTED_EDGE('',*,*,#672,.F.);
#3571=ORIENTED_EDGE('',*,*,#3572,.T.);
#3572=EDGE_CURVE('',#667,#1666,#3573,.T.);
#3573=LINE('',#3574,#224);
#3574=CARTESIAN_POINT('',(8.89,22.39,-51.0000003));
#3575=ORIENTED_EDGE('',*,*,#3561,.F.);
#3576=CYLINDRICAL_SURFACE('',#3577,0.8);
#3577=AXIS2_PLACEMENT_3D('',#3578,#287,#14);
#3578=CARTESIAN_POINT('',(8.89,21.59,-51.0000003));
#3579=ADVANCED_FACE('',(#3580),#3588,.T.);
#3580=FACE_BOUND('',#3581,.T.);
#3581=EDGE_LOOP('',(#3582,#3583,#3584,#1664));
#3582=ORIENTED_EDGE('',*,*,#3572,.F.);
#3583=ORIENTED_EDGE('',*,*,#666,.F.);
#3584=ORIENTED_EDGE('',*,*,#3585,.F.);
#3585=EDGE_CURVE('',#1662,#663,#3586,.T.);
#3586=LINE('',#3587,#286);
#3587=CARTESIAN_POINT('',(10.5,22.39,-25.50000015));
#3588=PLANE('',#3589);
#3589=AXIS2_PLACEMENT_3D('',#3590,#275,#265);
#3590=CARTESIAN_POINT('',(12.11,22.39,-51.0000003));
#3591=ADVANCED_FACE('',(#3592),#288,.T.);
#3592=FACE_BOUND('',#3593,.T.);
#3593=EDGE_LOOP('',(#3594,#3595,#1660,#3599));
#3594=ORIENTED_EDGE('',*,*,#662,.F.);
#3595=ORIENTED_EDGE('',*,*,#3596,.T.);
#3596=EDGE_CURVE('',#657,#1656,#3597,.T.);
#3597=LINE('',#3598,#224);
#3598=CARTESIAN_POINT('',(10.5,23.33,-25.50000015));
#3599=ORIENTED_EDGE('',*,*,#3585,.T.);
#3600=ADVANCED_FACE('',(#3601),#3609,.T.);
#3601=FACE_BOUND('',#3602,.T.);
#3602=EDGE_LOOP('',(#3603,#3604,#1654,#3608));
#3603=ORIENTED_EDGE('',*,*,#656,.F.);
#3604=ORIENTED_EDGE('',*,*,#3605,.T.);
#3605=EDGE_CURVE('',#650,#1649,#3606,.T.);
#3606=LINE('',#3607,#224);
#3607=CARTESIAN_POINT('',(8.89,23.33,-51.0000003));
#3608=ORIENTED_EDGE('',*,*,#3596,.F.);
#3609=PLANE('',#3610);
#3610=AXIS2_PLACEMENT_3D('',#3607,#241,#14);
#3611=ADVANCED_FACE('',(#3612),#3617,.F.);
#3612=FACE_BOUND('',#3613,.T.);
#3613=EDGE_LOOP('',(#3614,#3615,#1647,#3616));
#3614=ORIENTED_EDGE('',*,*,#649,.F.);
#3615=ORIENTED_EDGE('',*,*,#2374,.T.);
#3616=ORIENTED_EDGE('',*,*,#3605,.F.);
#3617=CYLINDRICAL_SURFACE('',#3618,0.8);
#3618=AXIS2_PLACEMENT_3D('',#3619,#287,#14);
#3619=CARTESIAN_POINT('',(8.89,24.13,-51.0000003));
#3620=ADVANCED_FACE('',(#3621),#3629,.F.);
#3621=FACE_BOUND('',#3622,.T.);
#3622=EDGE_LOOP('',(#3623,#3624,#1630,#3628));
#3623=ORIENTED_EDGE('',*,*,#629,.F.);
#3624=ORIENTED_EDGE('',*,*,#3625,.T.);
#3625=EDGE_CURVE('',#624,#1626,#3626,.T.);
#3626=LINE('',#3627,#224);
#3627=CARTESIAN_POINT('',(-8.89,23.33,-51.0000002));
#3628=ORIENTED_EDGE('',*,*,#2364,.F.);
#3629=CYLINDRICAL_SURFACE('',#3630,0.8);
#3630=AXIS2_PLACEMENT_3D('',#3631,#287,#14);
#3631=CARTESIAN_POINT('',(-8.89,24.13,-51.0000003));
#3632=ADVANCED_FACE('',(#3633),#3641,.T.);
#3633=FACE_BOUND('',#3634,.T.);
#3634=EDGE_LOOP('',(#3635,#3636,#3637,#1624));
#3635=ORIENTED_EDGE('',*,*,#3625,.F.);
#3636=ORIENTED_EDGE('',*,*,#623,.F.);
#3637=ORIENTED_EDGE('',*,*,#3638,.F.);
#3638=EDGE_CURVE('',#1622,#620,#3639,.T.);
#3639=LINE('',#3640,#286);
#3640=CARTESIAN_POINT('',(-10.5,23.33,-25.5000001));
#3641=PLANE('',#3642);
#3642=AXIS2_PLACEMENT_3D('',#3643,#241,#14);
#3643=CARTESIAN_POINT('',(-12.11,23.33,-51.0000002));
#3644=ADVANCED_FACE('',(#3645),#263,.T.);
#3645=FACE_BOUND('',#3646,.T.);
#3646=EDGE_LOOP('',(#3647,#3648,#1620,#3652));
#3647=ORIENTED_EDGE('',*,*,#619,.F.);
#3648=ORIENTED_EDGE('',*,*,#3649,.T.);
#3649=EDGE_CURVE('',#614,#1616,#3650,.T.);
#3650=LINE('',#3651,#224);
#3651=CARTESIAN_POINT('',(-10.5,22.39,-25.50000015));
#3652=ORIENTED_EDGE('',*,*,#3638,.T.);
#3653=ADVANCED_FACE('',(#3654),#3662,.T.);
#3654=FACE_BOUND('',#3655,.T.);
#3655=EDGE_LOOP('',(#3656,#3657,#1614,#3661));
#3656=ORIENTED_EDGE('',*,*,#613,.F.);
#3657=ORIENTED_EDGE('',*,*,#3658,.T.);
#3658=EDGE_CURVE('',#607,#1609,#3659,.T.);
#3659=LINE('',#3660,#224);
#3660=CARTESIAN_POINT('',(-8.89,22.39,-51.0000003));
#3661=ORIENTED_EDGE('',*,*,#3649,.F.);
#3662=PLANE('',#3663);
#3663=AXIS2_PLACEMENT_3D('',#3660,#275,#265);
#3664=ADVANCED_FACE('',(#3665),#3673,.F.);
#3665=FACE_BOUND('',#3666,.T.);
#3666=EDGE_LOOP('',(#3667,#3668,#1607,#3672));
#3667=ORIENTED_EDGE('',*,*,#606,.F.);
#3668=ORIENTED_EDGE('',*,*,#3669,.T.);
#3669=EDGE_CURVE('',#601,#1603,#3670,.T.);
#3670=LINE('',#3671,#224);
#3671=CARTESIAN_POINT('',(-8.89,20.79,-51.0000003));
#3672=ORIENTED_EDGE('',*,*,#3658,.F.);
#3673=CYLINDRICAL_SURFACE('',#3674,0.8);
#3674=AXIS2_PLACEMENT_3D('',#3675,#287,#14);
#3675=CARTESIAN_POINT('',(-8.89,21.59,-51.0000003));
#3676=ADVANCED_FACE('',(#3677),#3685,.T.);
#3677=FACE_BOUND('',#3678,.T.);
#3678=EDGE_LOOP('',(#3679,#3680,#3681,#1601));
#3679=ORIENTED_EDGE('',*,*,#3669,.F.);
#3680=ORIENTED_EDGE('',*,*,#600,.F.);
#3681=ORIENTED_EDGE('',*,*,#3682,.F.);
#3682=EDGE_CURVE('',#1599,#597,#3683,.T.);
#3683=LINE('',#3684,#286);
#3684=CARTESIAN_POINT('',(-10.5,20.79,-25.50000015));
#3685=PLANE('',#3686);
#3686=AXIS2_PLACEMENT_3D('',#3687,#241,#14);
#3687=CARTESIAN_POINT('',(-12.11,20.79,-51.0000003));
#3688=ADVANCED_FACE('',(#3689),#263,.T.);
#3689=FACE_BOUND('',#3690,.T.);
#3690=EDGE_LOOP('',(#3691,#3692,#1597,#3696));
#3691=ORIENTED_EDGE('',*,*,#596,.F.);
#3692=ORIENTED_EDGE('',*,*,#3693,.T.);
#3693=EDGE_CURVE('',#591,#1593,#3694,.T.);
#3694=LINE('',#3695,#224);
#3695=CARTESIAN_POINT('',(-10.5,19.85,-25.50000015));
#3696=ORIENTED_EDGE('',*,*,#3682,.T.);
#3697=ADVANCED_FACE('',(#3698),#3706,.T.);
#3698=FACE_BOUND('',#3699,.T.);
#3699=EDGE_LOOP('',(#3700,#3701,#1591,#3705));
#3700=ORIENTED_EDGE('',*,*,#590,.F.);
#3701=ORIENTED_EDGE('',*,*,#3702,.T.);
#3702=EDGE_CURVE('',#584,#1586,#3703,.T.);
#3703=LINE('',#3704,#224);
#3704=CARTESIAN_POINT('',(-8.89,19.85,-51.0000003));
#3705=ORIENTED_EDGE('',*,*,#3693,.F.);
#3706=PLANE('',#3707);
#3707=AXIS2_PLACEMENT_3D('',#3704,#275,#265);
#3708=ADVANCED_FACE('',(#3709),#3717,.F.);
#3709=FACE_BOUND('',#3710,.T.);
#3710=EDGE_LOOP('',(#3711,#3712,#1584,#3716));
#3711=ORIENTED_EDGE('',*,*,#583,.F.);
#3712=ORIENTED_EDGE('',*,*,#3713,.T.);
#3713=EDGE_CURVE('',#578,#1580,#3714,.T.);
#3714=LINE('',#3715,#224);
#3715=CARTESIAN_POINT('',(-8.89,18.25,-51.0000003));
#3716=ORIENTED_EDGE('',*,*,#3702,.F.);
#3717=CYLINDRICAL_SURFACE('',#3718,0.8);
#3718=AXIS2_PLACEMENT_3D('',#3719,#287,#14);
#3719=CARTESIAN_POINT('',(-8.89,19.05,-51.0000003));
#3720=ADVANCED_FACE('',(#3721),#3729,.T.);
#3721=FACE_BOUND('',#3722,.T.);
#3722=EDGE_LOOP('',(#3723,#3724,#3725,#1578));
#3723=ORIENTED_EDGE('',*,*,#3713,.F.);
#3724=ORIENTED_EDGE('',*,*,#577,.F.);
#3725=ORIENTED_EDGE('',*,*,#3726,.F.);
#3726=EDGE_CURVE('',#1576,#574,#3727,.T.);
#3727=LINE('',#3728,#286);
#3728=CARTESIAN_POINT('',(-10.5,18.25,-25.50000015));
#3729=PLANE('',#3730);
#3730=AXIS2_PLACEMENT_3D('',#3731,#241,#14);
#3731=CARTESIAN_POINT('',(-12.11,18.25,-51.0000003));
#3732=ADVANCED_FACE('',(#3733),#263,.T.);
#3733=FACE_BOUND('',#3734,.T.);
#3734=EDGE_LOOP('',(#3735,#3736,#1574,#3740));
#3735=ORIENTED_EDGE('',*,*,#573,.F.);
#3736=ORIENTED_EDGE('',*,*,#3737,.T.);
#3737=EDGE_CURVE('',#568,#1570,#3738,.T.);
#3738=LINE('',#3739,#224);
#3739=CARTESIAN_POINT('',(-10.5,17.31,-25.50000015));
#3740=ORIENTED_EDGE('',*,*,#3726,.T.);
#3741=ADVANCED_FACE('',(#3742),#3750,.T.);
#3742=FACE_BOUND('',#3743,.T.);
#3743=EDGE_LOOP('',(#3744,#3745,#1568,#3749));
#3744=ORIENTED_EDGE('',*,*,#567,.F.);
#3745=ORIENTED_EDGE('',*,*,#3746,.T.);
#3746=EDGE_CURVE('',#561,#1563,#3747,.T.);
#3747=LINE('',#3748,#224);
#3748=CARTESIAN_POINT('',(-8.89,17.31,-51.0000003));
#3749=ORIENTED_EDGE('',*,*,#3737,.F.);
#3750=PLANE('',#3751);
#3751=AXIS2_PLACEMENT_3D('',#3748,#275,#265);
#3752=ADVANCED_FACE('',(#3753),#3761,.F.);
#3753=FACE_BOUND('',#3754,.T.);
#3754=EDGE_LOOP('',(#3755,#3756,#1561,#3760));
#3755=ORIENTED_EDGE('',*,*,#560,.F.);
#3756=ORIENTED_EDGE('',*,*,#3757,.T.);
#3757=EDGE_CURVE('',#555,#1557,#3758,.T.);
#3758=LINE('',#3759,#224);
#3759=CARTESIAN_POINT('',(-8.89,15.71,-51.0000003));
#3760=ORIENTED_EDGE('',*,*,#3746,.F.);
#3761=CYLINDRICAL_SURFACE('',#3762,0.8);
#3762=AXIS2_PLACEMENT_3D('',#3763,#287,#14);
#3763=CARTESIAN_POINT('',(-8.89,16.51,-51.0000003));
#3764=ADVANCED_FACE('',(#3765),#3773,.T.);
#3765=FACE_BOUND('',#3766,.T.);
#3766=EDGE_LOOP('',(#3767,#3768,#3769,#1555));
#3767=ORIENTED_EDGE('',*,*,#3757,.F.);
#3768=ORIENTED_EDGE('',*,*,#554,.F.);
#3769=ORIENTED_EDGE('',*,*,#3770,.F.);
#3770=EDGE_CURVE('',#1553,#551,#3771,.T.);
#3771=LINE('',#3772,#286);
#3772=CARTESIAN_POINT('',(-10.5,15.71,-25.50000015));
#3773=PLANE('',#3774);
#3774=AXIS2_PLACEMENT_3D('',#3775,#241,#14);
#3775=CARTESIAN_POINT('',(-12.11,15.71,-51.0000003));
#3776=ADVANCED_FACE('',(#3777),#263,.T.);
#3777=FACE_BOUND('',#3778,.T.);
#3778=EDGE_LOOP('',(#3779,#3780,#1551,#3784));
#3779=ORIENTED_EDGE('',*,*,#550,.F.);
#3780=ORIENTED_EDGE('',*,*,#3781,.T.);
#3781=EDGE_CURVE('',#545,#1547,#3782,.T.);
#3782=LINE('',#3783,#224);
#3783=CARTESIAN_POINT('',(-10.5,14.77,-25.50000015));
#3784=ORIENTED_EDGE('',*,*,#3770,.T.);
#3785=ADVANCED_FACE('',(#3786),#3794,.T.);
#3786=FACE_BOUND('',#3787,.T.);
#3787=EDGE_LOOP('',(#3788,#3789,#1545,#3793));
#3788=ORIENTED_EDGE('',*,*,#544,.F.);
#3789=ORIENTED_EDGE('',*,*,#3790,.T.);
#3790=EDGE_CURVE('',#538,#1540,#3791,.T.);
#3791=LINE('',#3792,#224);
#3792=CARTESIAN_POINT('',(-8.89,14.77,-51.0000003));
#3793=ORIENTED_EDGE('',*,*,#3781,.F.);
#3794=PLANE('',#3795);
#3795=AXIS2_PLACEMENT_3D('',#3792,#275,#265);
#3796=ADVANCED_FACE('',(#3797),#3805,.F.);
#3797=FACE_BOUND('',#3798,.T.);
#3798=EDGE_LOOP('',(#3799,#3800,#1538,#3804));
#3799=ORIENTED_EDGE('',*,*,#537,.F.);
#3800=ORIENTED_EDGE('',*,*,#3801,.T.);
#3801=EDGE_CURVE('',#532,#1534,#3802,.T.);
#3802=LINE('',#3803,#224);
#3803=CARTESIAN_POINT('',(-8.89,13.17,-51.0000003));
#3804=ORIENTED_EDGE('',*,*,#3790,.F.);
#3805=CYLINDRICAL_SURFACE('',#3806,0.8);
#3806=AXIS2_PLACEMENT_3D('',#3807,#287,#14);
#3807=CARTESIAN_POINT('',(-8.89,13.97,-51.0000003));
#3808=ADVANCED_FACE('',(#3809),#3817,.T.);
#3809=FACE_BOUND('',#3810,.T.);
#3810=EDGE_LOOP('',(#3811,#3812,#3813,#1532));
#3811=ORIENTED_EDGE('',*,*,#3801,.F.);
#3812=ORIENTED_EDGE('',*,*,#531,.F.);
#3813=ORIENTED_EDGE('',*,*,#3814,.F.);
#3814=EDGE_CURVE('',#1530,#528,#3815,.T.);
#3815=LINE('',#3816,#286);
#3816=CARTESIAN_POINT('',(-10.5,13.17,-25.50000015));
#3817=PLANE('',#3818);
#3818=AXIS2_PLACEMENT_3D('',#3819,#241,#14);
#3819=CARTESIAN_POINT('',(-12.11,13.17,-51.0000003));
#3820=ADVANCED_FACE('',(#3821),#263,.T.);
#3821=FACE_BOUND('',#3822,.T.);
#3822=EDGE_LOOP('',(#3823,#3824,#1528,#3828));
#3823=ORIENTED_EDGE('',*,*,#527,.F.);
#3824=ORIENTED_EDGE('',*,*,#3825,.T.);
#3825=EDGE_CURVE('',#522,#1524,#3826,.T.);
#3826=LINE('',#3827,#224);
#3827=CARTESIAN_POINT('',(-10.5,12.23,-25.50000015));
#3828=ORIENTED_EDGE('',*,*,#3814,.T.);
#3829=ADVANCED_FACE('',(#3830),#3838,.T.);
#3830=FACE_BOUND('',#3831,.T.);
#3831=EDGE_LOOP('',(#3832,#3833,#1522,#3837));
#3832=ORIENTED_EDGE('',*,*,#521,.F.);
#3833=ORIENTED_EDGE('',*,*,#3834,.T.);
#3834=EDGE_CURVE('',#515,#1517,#3835,.T.);
#3835=LINE('',#3836,#224);
#3836=CARTESIAN_POINT('',(-8.89,12.23,-51.0000003));
#3837=ORIENTED_EDGE('',*,*,#3825,.F.);
#3838=PLANE('',#3839);
#3839=AXIS2_PLACEMENT_3D('',#3836,#275,#265);
#3840=ADVANCED_FACE('',(#3841),#3849,.F.);
#3841=FACE_BOUND('',#3842,.T.);
#3842=EDGE_LOOP('',(#3843,#3844,#1515,#3848));
#3843=ORIENTED_EDGE('',*,*,#514,.F.);
#3844=ORIENTED_EDGE('',*,*,#3845,.T.);
#3845=EDGE_CURVE('',#509,#1511,#3846,.T.);
#3846=LINE('',#3847,#224);
#3847=CARTESIAN_POINT('',(-8.89,10.63,-51.0000003));
#3848=ORIENTED_EDGE('',*,*,#3834,.F.);
#3849=CYLINDRICAL_SURFACE('',#3850,0.8);
#3850=AXIS2_PLACEMENT_3D('',#3851,#287,#14);
#3851=CARTESIAN_POINT('',(-8.89,11.43,-51.0000003));
#3852=ADVANCED_FACE('',(#3853),#3861,.T.);
#3853=FACE_BOUND('',#3854,.T.);
#3854=EDGE_LOOP('',(#3855,#3856,#3857,#1509));
#3855=ORIENTED_EDGE('',*,*,#3845,.F.);
#3856=ORIENTED_EDGE('',*,*,#508,.F.);
#3857=ORIENTED_EDGE('',*,*,#3858,.F.);
#3858=EDGE_CURVE('',#1507,#505,#3859,.T.);
#3859=LINE('',#3860,#286);
#3860=CARTESIAN_POINT('',(-10.5,10.63,-25.50000015));
#3861=PLANE('',#3862);
#3862=AXIS2_PLACEMENT_3D('',#3863,#241,#14);
#3863=CARTESIAN_POINT('',(-12.11,10.63,-51.0000003));
#3864=ADVANCED_FACE('',(#3865),#263,.T.);
#3865=FACE_BOUND('',#3866,.T.);
#3866=EDGE_LOOP('',(#3867,#3868,#1505,#3872));
#3867=ORIENTED_EDGE('',*,*,#504,.F.);
#3868=ORIENTED_EDGE('',*,*,#3869,.T.);
#3869=EDGE_CURVE('',#499,#1501,#3870,.T.);
#3870=LINE('',#3871,#224);
#3871=CARTESIAN_POINT('',(-10.5,9.69,-25.50000015));
#3872=ORIENTED_EDGE('',*,*,#3858,.T.);
#3873=ADVANCED_FACE('',(#3874),#3882,.T.);
#3874=FACE_BOUND('',#3875,.T.);
#3875=EDGE_LOOP('',(#3876,#3877,#1499,#3881));
#3876=ORIENTED_EDGE('',*,*,#498,.F.);
#3877=ORIENTED_EDGE('',*,*,#3878,.T.);
#3878=EDGE_CURVE('',#492,#1494,#3879,.T.);
#3879=LINE('',#3880,#224);
#3880=CARTESIAN_POINT('',(-8.89,9.69,-51.0000003));
#3881=ORIENTED_EDGE('',*,*,#3869,.F.);
#3882=PLANE('',#3883);
#3883=AXIS2_PLACEMENT_3D('',#3880,#275,#265);
#3884=ADVANCED_FACE('',(#3885),#3893,.F.);
#3885=FACE_BOUND('',#3886,.T.);
#3886=EDGE_LOOP('',(#3887,#3888,#1492,#3892));
#3887=ORIENTED_EDGE('',*,*,#491,.F.);
#3888=ORIENTED_EDGE('',*,*,#3889,.T.);
#3889=EDGE_CURVE('',#486,#1488,#3890,.T.);
#3890=LINE('',#3891,#224);
#3891=CARTESIAN_POINT('',(-8.89,8.09,-51.0000003));
#3892=ORIENTED_EDGE('',*,*,#3878,.F.);
#3893=CYLINDRICAL_SURFACE('',#3894,0.8);
#3894=AXIS2_PLACEMENT_3D('',#3895,#287,#14);
#3895=CARTESIAN_POINT('',(-8.89,8.89,-51.0000003));
#3896=ADVANCED_FACE('',(#3897),#3905,.T.);
#3897=FACE_BOUND('',#3898,.T.);
#3898=EDGE_LOOP('',(#3899,#3900,#3901,#1486));
#3899=ORIENTED_EDGE('',*,*,#3889,.F.);
#3900=ORIENTED_EDGE('',*,*,#485,.F.);
#3901=ORIENTED_EDGE('',*,*,#3902,.F.);
#3902=EDGE_CURVE('',#1484,#482,#3903,.T.);
#3903=LINE('',#3904,#286);
#3904=CARTESIAN_POINT('',(-10.5,8.09,-25.50000015));
#3905=PLANE('',#3906);
#3906=AXIS2_PLACEMENT_3D('',#3907,#241,#14);
#3907=CARTESIAN_POINT('',(-12.11,8.09,-51.0000003));
#3908=ADVANCED_FACE('',(#3909),#263,.T.);
#3909=FACE_BOUND('',#3910,.T.);
#3910=EDGE_LOOP('',(#3911,#3912,#1482,#3916));
#3911=ORIENTED_EDGE('',*,*,#481,.F.);
#3912=ORIENTED_EDGE('',*,*,#3913,.T.);
#3913=EDGE_CURVE('',#476,#1478,#3914,.T.);
#3914=LINE('',#3915,#224);
#3915=CARTESIAN_POINT('',(-10.5,7.15,-25.50000015));
#3916=ORIENTED_EDGE('',*,*,#3902,.T.);
#3917=ADVANCED_FACE('',(#3918),#3926,.T.);
#3918=FACE_BOUND('',#3919,.T.);
#3919=EDGE_LOOP('',(#3920,#3921,#1476,#3925));
#3920=ORIENTED_EDGE('',*,*,#475,.F.);
#3921=ORIENTED_EDGE('',*,*,#3922,.T.);
#3922=EDGE_CURVE('',#469,#1471,#3923,.T.);
#3923=LINE('',#3924,#224);
#3924=CARTESIAN_POINT('',(-8.89,7.15,-51.0000003));
#3925=ORIENTED_EDGE('',*,*,#3913,.F.);
#3926=PLANE('',#3927);
#3927=AXIS2_PLACEMENT_3D('',#3924,#275,#265);
#3928=ADVANCED_FACE('',(#3929),#3937,.F.);
#3929=FACE_BOUND('',#3930,.T.);
#3930=EDGE_LOOP('',(#3931,#3932,#1469,#3936));
#3931=ORIENTED_EDGE('',*,*,#468,.F.);
#3932=ORIENTED_EDGE('',*,*,#3933,.T.);
#3933=EDGE_CURVE('',#463,#1465,#3934,.T.);
#3934=LINE('',#3935,#224);
#3935=CARTESIAN_POINT('',(-8.89,5.55,-51.0000003));
#3936=ORIENTED_EDGE('',*,*,#3922,.F.);
#3937=CYLINDRICAL_SURFACE('',#3938,0.8);
#3938=AXIS2_PLACEMENT_3D('',#3939,#287,#14);
#3939=CARTESIAN_POINT('',(-8.89,6.35,-51.0000003));
#3940=ADVANCED_FACE('',(#3941),#3949,.T.);
#3941=FACE_BOUND('',#3942,.T.);
#3942=EDGE_LOOP('',(#3943,#3944,#3945,#1463));
#3943=ORIENTED_EDGE('',*,*,#3933,.F.);
#3944=ORIENTED_EDGE('',*,*,#462,.F.);
#3945=ORIENTED_EDGE('',*,*,#3946,.F.);
#3946=EDGE_CURVE('',#1461,#459,#3947,.T.);
#3947=LINE('',#3948,#286);
#3948=CARTESIAN_POINT('',(-10.5,5.55,-25.50000015));
#3949=PLANE('',#3950);
#3950=AXIS2_PLACEMENT_3D('',#3951,#241,#14);
#3951=CARTESIAN_POINT('',(-12.11,5.55,-51.0000003));
#3952=ADVANCED_FACE('',(#3953),#263,.T.);
#3953=FACE_BOUND('',#3954,.T.);
#3954=EDGE_LOOP('',(#3955,#3956,#1459,#3960));
#3955=ORIENTED_EDGE('',*,*,#458,.F.);
#3956=ORIENTED_EDGE('',*,*,#3957,.T.);
#3957=EDGE_CURVE('',#453,#1455,#3958,.T.);
#3958=LINE('',#3959,#224);
#3959=CARTESIAN_POINT('',(-10.5,4.61,-25.50000015));
#3960=ORIENTED_EDGE('',*,*,#3946,.T.);
#3961=ADVANCED_FACE('',(#3962),#3970,.T.);
#3962=FACE_BOUND('',#3963,.T.);
#3963=EDGE_LOOP('',(#3964,#3965,#1453,#3969));
#3964=ORIENTED_EDGE('',*,*,#452,.F.);
#3965=ORIENTED_EDGE('',*,*,#3966,.T.);
#3966=EDGE_CURVE('',#446,#1448,#3967,.T.);
#3967=LINE('',#3968,#224);
#3968=CARTESIAN_POINT('',(-8.89,4.61,-51.0000003));
#3969=ORIENTED_EDGE('',*,*,#3957,.F.);
#3970=PLANE('',#3971);
#3971=AXIS2_PLACEMENT_3D('',#3968,#275,#265);
#3972=ADVANCED_FACE('',(#3973),#3981,.F.);
#3973=FACE_BOUND('',#3974,.T.);
#3974=EDGE_LOOP('',(#3975,#3976,#1446,#3980));
#3975=ORIENTED_EDGE('',*,*,#445,.F.);
#3976=ORIENTED_EDGE('',*,*,#3977,.T.);
#3977=EDGE_CURVE('',#440,#1442,#3978,.T.);
#3978=LINE('',#3979,#224);
#3979=CARTESIAN_POINT('',(-8.89,3.01,-51.0000003));
#3980=ORIENTED_EDGE('',*,*,#3966,.F.);
#3981=CYLINDRICAL_SURFACE('',#3982,0.8);
#3982=AXIS2_PLACEMENT_3D('',#3983,#287,#14);
#3983=CARTESIAN_POINT('',(-8.89,3.81,-51.0000003));
#3984=ADVANCED_FACE('',(#3985),#3993,.T.);
#3985=FACE_BOUND('',#3986,.T.);
#3986=EDGE_LOOP('',(#3987,#3988,#3989,#1440));
#3987=ORIENTED_EDGE('',*,*,#3977,.F.);
#3988=ORIENTED_EDGE('',*,*,#439,.F.);
#3989=ORIENTED_EDGE('',*,*,#3990,.F.);
#3990=EDGE_CURVE('',#1438,#436,#3991,.T.);
#3991=LINE('',#3992,#286);
#3992=CARTESIAN_POINT('',(-10.5,3.01,-25.50000015));
#3993=PLANE('',#3994);
#3994=AXIS2_PLACEMENT_3D('',#3995,#241,#14);
#3995=CARTESIAN_POINT('',(-12.11,3.01,-51.0000003));
#3996=ADVANCED_FACE('',(#3997),#263,.T.);
#3997=FACE_BOUND('',#3998,.T.);
#3998=EDGE_LOOP('',(#3999,#4000,#1436,#4004));
#3999=ORIENTED_EDGE('',*,*,#435,.F.);
#4000=ORIENTED_EDGE('',*,*,#4001,.T.);
#4001=EDGE_CURVE('',#430,#1432,#4002,.T.);
#4002=LINE('',#4003,#224);
#4003=CARTESIAN_POINT('',(-10.5,2.07,-25.50000015));
#4004=ORIENTED_EDGE('',*,*,#3990,.T.);
#4005=ADVANCED_FACE('',(#4006),#4014,.T.);
#4006=FACE_BOUND('',#4007,.T.);
#4007=EDGE_LOOP('',(#4008,#4009,#1430,#4013));
#4008=ORIENTED_EDGE('',*,*,#429,.F.);
#4009=ORIENTED_EDGE('',*,*,#4010,.T.);
#4010=EDGE_CURVE('',#423,#1425,#4011,.T.);
#4011=LINE('',#4012,#224);
#4012=CARTESIAN_POINT('',(-8.89,2.07,-51.0000003));
#4013=ORIENTED_EDGE('',*,*,#4001,.F.);
#4014=PLANE('',#4015);
#4015=AXIS2_PLACEMENT_3D('',#4012,#275,#265);
#4016=ADVANCED_FACE('',(#4017),#4025,.F.);
#4017=FACE_BOUND('',#4018,.T.);
#4018=EDGE_LOOP('',(#4019,#4020,#1423,#4024));
#4019=ORIENTED_EDGE('',*,*,#422,.F.);
#4020=ORIENTED_EDGE('',*,*,#4021,.T.);
#4021=EDGE_CURVE('',#417,#1419,#4022,.T.);
#4022=LINE('',#4023,#224);
#4023=CARTESIAN_POINT('',(-8.89,0.47,-51.0000003));
#4024=ORIENTED_EDGE('',*,*,#4010,.F.);
#4025=CYLINDRICAL_SURFACE('',#4026,0.8);
#4026=AXIS2_PLACEMENT_3D('',#4027,#287,#14);
#4027=CARTESIAN_POINT('',(-8.89,1.27,-51.0000003));
#4028=ADVANCED_FACE('',(#4029),#4037,.T.);
#4029=FACE_BOUND('',#4030,.T.);
#4030=EDGE_LOOP('',(#4031,#4032,#4033,#1417));
#4031=ORIENTED_EDGE('',*,*,#4021,.F.);
#4032=ORIENTED_EDGE('',*,*,#416,.F.);
#4033=ORIENTED_EDGE('',*,*,#4034,.F.);
#4034=EDGE_CURVE('',#1415,#413,#4035,.T.);
#4035=LINE('',#4036,#286);
#4036=CARTESIAN_POINT('',(-10.5,0.47,-25.50000015));
#4037=PLANE('',#4038);
#4038=AXIS2_PLACEMENT_3D('',#4039,#241,#14);
#4039=CARTESIAN_POINT('',(-12.11,0.47,-51.0000003));
#4040=ADVANCED_FACE('',(#4041),#263,.T.);
#4041=FACE_BOUND('',#4042,.T.);
#4042=EDGE_LOOP('',(#4043,#4044,#1413,#4048));
#4043=ORIENTED_EDGE('',*,*,#412,.F.);
#4044=ORIENTED_EDGE('',*,*,#4045,.T.);
#4045=EDGE_CURVE('',#407,#1409,#4046,.T.);
#4046=LINE('',#4047,#224);
#4047=CARTESIAN_POINT('',(-10.5,-0.47,-25.50000015));
#4048=ORIENTED_EDGE('',*,*,#4034,.T.);
#4049=ADVANCED_FACE('',(#4050),#4058,.T.);
#4050=FACE_BOUND('',#4051,.T.);
#4051=EDGE_LOOP('',(#4052,#4053,#1407,#4057));
#4052=ORIENTED_EDGE('',*,*,#406,.F.);
#4053=ORIENTED_EDGE('',*,*,#4054,.T.);
#4054=EDGE_CURVE('',#400,#1402,#4055,.T.);
#4055=LINE('',#4056,#224);
#4056=CARTESIAN_POINT('',(-8.89,-0.47,-51.0000003));
#4057=ORIENTED_EDGE('',*,*,#4045,.F.);
#4058=PLANE('',#4059);
#4059=AXIS2_PLACEMENT_3D('',#4056,#275,#265);
#4060=ADVANCED_FACE('',(#4061),#4069,.F.);
#4061=FACE_BOUND('',#4062,.T.);
#4062=EDGE_LOOP('',(#4063,#4064,#1400,#4068));
#4063=ORIENTED_EDGE('',*,*,#399,.F.);
#4064=ORIENTED_EDGE('',*,*,#4065,.T.);
#4065=EDGE_CURVE('',#394,#1396,#4066,.T.);
#4066=LINE('',#4067,#224);
#4067=CARTESIAN_POINT('',(-8.89,-2.07,-51.0000003));
#4068=ORIENTED_EDGE('',*,*,#4054,.F.);
#4069=CYLINDRICAL_SURFACE('',#4070,0.8);
#4070=AXIS2_PLACEMENT_3D('',#4071,#287,#14);
#4071=CARTESIAN_POINT('',(-8.89,-1.27,-51.0000003));
#4072=ADVANCED_FACE('',(#4073),#4081,.T.);
#4073=FACE_BOUND('',#4074,.T.);
#4074=EDGE_LOOP('',(#4075,#4076,#4077,#1394));
#4075=ORIENTED_EDGE('',*,*,#4065,.F.);
#4076=ORIENTED_EDGE('',*,*,#393,.F.);
#4077=ORIENTED_EDGE('',*,*,#4078,.F.);
#4078=EDGE_CURVE('',#1392,#390,#4079,.T.);
#4079=LINE('',#4080,#286);
#4080=CARTESIAN_POINT('',(-10.5,-2.07,-25.50000015));
#4081=PLANE('',#4082);
#4082=AXIS2_PLACEMENT_3D('',#4083,#241,#14);
#4083=CARTESIAN_POINT('',(-12.11,-2.07,-51.0000003));
#4084=ADVANCED_FACE('',(#4085),#263,.T.);
#4085=FACE_BOUND('',#4086,.T.);
#4086=EDGE_LOOP('',(#4087,#4088,#1390,#4092));
#4087=ORIENTED_EDGE('',*,*,#389,.F.);
#4088=ORIENTED_EDGE('',*,*,#4089,.T.);
#4089=EDGE_CURVE('',#384,#1386,#4090,.T.);
#4090=LINE('',#4091,#224);
#4091=CARTESIAN_POINT('',(-10.5,-3.01,-25.50000015));
#4092=ORIENTED_EDGE('',*,*,#4078,.T.);
#4093=ADVANCED_FACE('',(#4094),#4102,.T.);
#4094=FACE_BOUND('',#4095,.T.);
#4095=EDGE_LOOP('',(#4096,#4097,#1384,#4101));
#4096=ORIENTED_EDGE('',*,*,#383,.F.);
#4097=ORIENTED_EDGE('',*,*,#4098,.T.);
#4098=EDGE_CURVE('',#377,#1379,#4099,.T.);
#4099=LINE('',#4100,#224);
#4100=CARTESIAN_POINT('',(-8.89,-3.01,-51.0000003));
#4101=ORIENTED_EDGE('',*,*,#4089,.F.);
#4102=PLANE('',#4103);
#4103=AXIS2_PLACEMENT_3D('',#4100,#275,#265);
#4104=ADVANCED_FACE('',(#4105),#4113,.F.);
#4105=FACE_BOUND('',#4106,.T.);
#4106=EDGE_LOOP('',(#4107,#4108,#1377,#4112));
#4107=ORIENTED_EDGE('',*,*,#376,.F.);
#4108=ORIENTED_EDGE('',*,*,#4109,.T.);
#4109=EDGE_CURVE('',#371,#1373,#4110,.T.);
#4110=LINE('',#4111,#224);
#4111=CARTESIAN_POINT('',(-8.89,-4.61,-51.0000003));
#4112=ORIENTED_EDGE('',*,*,#4098,.F.);
#4113=CYLINDRICAL_SURFACE('',#4114,0.8);
#4114=AXIS2_PLACEMENT_3D('',#4115,#287,#14);
#4115=CARTESIAN_POINT('',(-8.89,-3.81,-51.0000003));
#4116=ADVANCED_FACE('',(#4117),#4125,.T.);
#4117=FACE_BOUND('',#4118,.T.);
#4118=EDGE_LOOP('',(#4119,#4120,#4121,#1371));
#4119=ORIENTED_EDGE('',*,*,#4109,.F.);
#4120=ORIENTED_EDGE('',*,*,#370,.F.);
#4121=ORIENTED_EDGE('',*,*,#4122,.F.);
#4122=EDGE_CURVE('',#1369,#367,#4123,.T.);
#4123=LINE('',#4124,#286);
#4124=CARTESIAN_POINT('',(-10.5,-4.61,-25.50000015));
#4125=PLANE('',#4126);
#4126=AXIS2_PLACEMENT_3D('',#4127,#241,#14);
#4127=CARTESIAN_POINT('',(-12.11,-4.61,-51.0000003));
#4128=ADVANCED_FACE('',(#4129),#263,.T.);
#4129=FACE_BOUND('',#4130,.T.);
#4130=EDGE_LOOP('',(#4131,#4132,#1367,#4136));
#4131=ORIENTED_EDGE('',*,*,#366,.F.);
#4132=ORIENTED_EDGE('',*,*,#4133,.T.);
#4133=EDGE_CURVE('',#361,#1363,#4134,.T.);
#4134=LINE('',#4135,#224);
#4135=CARTESIAN_POINT('',(-10.5,-5.55,-25.50000015));
#4136=ORIENTED_EDGE('',*,*,#4122,.T.);
#4137=ADVANCED_FACE('',(#4138),#4146,.T.);
#4138=FACE_BOUND('',#4139,.T.);
#4139=EDGE_LOOP('',(#4140,#4141,#1361,#4145));
#4140=ORIENTED_EDGE('',*,*,#360,.F.);
#4141=ORIENTED_EDGE('',*,*,#4142,.T.);
#4142=EDGE_CURVE('',#354,#1356,#4143,.T.);
#4143=LINE('',#4144,#224);
#4144=CARTESIAN_POINT('',(-8.89,-5.55,-51.0000003));
#4145=ORIENTED_EDGE('',*,*,#4133,.F.);
#4146=PLANE('',#4147);
#4147=AXIS2_PLACEMENT_3D('',#4144,#275,#265);
#4148=ADVANCED_FACE('',(#4149),#4157,.F.);
#4149=FACE_BOUND('',#4150,.T.);
#4150=EDGE_LOOP('',(#4151,#4152,#1354,#4156));
#4151=ORIENTED_EDGE('',*,*,#353,.F.);
#4152=ORIENTED_EDGE('',*,*,#4153,.T.);
#4153=EDGE_CURVE('',#348,#1350,#4154,.T.);
#4154=LINE('',#4155,#224);
#4155=CARTESIAN_POINT('',(-8.89,-7.15,-51.0000003));
#4156=ORIENTED_EDGE('',*,*,#4142,.F.);
#4157=CYLINDRICAL_SURFACE('',#4158,0.8);
#4158=AXIS2_PLACEMENT_3D('',#4159,#287,#14);
#4159=CARTESIAN_POINT('',(-8.89,-6.35,-51.0000003));
#4160=ADVANCED_FACE('',(#4161),#4169,.T.);
#4161=FACE_BOUND('',#4162,.T.);
#4162=EDGE_LOOP('',(#4163,#4164,#4165,#1348));
#4163=ORIENTED_EDGE('',*,*,#4153,.F.);
#4164=ORIENTED_EDGE('',*,*,#347,.F.);
#4165=ORIENTED_EDGE('',*,*,#4166,.F.);
#4166=EDGE_CURVE('',#1346,#344,#4167,.T.);
#4167=LINE('',#4168,#286);
#4168=CARTESIAN_POINT('',(-10.5,-7.15,-25.50000015));
#4169=PLANE('',#4170);
#4170=AXIS2_PLACEMENT_3D('',#4171,#241,#14);
#4171=CARTESIAN_POINT('',(-12.11,-7.15,-51.0000003));
#4172=ADVANCED_FACE('',(#4173),#263,.T.);
#4173=FACE_BOUND('',#4174,.T.);
#4174=EDGE_LOOP('',(#4175,#4176,#1344,#4180));
#4175=ORIENTED_EDGE('',*,*,#343,.F.);
#4176=ORIENTED_EDGE('',*,*,#4177,.T.);
#4177=EDGE_CURVE('',#338,#1340,#4178,.T.);
#4178=LINE('',#4179,#224);
#4179=CARTESIAN_POINT('',(-10.5,-8.09,-25.50000015));
#4180=ORIENTED_EDGE('',*,*,#4166,.T.);
#4181=ADVANCED_FACE('',(#4182),#4190,.T.);
#4182=FACE_BOUND('',#4183,.T.);
#4183=EDGE_LOOP('',(#4184,#4185,#1338,#4189));
#4184=ORIENTED_EDGE('',*,*,#337,.F.);
#4185=ORIENTED_EDGE('',*,*,#4186,.T.);
#4186=EDGE_CURVE('',#331,#1331,#4187,.T.);
#4187=LINE('',#4188,#224);
#4188=CARTESIAN_POINT('',(-8.89,-8.09,-51.0000003));
#4189=ORIENTED_EDGE('',*,*,#4177,.F.);
#4190=PLANE('',#4191);
#4191=AXIS2_PLACEMENT_3D('',#4188,#275,#265);
#4192=ADVANCED_FACE('',(#4193),#4201,.F.);
#4193=FACE_BOUND('',#4194,.T.);
#4194=EDGE_LOOP('',(#4195,#4196,#1329,#4200));
#4195=ORIENTED_EDGE('',*,*,#330,.F.);
#4196=ORIENTED_EDGE('',*,*,#4197,.T.);
#4197=EDGE_CURVE('',#325,#1333,#4198,.T.);
#4198=LINE('',#4199,#224);
#4199=CARTESIAN_POINT('',(-8.89,-9.69,-51.0000003));
#4200=ORIENTED_EDGE('',*,*,#4186,.F.);
#4201=CYLINDRICAL_SURFACE('',#4202,0.8);
#4202=AXIS2_PLACEMENT_3D('',#4203,#287,#14);
#4203=CARTESIAN_POINT('',(-8.89,-8.89,-51.0000003));
#4204=ADVANCED_FACE('',(#4205),#4213,.T.);
#4205=FACE_BOUND('',#4206,.T.);
#4206=EDGE_LOOP('',(#4207,#4208,#4209,#2316));
#4207=ORIENTED_EDGE('',*,*,#4197,.F.);
#4208=ORIENTED_EDGE('',*,*,#324,.F.);
#4209=ORIENTED_EDGE('',*,*,#4210,.F.);
#4210=EDGE_CURVE('',#2314,#321,#4211,.T.);
#4211=LINE('',#4212,#286);
#4212=CARTESIAN_POINT('',(-10.5,-9.69,-25.50000015));
#4213=PLANE('',#4214);
#4214=AXIS2_PLACEMENT_3D('',#4215,#241,#14);
#4215=CARTESIAN_POINT('',(-12.11,-9.69,-51.0000003));
#4216=ADVANCED_FACE('',(#4217),#263,.T.);
#4217=FACE_BOUND('',#4218,.T.);
#4218=EDGE_LOOP('',(#4219,#4220,#2312,#4224));
#4219=ORIENTED_EDGE('',*,*,#320,.F.);
#4220=ORIENTED_EDGE('',*,*,#4221,.T.);
#4221=EDGE_CURVE('',#314,#2308,#4222,.T.);
#4222=LINE('',#4223,#224);
#4223=CARTESIAN_POINT('',(-10.5,-10.63,-25.50000015));
#4224=ORIENTED_EDGE('',*,*,#4210,.T.);
#4225=ADVANCED_FACE('',(#4226),#4234,.T.);
#4226=FACE_BOUND('',#4227,.T.);
#4227=EDGE_LOOP('',(#4228,#4229,#2306,#4233));
#4228=ORIENTED_EDGE('',*,*,#313,.F.);
#4229=ORIENTED_EDGE('',*,*,#4230,.T.);
#4230=EDGE_CURVE('',#307,#2301,#4231,.T.);
#4231=LINE('',#4232,#224);
#4232=CARTESIAN_POINT('',(-8.89,-10.63,-51.0000003));
#4233=ORIENTED_EDGE('',*,*,#4221,.F.);
#4234=PLANE('',#4235);
#4235=AXIS2_PLACEMENT_3D('',#4232,#275,#265);
#4236=ADVANCED_FACE('',(#4237),#4245,.F.);
#4237=FACE_BOUND('',#4238,.T.);
#4238=EDGE_LOOP('',(#4239,#4240,#2299,#4244));
#4239=ORIENTED_EDGE('',*,*,#306,.F.);
#4240=ORIENTED_EDGE('',*,*,#4241,.T.);
#4241=EDGE_CURVE('',#301,#2295,#4242,.T.);
#4242=LINE('',#4243,#224);
#4243=CARTESIAN_POINT('',(-8.89,-12.23,-51.0000003));
#4244=ORIENTED_EDGE('',*,*,#4230,.F.);
#4245=CYLINDRICAL_SURFACE('',#4246,0.8);
#4246=AXIS2_PLACEMENT_3D('',#4247,#287,#14);
#4247=CARTESIAN_POINT('',(-8.89,-11.43,-51.0000003));
#4248=ADVANCED_FACE('',(#4249),#4254,.T.);
#4249=FACE_BOUND('',#4250,.T.);
#4250=EDGE_LOOP('',(#4251,#4252,#4253,#2293));
#4251=ORIENTED_EDGE('',*,*,#4241,.F.);
#4252=ORIENTED_EDGE('',*,*,#300,.F.);
#4253=ORIENTED_EDGE('',*,*,#2391,.F.);
#4254=PLANE('',#4255);
#4255=AXIS2_PLACEMENT_3D('',#4256,#241,#14);
#4256=CARTESIAN_POINT('',(-12.11,-12.23,-51.0000003));
#4257=ADVANCED_FACE('',(#4258),#4265,.F.);
#4258=FACE_BOUND('',#4259,.T.);
#4259=EDGE_LOOP('',(#4260,#2322,#4263,#4264));
#4260=ORIENTED_EDGE('',*,*,#4261,.T.);
#4261=EDGE_CURVE('',#1292,#2324,#4262,.T.);
#4262=LINE('',#1293,#224);
#4263=ORIENTED_EDGE('',*,*,#4261,.F.);
#4264=ORIENTED_EDGE('',*,*,#1291,.F.);
#4265=CYLINDRICAL_SURFACE('',#4266,1.05);
#4266=AXIS2_PLACEMENT_3D('',#1296,#287,#14);
#4267=ADVANCED_FACE('',(#4268),#4275,.F.);
#4268=FACE_BOUND('',#4269,.T.);
#4269=EDGE_LOOP('',(#4270,#2331,#4273,#4274));
#4270=ORIENTED_EDGE('',*,*,#4271,.T.);
#4271=EDGE_CURVE('',#1301,#2333,#4272,.T.);
#4272=LINE('',#1302,#224);
#4273=ORIENTED_EDGE('',*,*,#4271,.F.);
#4274=ORIENTED_EDGE('',*,*,#1300,.F.);
#4275=CYLINDRICAL_SURFACE('',#4276,1.05);
#4276=AXIS2_PLACEMENT_3D('',#1305,#287,#14);
#4277=ADVANCED_FACE('',(#4278),#4285,.F.);
#4278=FACE_BOUND('',#4279,.T.);
#4279=EDGE_LOOP('',(#4280,#2340,#4283,#4284));
#4280=ORIENTED_EDGE('',*,*,#4281,.T.);
#4281=EDGE_CURVE('',#1310,#2342,#4282,.T.);
#4282=LINE('',#1311,#224);
#4283=ORIENTED_EDGE('',*,*,#4281,.F.);
#4284=ORIENTED_EDGE('',*,*,#1309,.F.);
#4285=CYLINDRICAL_SURFACE('',#4286,1.05);
#4286=AXIS2_PLACEMENT_3D('',#1314,#287,#14);
#4287=ADVANCED_FACE('',(#4288),#4295,.F.);
#4288=FACE_BOUND('',#4289,.T.);
#4289=EDGE_LOOP('',(#4290,#2349,#4293,#4294));
#4290=ORIENTED_EDGE('',*,*,#4291,.T.);
#4291=EDGE_CURVE('',#1319,#2351,#4292,.T.);
#4292=LINE('',#1320,#224);
#4293=ORIENTED_EDGE('',*,*,#4291,.F.);
#4294=ORIENTED_EDGE('',*,*,#1318,.F.);
#4295=CYLINDRICAL_SURFACE('',#4296,1.05);
#4296=AXIS2_PLACEMENT_3D('',#1323,#287,#14);
#4297=( GEOMETRIC_REPRESENTATION_CONTEXT(3)GLOBAL_UNCERTAINTY_ASSIGNED_CONTEXT((#4298))GLOBAL_UNIT_ASSIGNED_CONTEXT((#200,#201,#202)) REPRESENTATION_CONTEXT('Context #1','3D Context with UNIT and UNCERTAINTY') );
#4298=UNCERTAINTY_MEASURE_WITH_UNIT(LENGTH_MEASURE(2.E-07),#200,'distance_accuracy_value','confusion accuracy');
#4299=CONTEXT_DEPENDENT_SHAPE_REPRESENTATION(#4300,#4302);
#4300=( REPRESENTATION_RELATIONSHIP('','',#211,#10)REPRESENTATION_RELATIONSHIP_WITH_TRANSFORMATION(#4301)SHAPE_REPRESENTATION_RELATIONSHIP() );
#4301=ITEM_DEFINED_TRANSFORMATION('','',#11,#15);
#4302=PRODUCT_DEFINITION_SHAPE('Placement','Placement of an item',#4303);
#4303=NEXT_ASSEMBLY_USAGE_OCCURRENCE('218','PCB','',#5,#207,$);
#4304=PRODUCT_RELATED_PRODUCT_CATEGORY('part',$,(#209));
#4305=SHAPE_DEFINITION_REPRESENTATION(#4306,#4311);
#4306=PRODUCT_DEFINITION_SHAPE('','',#4307);
#4307=PRODUCT_DEFINITION('design','',#4308,#4310);
#4308=PRODUCT_DEFINITION_FORMATION('','',#4309);
#4309=PRODUCT('PAD1','PAD1','',(#8));
#4310=PRODUCT_DEFINITION_CONTEXT('part definition',#2,'design');
#4311=ADVANCED_BREP_SHAPE_REPRESENTATION('',(#11,#4312),#4483);
#4312=MANIFOLD_SOLID_BREP('',#4313);
#4313=CLOSED_SHELL('',(#4314,#4341,#4360,#4396,#4413,#4446,#4455,#4463,#4471));
#4314=ADVANCED_FACE('',(#4315),#4339,.T.);
#4315=FACE_BOUND('',#4316,.T.);
#4316=EDGE_LOOP('',(#4317,#4324,#4329,#4335));
#4317=ORIENTED_EDGE('',*,*,#4318,.F.);
#4318=EDGE_CURVE('',#4319,#4321,#4323,.T.);
#4319=VERTEX_POINT('',#4320);
#4320=CARTESIAN_POINT('',(0.,0.8,0.));
#4321=VERTEX_POINT('',#4322);
#4322=CARTESIAN_POINT('',(0.,0.8,1.7));
#4323=LINE('',#4320,#224);
#4324=ORIENTED_EDGE('',*,*,#4325,.T.);
#4325=EDGE_CURVE('',#4319,#4326,#4328,.T.);
#4326=VERTEX_POINT('',#4327);
#4327=CARTESIAN_POINT('',(0.,0.5,0.));
#4328=LINE('',#4320,#274);
#4329=ORIENTED_EDGE('',*,*,#4330,.F.);
#4330=EDGE_CURVE('',#4331,#4326,#4333,.T.);
#4331=VERTEX_POINT('',#4332);
#4332=CARTESIAN_POINT('',(0.,0.5,1.7));
#4333=LINE('',#4334,#286);
#4334=CARTESIAN_POINT('',(0.,0.5,-2.4100002));
#4335=ORIENTED_EDGE('',*,*,#4336,.T.);
#4336=EDGE_CURVE('',#4331,#4321,#4337,.T.);
#4337=LINE('',#4338,#251);
#4338=CARTESIAN_POINT('',(0.,-0.8,1.7));
#4339=PLANE('',#4340);
#4340=AXIS2_PLACEMENT_3D('',#12,#265,#241);
#4341=ADVANCED_FACE('',(#4342),#4358,.T.);
#4342=FACE_BOUND('',#4343,.T.);
#4343=EDGE_LOOP('',(#4344,#4345,#4350,#4355));
#4344=ORIENTED_EDGE('',*,*,#4318,.T.);
#4345=ORIENTED_EDGE('',*,*,#4346,.T.);
#4346=EDGE_CURVE('',#4321,#4347,#4349,.T.);
#4347=VERTEX_POINT('',#4348);
#4348=CARTESIAN_POINT('',(1.61,0.8,1.7));
#4349=LINE('',#4322,#230);
#4350=ORIENTED_EDGE('',*,*,#4351,.F.);
#4351=EDGE_CURVE('',#4352,#4347,#4354,.T.);
#4352=VERTEX_POINT('',#4353);
#4353=CARTESIAN_POINT('',(1.61,0.8,0.));
#4354=LINE('',#4353,#224);
#4355=ORIENTED_EDGE('',*,*,#4356,.F.);
#4356=EDGE_CURVE('',#4319,#4352,#4357,.T.);
#4357=LINE('',#4320,#230);
#4358=PLANE('',#4359);
#4359=AXIS2_PLACEMENT_3D('',#4320,#241,#14);
#4360=ADVANCED_FACE('',(#4361,#4384),#4393,.F.);
#4361=FACE_BOUND('',#4362,.F.);
#4362=EDGE_LOOP('',(#4335,#4345,#4363,#4371,#4375,#4379));
#4363=ORIENTED_EDGE('',*,*,#4364,.T.);
#4364=EDGE_CURVE('',#4347,#4365,#4367,.T.);
#4365=VERTEX_POINT('',#4366);
#4366=CARTESIAN_POINT('',(1.61,-0.8,1.7));
#4367=CIRCLE('',#4368,0.8);
#4368=AXIS2_PLACEMENT_3D('',#4369,#287,#4370);
#4369=CARTESIAN_POINT('',(1.61,-5.551115123126E-17,1.7));
#4370=DIRECTION('',(-2.775557561563E-16,1.,0.));
#4371=ORIENTED_EDGE('',*,*,#4372,.T.);
#4372=EDGE_CURVE('',#4365,#4373,#4374,.T.);
#4373=VERTEX_POINT('',#4338);
#4374=LINE('',#4366,#318);
#4375=ORIENTED_EDGE('',*,*,#4376,.T.);
#4376=EDGE_CURVE('',#4373,#4377,#4337,.T.);
#4377=VERTEX_POINT('',#4378);
#4378=CARTESIAN_POINT('',(0.,-0.5,1.7));
#4379=ORIENTED_EDGE('',*,*,#4380,.F.);
#4380=EDGE_CURVE('',#4331,#4377,#4381,.T.);
#4381=CIRCLE('',#4382,0.5);
#4382=AXIS2_PLACEMENT_3D('',#4383,#287,#241);
#4383=CARTESIAN_POINT('',(0.,0.,1.7));
#4384=FACE_BOUND('',#4385,.F.);
#4385=EDGE_LOOP('',(#4386));
#4386=ORIENTED_EDGE('',*,*,#4387,.F.);
#4387=EDGE_CURVE('',#4388,#4388,#4390,.T.);
#4388=VERTEX_POINT('',#4389);
#4389=CARTESIAN_POINT('',(2.11,0.,1.7));
#4390=CIRCLE('',#4391,0.5);
#4391=AXIS2_PLACEMENT_3D('',#4392,#287,#14);
#4392=CARTESIAN_POINT('',(1.61,0.,1.7));
#4393=PLANE('',#4394);
#4394=AXIS2_PLACEMENT_3D('',#4395,#287,#265);
#4395=CARTESIAN_POINT('',(1.047730265491,-3.075410040513E-17,1.7));
#4396=ADVANCED_FACE('',(#4397),#4410,.F.);
#4397=FACE_BOUND('',#4398,.T.);
#4398=EDGE_LOOP('',(#4399,#4405,#4379,#4409));
#4399=ORIENTED_EDGE('',*,*,#4400,.T.);
#4400=EDGE_CURVE('',#4326,#4401,#4403,.T.);
#4401=VERTEX_POINT('',#4402);
#4402=CARTESIAN_POINT('',(0.,-0.5,0.));
#4403=CIRCLE('',#4404,0.5);
#4404=AXIS2_PLACEMENT_3D('',#12,#287,#241);
#4405=ORIENTED_EDGE('',*,*,#4406,.F.);
#4406=EDGE_CURVE('',#4377,#4401,#4407,.T.);
#4407=LINE('',#4408,#286);
#4408=CARTESIAN_POINT('',(0.,-0.5,-2.4100002));
#4409=ORIENTED_EDGE('',*,*,#4330,.T.);
#4410=CYLINDRICAL_SURFACE('',#4411,0.5);
#4411=AXIS2_PLACEMENT_3D('',#4412,#287,#14);
#4412=CARTESIAN_POINT('',(0.,0.,-2.4100002));
#4413=ADVANCED_FACE('',(#4414,#4433),#4443,.T.);
#4414=FACE_BOUND('',#4415,.T.);
#4415=EDGE_LOOP('',(#4416,#4417,#4418,#4425,#4430,#4432));
#4416=ORIENTED_EDGE('',*,*,#4325,.F.);
#4417=ORIENTED_EDGE('',*,*,#4356,.T.);
#4418=ORIENTED_EDGE('',*,*,#4419,.T.);
#4419=EDGE_CURVE('',#4352,#4420,#4422,.T.);
#4420=VERTEX_POINT('',#4421);
#4421=CARTESIAN_POINT('',(1.61,-0.8,0.));
#4422=CIRCLE('',#4423,0.8);
#4423=AXIS2_PLACEMENT_3D('',#4424,#287,#4370);
#4424=CARTESIAN_POINT('',(1.61,-5.551115123126E-17,0.));
#4425=ORIENTED_EDGE('',*,*,#4426,.T.);
#4426=EDGE_CURVE('',#4420,#4427,#4429,.T.);
#4427=VERTEX_POINT('',#4428);
#4428=CARTESIAN_POINT('',(0.,-0.8,0.));
#4429=LINE('',#4421,#318);
#4430=ORIENTED_EDGE('',*,*,#4431,.F.);
#4431=EDGE_CURVE('',#4401,#4427,#4328,.T.);
#4432=ORIENTED_EDGE('',*,*,#4400,.F.);
#4433=FACE_BOUND('',#4434,.T.);
#4434=EDGE_LOOP('',(#4435));
#4435=ORIENTED_EDGE('',*,*,#4436,.T.);
#4436=EDGE_CURVE('',#4437,#4437,#4439,.T.);
#4437=VERTEX_POINT('',#4438);
#4438=CARTESIAN_POINT('',(2.11,0.,0.));
#4439=CIRCLE('',#4440,0.5);
#4440=AXIS2_PLACEMENT_3D('',#4441,#13,#4442);
#4441=CARTESIAN_POINT('',(1.61,-2.775557561563E-16,0.));
#4442=DIRECTION('',(1.,8.00040872142E-16,0.));
#4443=PLANE('',#4444);
#4444=AXIS2_PLACEMENT_3D('',#4445,#287,#265);
#4445=CARTESIAN_POINT('',(1.047730265491,-3.075410040513E-17,0.));
#4446=ADVANCED_FACE('',(#4447),#4454,.T.);
#4447=FACE_BOUND('',#4448,.T.);
#4448=EDGE_LOOP('',(#4449,#4363,#4450,#4453));
#4449=ORIENTED_EDGE('',*,*,#4351,.T.);
#4450=ORIENTED_EDGE('',*,*,#4451,.F.);
#4451=EDGE_CURVE('',#4420,#4365,#4452,.T.);
#4452=LINE('',#4421,#224);
#4453=ORIENTED_EDGE('',*,*,#4419,.F.);
#4454=CYLINDRICAL_SURFACE('',#4423,0.8);
#4455=ADVANCED_FACE('',(#4456),#4339,.T.);
#4456=FACE_BOUND('',#4457,.T.);
#4457=EDGE_LOOP('',(#4458,#4459,#4460,#4375));
#4458=ORIENTED_EDGE('',*,*,#4406,.T.);
#4459=ORIENTED_EDGE('',*,*,#4431,.T.);
#4460=ORIENTED_EDGE('',*,*,#4461,.T.);
#4461=EDGE_CURVE('',#4427,#4373,#4462,.T.);
#4462=LINE('',#4428,#224);
#4463=ADVANCED_FACE('',(#4464),#4469,.T.);
#4464=FACE_BOUND('',#4465,.T.);
#4465=EDGE_LOOP('',(#4466,#4371,#4467,#4468));
#4466=ORIENTED_EDGE('',*,*,#4451,.T.);
#4467=ORIENTED_EDGE('',*,*,#4461,.F.);
#4468=ORIENTED_EDGE('',*,*,#4426,.F.);
#4469=PLANE('',#4470);
#4470=AXIS2_PLACEMENT_3D('',#4421,#275,#265);
#4471=ADVANCED_FACE('',(#4472),#4480,.F.);
#4472=FACE_BOUND('',#4473,.T.);
#4473=EDGE_LOOP('',(#4474,#4475,#4386,#4479));
#4474=ORIENTED_EDGE('',*,*,#4436,.F.);
#4475=ORIENTED_EDGE('',*,*,#4476,.T.);
#4476=EDGE_CURVE('',#4437,#4388,#4477,.T.);
#4477=LINE('',#4478,#224);
#4478=CARTESIAN_POINT('',(2.11,0.,-2.4100002));
#4479=ORIENTED_EDGE('',*,*,#4476,.F.);
#4480=CYLINDRICAL_SURFACE('',#4481,0.5);
#4481=AXIS2_PLACEMENT_3D('',#4482,#287,#14);
#4482=CARTESIAN_POINT('',(1.61,0.,-2.4100002));
#4483=( GEOMETRIC_REPRESENTATION_CONTEXT(3)GLOBAL_UNCERTAINTY_ASSIGNED_CONTEXT((#203))GLOBAL_UNIT_ASSIGNED_CONTEXT((#200,#201,#202)) REPRESENTATION_CONTEXT('Context #1','3D Context with UNIT and UNCERTAINTY') );
#4484=CONTEXT_DEPENDENT_SHAPE_REPRESENTATION(#4485,#4487);
#4485=( REPRESENTATION_RELATIONSHIP('','',#4311,#10)REPRESENTATION_RELATIONSHIP_WITH_TRANSFORMATION(#4486)SHAPE_REPRESENTATION_RELATIONSHIP() );
#4486=ITEM_DEFINED_TRANSFORMATION('','',#11,#17);
#4487=PRODUCT_DEFINITION_SHAPE('Placement','Placement of an item',#4488);
#4488=NEXT_ASSEMBLY_USAGE_OCCURRENCE('219','PAD1','',#5,#4307,$);
#4489=PRODUCT_RELATED_PRODUCT_CATEGORY('part',$,(#4309));
#4490=CONTEXT_DEPENDENT_SHAPE_REPRESENTATION(#4491,#4493);
#4491=( REPRESENTATION_RELATIONSHIP('','',#4311,#10)REPRESENTATION_RELATIONSHIP_WITH_TRANSFORMATION(#4492)SHAPE_REPRESENTATION_RELATIONSHIP() );
#4492=ITEM_DEFINED_TRANSFORMATION('','',#11,#19);
#4493=PRODUCT_DEFINITION_SHAPE('Placement','Placement of an item',#4494);
#4494=NEXT_ASSEMBLY_USAGE_OCCURRENCE('220','PAD40','',#5,#4307,$);
#4495=CONTEXT_DEPENDENT_SHAPE_REPRESENTATION(#4496,#4498);
#4496=( REPRESENTATION_RELATIONSHIP('','',#4311,#10)REPRESENTATION_RELATIONSHIP_WITH_TRANSFORMATION(#4497)SHAPE_REPRESENTATION_RELATIONSHIP() );
#4497=ITEM_DEFINED_TRANSFORMATION('','',#11,#22);
#4498=PRODUCT_DEFINITION_SHAPE('Placement','Placement of an item',#4499);
#4499=NEXT_ASSEMBLY_USAGE_OCCURRENCE('221','PAD2','',#5,#4307,$);
#4500=CONTEXT_DEPENDENT_SHAPE_REPRESENTATION(#4501,#4503);
#4501=( REPRESENTATION_RELATIONSHIP('','',#4311,#10)REPRESENTATION_RELATIONSHIP_WITH_TRANSFORMATION(#4502)SHAPE_REPRESENTATION_RELATIONSHIP() );
#4502=ITEM_DEFINED_TRANSFORMATION('','',#11,#24);
#4503=PRODUCT_DEFINITION_SHAPE('Placement','Placement of an item',#4504);
#4504=NEXT_ASSEMBLY_USAGE_OCCURRENCE('222','PAD39','',#5,#4307,$);
#4505=CONTEXT_DEPENDENT_SHAPE_REPRESENTATION(#4506,#4508);
#4506=( REPRESENTATION_RELATIONSHIP('','',#4311,#10)REPRESENTATION_RELATIONSHIP_WITH_TRANSFORMATION(#4507)SHAPE_REPRESENTATION_RELATIONSHIP() );
#4507=ITEM_DEFINED_TRANSFORMATION('','',#11,#26);
#4508=PRODUCT_DEFINITION_SHAPE('Placement','Placement of an item',#4509);
#4509=NEXT_ASSEMBLY_USAGE_OCCURRENCE('223','PAD3','',#5,#4307,$);
#4510=CONTEXT_DEPENDENT_SHAPE_REPRESENTATION(#4511,#4513);
#4511=( REPRESENTATION_RELATIONSHIP('','',#4311,#10)REPRESENTATION_RELATIONSHIP_WITH_TRANSFORMATION(#4512)SHAPE_REPRESENTATION_RELATIONSHIP() );
#4512=ITEM_DEFINED_TRANSFORMATION('','',#11,#28);
#4513=PRODUCT_DEFINITION_SHAPE('Placement','Placement of an item',#4514);
#4514=NEXT_ASSEMBLY_USAGE_OCCURRENCE('224','PAD38','',#5,#4307,$);
#4515=CONTEXT_DEPENDENT_SHAPE_REPRESENTATION(#4516,#4518);
#4516=( REPRESENTATION_RELATIONSHIP('','',#4311,#10)REPRESENTATION_RELATIONSHIP_WITH_TRANSFORMATION(#4517)SHAPE_REPRESENTATION_RELATIONSHIP() );
#4517=ITEM_DEFINED_TRANSFORMATION('','',#11,#30);
#4518=PRODUCT_DEFINITION_SHAPE('Placement','Placement of an item',#4519);
#4519=NEXT_ASSEMBLY_USAGE_OCCURRENCE('225','PAD4','',#5,#4307,$);
#4520=CONTEXT_DEPENDENT_SHAPE_REPRESENTATION(#4521,#4523);
#4521=( REPRESENTATION_RELATIONSHIP('','',#4311,#10)REPRESENTATION_RELATIONSHIP_WITH_TRANSFORMATION(#4522)SHAPE_REPRESENTATION_RELATIONSHIP() );
#4522=ITEM_DEFINED_TRANSFORMATION('','',#11,#32);
#4523=PRODUCT_DEFINITION_SHAPE('Placement','Placement of an item',#4524);
#4524=NEXT_ASSEMBLY_USAGE_OCCURRENCE('226','PAD37','',#5,#4307,$);
#4525=CONTEXT_DEPENDENT_SHAPE_REPRESENTATION(#4526,#4528);
#4526=( REPRESENTATION_RELATIONSHIP('','',#4311,#10)REPRESENTATION_RELATIONSHIP_WITH_TRANSFORMATION(#4527)SHAPE_REPRESENTATION_RELATIONSHIP() );
#4527=ITEM_DEFINED_TRANSFORMATION('','',#11,#34);
#4528=PRODUCT_DEFINITION_SHAPE('Placement','Placement of an item',#4529);
#4529=NEXT_ASSEMBLY_USAGE_OCCURRENCE('227','PAD5','',#5,#4307,$);
#4530=CONTEXT_DEPENDENT_SHAPE_REPRESENTATION(#4531,#4533);
#4531=( REPRESENTATION_RELATIONSHIP('','',#4311,#10)REPRESENTATION_RELATIONSHIP_WITH_TRANSFORMATION(#4532)SHAPE_REPRESENTATION_RELATIONSHIP() );
#4532=ITEM_DEFINED_TRANSFORMATION('','',#11,#36);
#4533=PRODUCT_DEFINITION_SHAPE('Placement','Placement of an item',#4534);
#4534=NEXT_ASSEMBLY_USAGE_OCCURRENCE('228','PAD36','',#5,#4307,$);
#4535=CONTEXT_DEPENDENT_SHAPE_REPRESENTATION(#4536,#4538);
#4536=( REPRESENTATION_RELATIONSHIP('','',#4311,#10)REPRESENTATION_RELATIONSHIP_WITH_TRANSFORMATION(#4537)SHAPE_REPRESENTATION_RELATIONSHIP() );
#4537=ITEM_DEFINED_TRANSFORMATION('','',#11,#38);
#4538=PRODUCT_DEFINITION_SHAPE('Placement','Placement of an item',#4539);
#4539=NEXT_ASSEMBLY_USAGE_OCCURRENCE('229','PAD6','',#5,#4307,$);
#4540=CONTEXT_DEPENDENT_SHAPE_REPRESENTATION(#4541,#4543);
#4541=( REPRESENTATION_RELATIONSHIP('','',#4311,#10)REPRESENTATION_RELATIONSHIP_WITH_TRANSFORMATION(#4542)SHAPE_REPRESENTATION_RELATIONSHIP() );
#4542=ITEM_DEFINED_TRANSFORMATION('','',#11,#40);
#4543=PRODUCT_DEFINITION_SHAPE('Placement','Placement of an item',#4544);
#4544=NEXT_ASSEMBLY_USAGE_OCCURRENCE('230','PAD35','',#5,#4307,$);
#4545=CONTEXT_DEPENDENT_SHAPE_REPRESENTATION(#4546,#4548);
#4546=( REPRESENTATION_RELATIONSHIP('','',#4311,#10)REPRESENTATION_RELATIONSHIP_WITH_TRANSFORMATION(#4547)SHAPE_REPRESENTATION_RELATIONSHIP() );
#4547=ITEM_DEFINED_TRANSFORMATION('','',#11,#42);
#4548=PRODUCT_DEFINITION_SHAPE('Placement','Placement of an item',#4549);
#4549=NEXT_ASSEMBLY_USAGE_OCCURRENCE('231','PAD7','',#5,#4307,$);
#4550=CONTEXT_DEPENDENT_SHAPE_REPRESENTATION(#4551,#4553);
#4551=( REPRESENTATION_RELATIONSHIP('','',#4311,#10)REPRESENTATION_RELATIONSHIP_WITH_TRANSFORMATION(#4552)SHAPE_REPRESENTATION_RELATIONSHIP() );
#4552=ITEM_DEFINED_TRANSFORMATION('','',#11,#44);
#4553=PRODUCT_DEFINITION_SHAPE('Placement','Placement of an item',#4554);
#4554=NEXT_ASSEMBLY_USAGE_OCCURRENCE('232','PAD34','',#5,#4307,$);
#4555=CONTEXT_DEPENDENT_SHAPE_REPRESENTATION(#4556,#4558);
#4556=( REPRESENTATION_RELATIONSHIP('','',#4311,#10)REPRESENTATION_RELATIONSHIP_WITH_TRANSFORMATION(#4557)SHAPE_REPRESENTATION_RELATIONSHIP() );
#4557=ITEM_DEFINED_TRANSFORMATION('','',#11,#46);
#4558=PRODUCT_DEFINITION_SHAPE('Placement','Placement of an item',#4559);
#4559=NEXT_ASSEMBLY_USAGE_OCCURRENCE('233','PAD8','',#5,#4307,$);
#4560=CONTEXT_DEPENDENT_SHAPE_REPRESENTATION(#4561,#4563);
#4561=( REPRESENTATION_RELATIONSHIP('','',#4311,#10)REPRESENTATION_RELATIONSHIP_WITH_TRANSFORMATION(#4562)SHAPE_REPRESENTATION_RELATIONSHIP() );
#4562=ITEM_DEFINED_TRANSFORMATION('','',#11,#48);
#4563=PRODUCT_DEFINITION_SHAPE('Placement','Placement of an item',#4564);
#4564=NEXT_ASSEMBLY_USAGE_OCCURRENCE('234','PAD33','',#5,#4307,$);
#4565=CONTEXT_DEPENDENT_SHAPE_REPRESENTATION(#4566,#4568);
#4566=( REPRESENTATION_RELATIONSHIP('','',#4311,#10)REPRESENTATION_RELATIONSHIP_WITH_TRANSFORMATION(#4567)SHAPE_REPRESENTATION_RELATIONSHIP() );
#4567=ITEM_DEFINED_TRANSFORMATION('','',#11,#50);
#4568=PRODUCT_DEFINITION_SHAPE('Placement','Placement of an item',#4569);
#4569=NEXT_ASSEMBLY_USAGE_OCCURRENCE('235','PAD9','',#5,#4307,$);
#4570=CONTEXT_DEPENDENT_SHAPE_REPRESENTATION(#4571,#4573);
#4571=( REPRESENTATION_RELATIONSHIP('','',#4311,#10)REPRESENTATION_RELATIONSHIP_WITH_TRANSFORMATION(#4572)SHAPE_REPRESENTATION_RELATIONSHIP() );
#4572=ITEM_DEFINED_TRANSFORMATION('','',#11,#52);
#4573=PRODUCT_DEFINITION_SHAPE('Placement','Placement of an item',#4574);
#4574=NEXT_ASSEMBLY_USAGE_OCCURRENCE('236','PAD32','',#5,#4307,$);
#4575=CONTEXT_DEPENDENT_SHAPE_REPRESENTATION(#4576,#4578);
#4576=( REPRESENTATION_RELATIONSHIP('','',#4311,#10)REPRESENTATION_RELATIONSHIP_WITH_TRANSFORMATION(#4577)SHAPE_REPRESENTATION_RELATIONSHIP() );
#4577=ITEM_DEFINED_TRANSFORMATION('','',#11,#54);
#4578=PRODUCT_DEFINITION_SHAPE('Placement','Placement of an item',#4579);
#4579=NEXT_ASSEMBLY_USAGE_OCCURRENCE('237','PAD10','',#5,#4307,$);
#4580=CONTEXT_DEPENDENT_SHAPE_REPRESENTATION(#4581,#4583);
#4581=( REPRESENTATION_RELATIONSHIP('','',#4311,#10)REPRESENTATION_RELATIONSHIP_WITH_TRANSFORMATION(#4582)SHAPE_REPRESENTATION_RELATIONSHIP() );
#4582=ITEM_DEFINED_TRANSFORMATION('','',#11,#56);
#4583=PRODUCT_DEFINITION_SHAPE('Placement','Placement of an item',#4584);
#4584=NEXT_ASSEMBLY_USAGE_OCCURRENCE('238','PAD31','',#5,#4307,$);
#4585=CONTEXT_DEPENDENT_SHAPE_REPRESENTATION(#4586,#4588);
#4586=( REPRESENTATION_RELATIONSHIP('','',#4311,#10)REPRESENTATION_RELATIONSHIP_WITH_TRANSFORMATION(#4587)SHAPE_REPRESENTATION_RELATIONSHIP() );
#4587=ITEM_DEFINED_TRANSFORMATION('','',#11,#58);
#4588=PRODUCT_DEFINITION_SHAPE('Placement','Placement of an item',#4589);
#4589=NEXT_ASSEMBLY_USAGE_OCCURRENCE('239','PAD11','',#5,#4307,$);
#4590=CONTEXT_DEPENDENT_SHAPE_REPRESENTATION(#4591,#4593);
#4591=( REPRESENTATION_RELATIONSHIP('','',#4311,#10)REPRESENTATION_RELATIONSHIP_WITH_TRANSFORMATION(#4592)SHAPE_REPRESENTATION_RELATIONSHIP() );
#4592=ITEM_DEFINED_TRANSFORMATION('','',#11,#60);
#4593=PRODUCT_DEFINITION_SHAPE('Placement','Placement of an item',#4594);
#4594=NEXT_ASSEMBLY_USAGE_OCCURRENCE('240','PAD30','',#5,#4307,$);
#4595=CONTEXT_DEPENDENT_SHAPE_REPRESENTATION(#4596,#4598);
#4596=( REPRESENTATION_RELATIONSHIP('','',#4311,#10)REPRESENTATION_RELATIONSHIP_WITH_TRANSFORMATION(#4597)SHAPE_REPRESENTATION_RELATIONSHIP() );
#4597=ITEM_DEFINED_TRANSFORMATION('','',#11,#62);
#4598=PRODUCT_DEFINITION_SHAPE('Placement','Placement of an item',#4599);
#4599=NEXT_ASSEMBLY_USAGE_OCCURRENCE('241','PAD12','',#5,#4307,$);
#4600=CONTEXT_DEPENDENT_SHAPE_REPRESENTATION(#4601,#4603);
#4601=( REPRESENTATION_RELATIONSHIP('','',#4311,#10)REPRESENTATION_RELATIONSHIP_WITH_TRANSFORMATION(#4602)SHAPE_REPRESENTATION_RELATIONSHIP() );
#4602=ITEM_DEFINED_TRANSFORMATION('','',#11,#64);
#4603=PRODUCT_DEFINITION_SHAPE('Placement','Placement of an item',#4604);
#4604=NEXT_ASSEMBLY_USAGE_OCCURRENCE('242','PAD29','',#5,#4307,$);
#4605=CONTEXT_DEPENDENT_SHAPE_REPRESENTATION(#4606,#4608);
#4606=( REPRESENTATION_RELATIONSHIP('','',#4311,#10)REPRESENTATION_RELATIONSHIP_WITH_TRANSFORMATION(#4607)SHAPE_REPRESENTATION_RELATIONSHIP() );
#4607=ITEM_DEFINED_TRANSFORMATION('','',#11,#66);
#4608=PRODUCT_DEFINITION_SHAPE('Placement','Placement of an item',#4609);
#4609=NEXT_ASSEMBLY_USAGE_OCCURRENCE('243','PAD13','',#5,#4307,$);
#4610=CONTEXT_DEPENDENT_SHAPE_REPRESENTATION(#4611,#4613);
#4611=( REPRESENTATION_RELATIONSHIP('','',#4311,#10)REPRESENTATION_RELATIONSHIP_WITH_TRANSFORMATION(#4612)SHAPE_REPRESENTATION_RELATIONSHIP() );
#4612=ITEM_DEFINED_TRANSFORMATION('','',#11,#68);
#4613=PRODUCT_DEFINITION_SHAPE('Placement','Placement of an item',#4614);
#4614=NEXT_ASSEMBLY_USAGE_OCCURRENCE('244','PAD28','',#5,#4307,$);
#4615=CONTEXT_DEPENDENT_SHAPE_REPRESENTATION(#4616,#4618);
#4616=( REPRESENTATION_RELATIONSHIP('','',#4311,#10)REPRESENTATION_RELATIONSHIP_WITH_TRANSFORMATION(#4617)SHAPE_REPRESENTATION_RELATIONSHIP() );
#4617=ITEM_DEFINED_TRANSFORMATION('','',#11,#70);
#4618=PRODUCT_DEFINITION_SHAPE('Placement','Placement of an item',#4619);
#4619=NEXT_ASSEMBLY_USAGE_OCCURRENCE('245','PAD14','',#5,#4307,$);
#4620=CONTEXT_DEPENDENT_SHAPE_REPRESENTATION(#4621,#4623);
#4621=( REPRESENTATION_RELATIONSHIP('','',#4311,#10)REPRESENTATION_RELATIONSHIP_WITH_TRANSFORMATION(#4622)SHAPE_REPRESENTATION_RELATIONSHIP() );
#4622=ITEM_DEFINED_TRANSFORMATION('','',#11,#72);
#4623=PRODUCT_DEFINITION_SHAPE('Placement','Placement of an item',#4624);
#4624=NEXT_ASSEMBLY_USAGE_OCCURRENCE('246','PAD27','',#5,#4307,$);
#4625=CONTEXT_DEPENDENT_SHAPE_REPRESENTATION(#4626,#4628);
#4626=( REPRESENTATION_RELATIONSHIP('','',#4311,#10)REPRESENTATION_RELATIONSHIP_WITH_TRANSFORMATION(#4627)SHAPE_REPRESENTATION_RELATIONSHIP() );
#4627=ITEM_DEFINED_TRANSFORMATION('','',#11,#74);
#4628=PRODUCT_DEFINITION_SHAPE('Placement','Placement of an item',#4629);
#4629=NEXT_ASSEMBLY_USAGE_OCCURRENCE('247','PAD15','',#5,#4307,$);
#4630=CONTEXT_DEPENDENT_SHAPE_REPRESENTATION(#4631,#4633);
#4631=( REPRESENTATION_RELATIONSHIP('','',#4311,#10)REPRESENTATION_RELATIONSHIP_WITH_TRANSFORMATION(#4632)SHAPE_REPRESENTATION_RELATIONSHIP() );
#4632=ITEM_DEFINED_TRANSFORMATION('','',#11,#76);
#4633=PRODUCT_DEFINITION_SHAPE('Placement','Placement of an item',#4634);
#4634=NEXT_ASSEMBLY_USAGE_OCCURRENCE('248','PAD26','',#5,#4307,$);
#4635=CONTEXT_DEPENDENT_SHAPE_REPRESENTATION(#4636,#4638);
#4636=( REPRESENTATION_RELATIONSHIP('','',#4311,#10)REPRESENTATION_RELATIONSHIP_WITH_TRANSFORMATION(#4637)SHAPE_REPRESENTATION_RELATIONSHIP() );
#4637=ITEM_DEFINED_TRANSFORMATION('','',#11,#78);
#4638=PRODUCT_DEFINITION_SHAPE('Placement','Placement of an item',#4639);
#4639=NEXT_ASSEMBLY_USAGE_OCCURRENCE('249','PAD16','',#5,#4307,$);
#4640=CONTEXT_DEPENDENT_SHAPE_REPRESENTATION(#4641,#4643);
#4641=( REPRESENTATION_RELATIONSHIP('','',#4311,#10)REPRESENTATION_RELATIONSHIP_WITH_TRANSFORMATION(#4642)SHAPE_REPRESENTATION_RELATIONSHIP() );
#4642=ITEM_DEFINED_TRANSFORMATION('','',#11,#80);
#4643=PRODUCT_DEFINITION_SHAPE('Placement','Placement of an item',#4644);
#4644=NEXT_ASSEMBLY_USAGE_OCCURRENCE('250','PAD25','',#5,#4307,$);
#4645=CONTEXT_DEPENDENT_SHAPE_REPRESENTATION(#4646,#4648);
#4646=( REPRESENTATION_RELATIONSHIP('','',#4311,#10)REPRESENTATION_RELATIONSHIP_WITH_TRANSFORMATION(#4647)SHAPE_REPRESENTATION_RELATIONSHIP() );
#4647=ITEM_DEFINED_TRANSFORMATION('','',#11,#82);
#4648=PRODUCT_DEFINITION_SHAPE('Placement','Placement of an item',#4649);
#4649=NEXT_ASSEMBLY_USAGE_OCCURRENCE('251','PAD17','',#5,#4307,$);
#4650=CONTEXT_DEPENDENT_SHAPE_REPRESENTATION(#4651,#4653);
#4651=( REPRESENTATION_RELATIONSHIP('','',#4311,#10)REPRESENTATION_RELATIONSHIP_WITH_TRANSFORMATION(#4652)SHAPE_REPRESENTATION_RELATIONSHIP() );
#4652=ITEM_DEFINED_TRANSFORMATION('','',#11,#84);
#4653=PRODUCT_DEFINITION_SHAPE('Placement','Placement of an item',#4654);
#4654=NEXT_ASSEMBLY_USAGE_OCCURRENCE('252','PAD24','',#5,#4307,$);
#4655=CONTEXT_DEPENDENT_SHAPE_REPRESENTATION(#4656,#4658);
#4656=( REPRESENTATION_RELATIONSHIP('','',#4311,#10)REPRESENTATION_RELATIONSHIP_WITH_TRANSFORMATION(#4657)SHAPE_REPRESENTATION_RELATIONSHIP() );
#4657=ITEM_DEFINED_TRANSFORMATION('','',#11,#86);
#4658=PRODUCT_DEFINITION_SHAPE('Placement','Placement of an item',#4659);
#4659=NEXT_ASSEMBLY_USAGE_OCCURRENCE('253','PAD18','',#5,#4307,$);
#4660=CONTEXT_DEPENDENT_SHAPE_REPRESENTATION(#4661,#4663);
#4661=( REPRESENTATION_RELATIONSHIP('','',#4311,#10)REPRESENTATION_RELATIONSHIP_WITH_TRANSFORMATION(#4662)SHAPE_REPRESENTATION_RELATIONSHIP() );
#4662=ITEM_DEFINED_TRANSFORMATION('','',#11,#88);
#4663=PRODUCT_DEFINITION_SHAPE('Placement','Placement of an item',#4664);
#4664=NEXT_ASSEMBLY_USAGE_OCCURRENCE('254','PAD23','',#5,#4307,$);
#4665=CONTEXT_DEPENDENT_SHAPE_REPRESENTATION(#4666,#4668);
#4666=( REPRESENTATION_RELATIONSHIP('','',#4311,#10)REPRESENTATION_RELATIONSHIP_WITH_TRANSFORMATION(#4667)SHAPE_REPRESENTATION_RELATIONSHIP() );
#4667=ITEM_DEFINED_TRANSFORMATION('','',#11,#90);
#4668=PRODUCT_DEFINITION_SHAPE('Placement','Placement of an item',#4669);
#4669=NEXT_ASSEMBLY_USAGE_OCCURRENCE('255','PAD19','',#5,#4307,$);
#4670=CONTEXT_DEPENDENT_SHAPE_REPRESENTATION(#4671,#4673);
#4671=( REPRESENTATION_RELATIONSHIP('','',#4311,#10)REPRESENTATION_RELATIONSHIP_WITH_TRANSFORMATION(#4672)SHAPE_REPRESENTATION_RELATIONSHIP() );
#4672=ITEM_DEFINED_TRANSFORMATION('','',#11,#92);
#4673=PRODUCT_DEFINITION_SHAPE('Placement','Placement of an item',#4674);
#4674=NEXT_ASSEMBLY_USAGE_OCCURRENCE('256','PAD22','',#5,#4307,$);
#4675=CONTEXT_DEPENDENT_SHAPE_REPRESENTATION(#4676,#4678);
#4676=( REPRESENTATION_RELATIONSHIP('','',#4311,#10)REPRESENTATION_RELATIONSHIP_WITH_TRANSFORMATION(#4677)SHAPE_REPRESENTATION_RELATIONSHIP() );
#4677=ITEM_DEFINED_TRANSFORMATION('','',#11,#94);
#4678=PRODUCT_DEFINITION_SHAPE('Placement','Placement of an item',#4679);
#4679=NEXT_ASSEMBLY_USAGE_OCCURRENCE('257','PAD20','',#5,#4307,$);
#4680=CONTEXT_DEPENDENT_SHAPE_REPRESENTATION(#4681,#4683);
#4681=( REPRESENTATION_RELATIONSHIP('','',#4311,#10)REPRESENTATION_RELATIONSHIP_WITH_TRANSFORMATION(#4682)SHAPE_REPRESENTATION_RELATIONSHIP() );
#4682=ITEM_DEFINED_TRANSFORMATION('','',#11,#96);
#4683=PRODUCT_DEFINITION_SHAPE('Placement','Placement of an item',#4684);
#4684=NEXT_ASSEMBLY_USAGE_OCCURRENCE('258','PAD21','',#5,#4307,$);
#4685=CONTEXT_DEPENDENT_SHAPE_REPRESENTATION(#4686,#4688);
#4686=( REPRESENTATION_RELATIONSHIP('','',#4311,#10)REPRESENTATION_RELATIONSHIP_WITH_TRANSFORMATION(#4687)SHAPE_REPRESENTATION_RELATIONSHIP() );
#4687=ITEM_DEFINED_TRANSFORMATION('','',#11,#98);
#4688=PRODUCT_DEFINITION_SHAPE('Placement','Placement of an item',#4689);
#4689=NEXT_ASSEMBLY_USAGE_OCCURRENCE('259','DBGPAD1','',#5,#4307,$);
#4690=CONTEXT_DEPENDENT_SHAPE_REPRESENTATION(#4691,#4693);
#4691=( REPRESENTATION_RELATIONSHIP('','',#4311,#10)REPRESENTATION_RELATIONSHIP_WITH_TRANSFORMATION(#4692)SHAPE_REPRESENTATION_RELATIONSHIP() );
#4692=ITEM_DEFINED_TRANSFORMATION('','',#11,#101);
#4693=PRODUCT_DEFINITION_SHAPE('Placement','Placement of an item',#4694);
#4694=NEXT_ASSEMBLY_USAGE_OCCURRENCE('260','DBGPAD2','',#5,#4307,$);
#4695=CONTEXT_DEPENDENT_SHAPE_REPRESENTATION(#4696,#4698);
#4696=( REPRESENTATION_RELATIONSHIP('','',#4311,#10)REPRESENTATION_RELATIONSHIP_WITH_TRANSFORMATION(#4697)SHAPE_REPRESENTATION_RELATIONSHIP() );
#4697=ITEM_DEFINED_TRANSFORMATION('','',#11,#103);
#4698=PRODUCT_DEFINITION_SHAPE('Placement','Placement of an item',#4699);
#4699=NEXT_ASSEMBLY_USAGE_OCCURRENCE('261','DBGPAD3','',#5,#4307,$);
#4700=SHAPE_DEFINITION_REPRESENTATION(#4701,#4706);
#4701=PRODUCT_DEFINITION_SHAPE('','',#4702);
#4702=PRODUCT_DEFINITION('design','',#4703,#4705);
#4703=PRODUCT_DEFINITION_FORMATION('','',#4704);
#4704=PRODUCT('USB','USB','',(#8));
#4705=PRODUCT_DEFINITION_CONTEXT('part definition',#2,'design');
#4706=ADVANCED_BREP_SHAPE_REPRESENTATION('',(#11,#4707),#4797);
#4707=MANIFOLD_SOLID_BREP('',#4708);
#4708=CLOSED_SHELL('',(#4709,#4734,#4759,#4771,#4783,#4790));
#4709=ADVANCED_FACE('',(#4710),#4732,.F.);
#4710=FACE_BOUND('',#4711,.F.);
#4711=EDGE_LOOP('',(#4712,#4719,#4724,#4729));
#4712=ORIENTED_EDGE('',*,*,#4713,.F.);
#4713=EDGE_CURVE('',#4714,#4716,#4718,.T.);
#4714=VERTEX_POINT('',#4715);
#4715=CARTESIAN_POINT('',(-4.,0.,0.));
#4716=VERTEX_POINT('',#4717);
#4717=CARTESIAN_POINT('',(-4.,0.,4.));
#4718=LINE('',#4715,#224);
#4719=ORIENTED_EDGE('',*,*,#4720,.T.);
#4720=EDGE_CURVE('',#4714,#4721,#4723,.T.);
#4721=VERTEX_POINT('',#4722);
#4722=CARTESIAN_POINT('',(-4.,5.8,0.));
#4723=LINE('',#4715,#251);
#4724=ORIENTED_EDGE('',*,*,#4725,.T.);
#4725=EDGE_CURVE('',#4721,#4726,#4728,.T.);
#4726=VERTEX_POINT('',#4727);
#4727=CARTESIAN_POINT('',(-4.,5.8,4.));
#4728=LINE('',#4722,#224);
#4729=ORIENTED_EDGE('',*,*,#4730,.F.);
#4730=EDGE_CURVE('',#4716,#4726,#4731,.T.);
#4731=LINE('',#4717,#251);
#4732=PLANE('',#4733);
#4733=AXIS2_PLACEMENT_3D('',#4715,#14,#13);
#4734=ADVANCED_FACE('',(#4735),#4757,.T.);
#4735=FACE_BOUND('',#4736,.T.);
#4736=EDGE_LOOP('',(#4737,#4744,#4749,#4754));
#4737=ORIENTED_EDGE('',*,*,#4738,.F.);
#4738=EDGE_CURVE('',#4739,#4741,#4743,.T.);
#4739=VERTEX_POINT('',#4740);
#4740=CARTESIAN_POINT('',(4.,0.,0.));
#4741=VERTEX_POINT('',#4742);
#4742=CARTESIAN_POINT('',(4.,0.,4.));
#4743=LINE('',#4740,#224);
#4744=ORIENTED_EDGE('',*,*,#4745,.T.);
#4745=EDGE_CURVE('',#4739,#4746,#4748,.T.);
#4746=VERTEX_POINT('',#4747);
#4747=CARTESIAN_POINT('',(4.,5.8,0.));
#4748=LINE('',#4740,#251);
#4749=ORIENTED_EDGE('',*,*,#4750,.T.);
#4750=EDGE_CURVE('',#4746,#4751,#4753,.T.);
#4751=VERTEX_POINT('',#4752);
#4752=CARTESIAN_POINT('',(4.,5.8,4.));
#4753=LINE('',#4747,#224);
#4754=ORIENTED_EDGE('',*,*,#4755,.F.);
#4755=EDGE_CURVE('',#4741,#4751,#4756,.T.);
#4756=LINE('',#4742,#251);
#4757=PLANE('',#4758);
#4758=AXIS2_PLACEMENT_3D('',#4740,#14,#13);
#4759=ADVANCED_FACE('',(#4760),#4769,.F.);
#4760=FACE_BOUND('',#4761,.F.);
#4761=EDGE_LOOP('',(#4762,#4765,#4766,#4737));
#4762=ORIENTED_EDGE('',*,*,#4763,.F.);
#4763=EDGE_CURVE('',#4714,#4739,#4764,.T.);
#4764=LINE('',#4715,#230);
#4765=ORIENTED_EDGE('',*,*,#4713,.T.);
#4766=ORIENTED_EDGE('',*,*,#4767,.T.);
#4767=EDGE_CURVE('',#4716,#4741,#4768,.T.);
#4768=LINE('',#4717,#230);
#4769=PLANE('',#4770);
#4770=AXIS2_PLACEMENT_3D('',#4715,#241,#13);
#4771=ADVANCED_FACE('',(#4772),#4781,.T.);
#4772=FACE_BOUND('',#4773,.T.);
#4773=EDGE_LOOP('',(#4774,#4724,#4777,#4780));
#4774=ORIENTED_EDGE('',*,*,#4775,.F.);
#4775=EDGE_CURVE('',#4721,#4746,#4776,.T.);
#4776=LINE('',#4722,#230);
#4777=ORIENTED_EDGE('',*,*,#4778,.T.);
#4778=EDGE_CURVE('',#4726,#4751,#4779,.T.);
#4779=LINE('',#4727,#230);
#4780=ORIENTED_EDGE('',*,*,#4750,.F.);
#4781=PLANE('',#4782);
#4782=AXIS2_PLACEMENT_3D('',#4722,#241,#13);
#4783=ADVANCED_FACE('',(#4784),#4788,.F.);
#4784=FACE_BOUND('',#4785,.F.);
#4785=EDGE_LOOP('',(#4786,#4787,#4744,#4774));
#4786=ORIENTED_EDGE('',*,*,#4720,.F.);
#4787=ORIENTED_EDGE('',*,*,#4763,.T.);
#4788=PLANE('',#4789);
#4789=AXIS2_PLACEMENT_3D('',#4715,#13,#14);
#4790=ADVANCED_FACE('',(#4791),#4795,.T.);
#4791=FACE_BOUND('',#4792,.T.);
#4792=EDGE_LOOP('',(#4729,#4766,#4793,#4794));
#4793=ORIENTED_EDGE('',*,*,#4755,.T.);
#4794=ORIENTED_EDGE('',*,*,#4778,.F.);
#4795=PLANE('',#4796);
#4796=AXIS2_PLACEMENT_3D('',#4717,#13,#14);
#4797=( GEOMETRIC_REPRESENTATION_CONTEXT(3)GLOBAL_UNCERTAINTY_ASSIGNED_CONTEXT((#203))GLOBAL_UNIT_ASSIGNED_CONTEXT((#200,#201,#202)) REPRESENTATION_CONTEXT('Context #1','3D Context with UNIT and UNCERTAINTY') );
#4798=CONTEXT_DEPENDENT_SHAPE_REPRESENTATION(#4799,#4801);
#4799=( REPRESENTATION_RELATIONSHIP('','',#4706,#10)REPRESENTATION_RELATIONSHIP_WITH_TRANSFORMATION(#4800)SHAPE_REPRESENTATION_RELATIONSHIP() );
#4800=ITEM_DEFINED_TRANSFORMATION('','',#11,#105);
#4801=PRODUCT_DEFINITION_SHAPE('Placement','Placement of an item',#4802);
#4802=NEXT_ASSEMBLY_USAGE_OCCURRENCE('262','USB','',#5,#4702,$);
#4803=PRODUCT_RELATED_PRODUCT_CATEGORY('part',$,(#4704));
#4804=SHAPE_DEFINITION_REPRESENTATION(#4805,#4810);
#4805=PRODUCT_DEFINITION_SHAPE('','',#4806);
#4806=PRODUCT_DEFINITION('design','',#4807,#4809);
#4807=PRODUCT_DEFINITION_FORMATION('','',#4808);
#4808=PRODUCT('HEADER1','HEADER1','',(#8));
#4809=PRODUCT_DEFINITION_CONTEXT('part definition',#2,'design');
#4810=ADVANCED_BREP_SHAPE_REPRESENTATION('',(#11,#4811),#4901);
#4811=MANIFOLD_SOLID_BREP('',#4812);
#4812=CLOSED_SHELL('',(#4813,#4838,#4863,#4875,#4887,#4894));
#4813=ADVANCED_FACE('',(#4814),#4836,.F.);
#4814=FACE_BOUND('',#4815,.F.);
#4815=EDGE_LOOP('',(#4816,#4823,#4828,#4833));
#4816=ORIENTED_EDGE('',*,*,#4817,.F.);
#4817=EDGE_CURVE('',#4818,#4820,#4822,.T.);
#4818=VERTEX_POINT('',#4819);
#4819=CARTESIAN_POINT('',(-1.25,-25.38,0.));
#4820=VERTEX_POINT('',#4821);
#4821=CARTESIAN_POINT('',(-1.25,-25.38,9.5));
#4822=LINE('',#4819,#224);
#4823=ORIENTED_EDGE('',*,*,#4824,.T.);
#4824=EDGE_CURVE('',#4818,#4825,#4827,.T.);
#4825=VERTEX_POINT('',#4826);
#4826=CARTESIAN_POINT('',(-1.25,25.38,0.));
#4827=LINE('',#4819,#251);
#4828=ORIENTED_EDGE('',*,*,#4829,.T.);
#4829=EDGE_CURVE('',#4825,#4830,#4832,.T.);
#4830=VERTEX_POINT('',#4831);
#4831=CARTESIAN_POINT('',(-1.25,25.38,9.5));
#4832=LINE('',#4826,#224);
#4833=ORIENTED_EDGE('',*,*,#4834,.F.);
#4834=EDGE_CURVE('',#4820,#4830,#4835,.T.);
#4835=LINE('',#4821,#251);
#4836=PLANE('',#4837);
#4837=AXIS2_PLACEMENT_3D('',#4819,#14,#13);
#4838=ADVANCED_FACE('',(#4839),#4861,.T.);
#4839=FACE_BOUND('',#4840,.T.);
#4840=EDGE_LOOP('',(#4841,#4848,#4853,#4858));
#4841=ORIENTED_EDGE('',*,*,#4842,.F.);
#4842=EDGE_CURVE('',#4843,#4845,#4847,.T.);
#4843=VERTEX_POINT('',#4844);
#4844=CARTESIAN_POINT('',(1.25,-25.38,0.));
#4845=VERTEX_POINT('',#4846);
#4846=CARTESIAN_POINT('',(1.25,-25.38,9.5));
#4847=LINE('',#4844,#224);
#4848=ORIENTED_EDGE('',*,*,#4849,.T.);
#4849=EDGE_CURVE('',#4843,#4850,#4852,.T.);
#4850=VERTEX_POINT('',#4851);
#4851=CARTESIAN_POINT('',(1.25,25.38,0.));
#4852=LINE('',#4844,#251);
#4853=ORIENTED_EDGE('',*,*,#4854,.T.);
#4854=EDGE_CURVE('',#4850,#4855,#4857,.T.);
#4855=VERTEX_POINT('',#4856);
#4856=CARTESIAN_POINT('',(1.25,25.38,9.5));
#4857=LINE('',#4851,#224);
#4858=ORIENTED_EDGE('',*,*,#4859,.F.);
#4859=EDGE_CURVE('',#4845,#4855,#4860,.T.);
#4860=LINE('',#4846,#251);
#4861=PLANE('',#4862);
#4862=AXIS2_PLACEMENT_3D('',#4844,#14,#13);
#4863=ADVANCED_FACE('',(#4864),#4873,.F.);
#4864=FACE_BOUND('',#4865,.F.);
#4865=EDGE_LOOP('',(#4866,#4869,#4870,#4841));
#4866=ORIENTED_EDGE('',*,*,#4867,.F.);
#4867=EDGE_CURVE('',#4818,#4843,#4868,.T.);
#4868=LINE('',#4819,#230);
#4869=ORIENTED_EDGE('',*,*,#4817,.T.);
#4870=ORIENTED_EDGE('',*,*,#4871,.T.);
#4871=EDGE_CURVE('',#4820,#4845,#4872,.T.);
#4872=LINE('',#4821,#230);
#4873=PLANE('',#4874);
#4874=AXIS2_PLACEMENT_3D('',#4819,#241,#13);
#4875=ADVANCED_FACE('',(#4876),#4885,.T.);
#4876=FACE_BOUND('',#4877,.T.);
#4877=EDGE_LOOP('',(#4878,#4828,#4881,#4884));
#4878=ORIENTED_EDGE('',*,*,#4879,.F.);
#4879=EDGE_CURVE('',#4825,#4850,#4880,.T.);
#4880=LINE('',#4826,#230);
#4881=ORIENTED_EDGE('',*,*,#4882,.T.);
#4882=EDGE_CURVE('',#4830,#4855,#4883,.T.);
#4883=LINE('',#4831,#230);
#4884=ORIENTED_EDGE('',*,*,#4854,.F.);
#4885=PLANE('',#4886);
#4886=AXIS2_PLACEMENT_3D('',#4826,#241,#13);
#4887=ADVANCED_FACE('',(#4888),#4892,.F.);
#4888=FACE_BOUND('',#4889,.F.);
#4889=EDGE_LOOP('',(#4890,#4891,#4848,#4878));
#4890=ORIENTED_EDGE('',*,*,#4824,.F.);
#4891=ORIENTED_EDGE('',*,*,#4867,.T.);
#4892=PLANE('',#4893);
#4893=AXIS2_PLACEMENT_3D('',#4819,#13,#14);
#4894=ADVANCED_FACE('',(#4895),#4899,.T.);
#4895=FACE_BOUND('',#4896,.T.);
#4896=EDGE_LOOP('',(#4833,#4870,#4897,#4898));
#4897=ORIENTED_EDGE('',*,*,#4859,.T.);
#4898=ORIENTED_EDGE('',*,*,#4882,.F.);
#4899=PLANE('',#4900);
#4900=AXIS2_PLACEMENT_3D('',#4821,#13,#14);
#4901=( GEOMETRIC_REPRESENTATION_CONTEXT(3)GLOBAL_UNCERTAINTY_ASSIGNED_CONTEXT((#203))GLOBAL_UNIT_ASSIGNED_CONTEXT((#200,#201,#202)) REPRESENTATION_CONTEXT('Context #1','3D Context with UNIT and UNCERTAINTY') );
#4902=CONTEXT_DEPENDENT_SHAPE_REPRESENTATION(#4903,#4905);
#4903=( REPRESENTATION_RELATIONSHIP('','',#4810,#10)REPRESENTATION_RELATIONSHIP_WITH_TRANSFORMATION(#4904)SHAPE_REPRESENTATION_RELATIONSHIP() );
#4904=ITEM_DEFINED_TRANSFORMATION('','',#11,#107);
#4905=PRODUCT_DEFINITION_SHAPE('Placement','Placement of an item',#4906);
#4906=NEXT_ASSEMBLY_USAGE_OCCURRENCE('263','HEADER1','',#5,#4806,$);
#4907=PRODUCT_RELATED_PRODUCT_CATEGORY('part',$,(#4808));
#4908=CONTEXT_DEPENDENT_SHAPE_REPRESENTATION(#4909,#4911);
#4909=( REPRESENTATION_RELATIONSHIP('','',#4810,#10)REPRESENTATION_RELATIONSHIP_WITH_TRANSFORMATION(#4910)SHAPE_REPRESENTATION_RELATIONSHIP() );
#4910=ITEM_DEFINED_TRANSFORMATION('','',#11,#109);
#4911=PRODUCT_DEFINITION_SHAPE('Placement','Placement of an item',#4912);
#4912=NEXT_ASSEMBLY_USAGE_OCCURRENCE('264','HEADER2','',#5,#4806,$);
#4913=SHAPE_DEFINITION_REPRESENTATION(#4914,#4919);
#4914=PRODUCT_DEFINITION_SHAPE('','',#4915);
#4915=PRODUCT_DEFINITION('design','',#4916,#4918);
#4916=PRODUCT_DEFINITION_FORMATION('','',#4917);
#4917=PRODUCT('HEADER3','HEADER3','',(#8));
#4918=PRODUCT_DEFINITION_CONTEXT('part definition',#2,'design');
#4919=ADVANCED_BREP_SHAPE_REPRESENTATION('',(#11,#4920),#5010);
#4920=MANIFOLD_SOLID_BREP('',#4921);
#4921=CLOSED_SHELL('',(#4922,#4947,#4972,#4984,#4996,#5003));
#4922=ADVANCED_FACE('',(#4923),#4945,.F.);
#4923=FACE_BOUND('',#4924,.F.);
#4924=EDGE_LOOP('',(#4925,#4932,#4937,#4942));
#4925=ORIENTED_EDGE('',*,*,#4926,.F.);
#4926=EDGE_CURVE('',#4927,#4929,#4931,.T.);
#4927=VERTEX_POINT('',#4928);
#4928=CARTESIAN_POINT('',(-3.79,-1.25,0.));
#4929=VERTEX_POINT('',#4930);
#4930=CARTESIAN_POINT('',(-3.79,-1.25,9.5));
#4931=LINE('',#4928,#224);
#4932=ORIENTED_EDGE('',*,*,#4933,.T.);
#4933=EDGE_CURVE('',#4927,#4934,#4936,.T.);
#4934=VERTEX_POINT('',#4935);
#4935=CARTESIAN_POINT('',(-3.79,1.25,0.));
#4936=LINE('',#4928,#251);
#4937=ORIENTED_EDGE('',*,*,#4938,.T.);
#4938=EDGE_CURVE('',#4934,#4939,#4941,.T.);
#4939=VERTEX_POINT('',#4940);
#4940=CARTESIAN_POINT('',(-3.79,1.25,9.5));
#4941=LINE('',#4935,#224);
#4942=ORIENTED_EDGE('',*,*,#4943,.F.);
#4943=EDGE_CURVE('',#4929,#4939,#4944,.T.);
#4944=LINE('',#4930,#251);
#4945=PLANE('',#4946);
#4946=AXIS2_PLACEMENT_3D('',#4928,#14,#13);
#4947=ADVANCED_FACE('',(#4948),#4970,.T.);
#4948=FACE_BOUND('',#4949,.T.);
#4949=EDGE_LOOP('',(#4950,#4957,#4962,#4967));
#4950=ORIENTED_EDGE('',*,*,#4951,.F.);
#4951=EDGE_CURVE('',#4952,#4954,#4956,.T.);
#4952=VERTEX_POINT('',#4953);
#4953=CARTESIAN_POINT('',(3.79,-1.25,0.));
#4954=VERTEX_POINT('',#4955);
#4955=CARTESIAN_POINT('',(3.79,-1.25,9.5));
#4956=LINE('',#4953,#224);
#4957=ORIENTED_EDGE('',*,*,#4958,.T.);
#4958=EDGE_CURVE('',#4952,#4959,#4961,.T.);
#4959=VERTEX_POINT('',#4960);
#4960=CARTESIAN_POINT('',(3.79,1.25,0.));
#4961=LINE('',#4953,#251);
#4962=ORIENTED_EDGE('',*,*,#4963,.T.);
#4963=EDGE_CURVE('',#4959,#4964,#4966,.T.);
#4964=VERTEX_POINT('',#4965);
#4965=CARTESIAN_POINT('',(3.79,1.25,9.5));
#4966=LINE('',#4960,#224);
#4967=ORIENTED_EDGE('',*,*,#4968,.F.);
#4968=EDGE_CURVE('',#4954,#4964,#4969,.T.);
#4969=LINE('',#4955,#251);
#4970=PLANE('',#4971);
#4971=AXIS2_PLACEMENT_3D('',#4953,#14,#13);
#4972=ADVANCED_FACE('',(#4973),#4982,.F.);
#4973=FACE_BOUND('',#4974,.F.);
#4974=EDGE_LOOP('',(#4975,#4978,#4979,#4950));
#4975=ORIENTED_EDGE('',*,*,#4976,.F.);
#4976=EDGE_CURVE('',#4927,#4952,#4977,.T.);
#4977=LINE('',#4928,#230);
#4978=ORIENTED_EDGE('',*,*,#4926,.T.);
#4979=ORIENTED_EDGE('',*,*,#4980,.T.);
#4980=EDGE_CURVE('',#4929,#4954,#4981,.T.);
#4981=LINE('',#4930,#230);
#4982=PLANE('',#4983);
#4983=AXIS2_PLACEMENT_3D('',#4928,#241,#13);
#4984=ADVANCED_FACE('',(#4985),#4994,.T.);
#4985=FACE_BOUND('',#4986,.T.);
#4986=EDGE_LOOP('',(#4987,#4937,#4990,#4993));
#4987=ORIENTED_EDGE('',*,*,#4988,.F.);
#4988=EDGE_CURVE('',#4934,#4959,#4989,.T.);
#4989=LINE('',#4935,#230);
#4990=ORIENTED_EDGE('',*,*,#4991,.T.);
#4991=EDGE_CURVE('',#4939,#4964,#4992,.T.);
#4992=LINE('',#4940,#230);
#4993=ORIENTED_EDGE('',*,*,#4963,.F.);
#4994=PLANE('',#4995);
#4995=AXIS2_PLACEMENT_3D('',#4935,#241,#13);
#4996=ADVANCED_FACE('',(#4997),#5001,.F.);
#4997=FACE_BOUND('',#4998,.F.);
#4998=EDGE_LOOP('',(#4999,#5000,#4957,#4987));
#4999=ORIENTED_EDGE('',*,*,#4933,.F.);
#5000=ORIENTED_EDGE('',*,*,#4976,.T.);
#5001=PLANE('',#5002);
#5002=AXIS2_PLACEMENT_3D('',#4928,#13,#14);
#5003=ADVANCED_FACE('',(#5004),#5008,.T.);
#5004=FACE_BOUND('',#5005,.T.);
#5005=EDGE_LOOP('',(#4942,#4979,#5006,#5007));
#5006=ORIENTED_EDGE('',*,*,#4968,.T.);
#5007=ORIENTED_EDGE('',*,*,#4991,.F.);
#5008=PLANE('',#5009);
#5009=AXIS2_PLACEMENT_3D('',#4930,#13,#14);
#5010=( GEOMETRIC_REPRESENTATION_CONTEXT(3)GLOBAL_UNCERTAINTY_ASSIGNED_CONTEXT((#203))GLOBAL_UNIT_ASSIGNED_CONTEXT((#200,#201,#202)) REPRESENTATION_CONTEXT('Context #1','3D Context with UNIT and UNCERTAINTY') );
#5011=CONTEXT_DEPENDENT_SHAPE_REPRESENTATION(#5012,#5014);
#5012=( REPRESENTATION_RELATIONSHIP('','',#4919,#10)REPRESENTATION_RELATIONSHIP_WITH_TRANSFORMATION(#5013)SHAPE_REPRESENTATION_RELATIONSHIP() );
#5013=ITEM_DEFINED_TRANSFORMATION('','',#11,#111);
#5014=PRODUCT_DEFINITION_SHAPE('Placement','Placement of an item',#5015);
#5015=NEXT_ASSEMBLY_USAGE_OCCURRENCE('265','HEADER3','',#5,#4915,$);
#5016=PRODUCT_RELATED_PRODUCT_CATEGORY('part',$,(#4917));
#5017=SHAPE_DEFINITION_REPRESENTATION(#5018,#5023);
#5018=PRODUCT_DEFINITION_SHAPE('','',#5019);
#5019=PRODUCT_DEFINITION('design','',#5020,#5022);
#5020=PRODUCT_DEFINITION_FORMATION('','',#5021);
#5021=PRODUCT('PIN1','PIN1','',(#8));
#5022=PRODUCT_DEFINITION_CONTEXT('part definition',#2,'design');
#5023=ADVANCED_BREP_SHAPE_REPRESENTATION('',(#11,#5024),#5114);
#5024=MANIFOLD_SOLID_BREP('',#5025);
#5025=CLOSED_SHELL('',(#5026,#5051,#5076,#5088,#5100,#5107));
#5026=ADVANCED_FACE('',(#5027),#5049,.F.);
#5027=FACE_BOUND('',#5028,.F.);
#5028=EDGE_LOOP('',(#5029,#5036,#5041,#5046));
#5029=ORIENTED_EDGE('',*,*,#5030,.F.);
#5030=EDGE_CURVE('',#5031,#5033,#5035,.T.);
#5031=VERTEX_POINT('',#5032);
#5032=CARTESIAN_POINT('',(-0.35,-0.35,-7.75));
#5033=VERTEX_POINT('',#5034);
#5034=CARTESIAN_POINT('',(-0.35,-0.35,7.75));
#5035=LINE('',#5032,#224);
#5036=ORIENTED_EDGE('',*,*,#5037,.T.);
#5037=EDGE_CURVE('',#5031,#5038,#5040,.T.);
#5038=VERTEX_POINT('',#5039);
#5039=CARTESIAN_POINT('',(-0.35,0.35,-7.75));
#5040=LINE('',#5032,#251);
#5041=ORIENTED_EDGE('',*,*,#5042,.T.);
#5042=EDGE_CURVE('',#5038,#5043,#5045,.T.);
#5043=VERTEX_POINT('',#5044);
#5044=CARTESIAN_POINT('',(-0.35,0.35,7.75));
#5045=LINE('',#5039,#224);
#5046=ORIENTED_EDGE('',*,*,#5047,.F.);
#5047=EDGE_CURVE('',#5033,#5043,#5048,.T.);
#5048=LINE('',#5034,#251);
#5049=PLANE('',#5050);
#5050=AXIS2_PLACEMENT_3D('',#5032,#14,#13);
#5051=ADVANCED_FACE('',(#5052),#5074,.T.);
#5052=FACE_BOUND('',#5053,.T.);
#5053=EDGE_LOOP('',(#5054,#5061,#5066,#5071));
#5054=ORIENTED_EDGE('',*,*,#5055,.F.);
#5055=EDGE_CURVE('',#5056,#5058,#5060,.T.);
#5056=VERTEX_POINT('',#5057);
#5057=CARTESIAN_POINT('',(0.35,-0.35,-7.75));
#5058=VERTEX_POINT('',#5059);
#5059=CARTESIAN_POINT('',(0.35,-0.35,7.75));
#5060=LINE('',#5057,#224);
#5061=ORIENTED_EDGE('',*,*,#5062,.T.);
#5062=EDGE_CURVE('',#5056,#5063,#5065,.T.);
#5063=VERTEX_POINT('',#5064);
#5064=CARTESIAN_POINT('',(0.35,0.35,-7.75));
#5065=LINE('',#5057,#251);
#5066=ORIENTED_EDGE('',*,*,#5067,.T.);
#5067=EDGE_CURVE('',#5063,#5068,#5070,.T.);
#5068=VERTEX_POINT('',#5069);
#5069=CARTESIAN_POINT('',(0.35,0.35,7.75));
#5070=LINE('',#5064,#224);
#5071=ORIENTED_EDGE('',*,*,#5072,.F.);
#5072=EDGE_CURVE('',#5058,#5068,#5073,.T.);
#5073=LINE('',#5059,#251);
#5074=PLANE('',#5075);
#5075=AXIS2_PLACEMENT_3D('',#5057,#14,#13);
#5076=ADVANCED_FACE('',(#5077),#5086,.F.);
#5077=FACE_BOUND('',#5078,.F.);
#5078=EDGE_LOOP('',(#5079,#5082,#5083,#5054));
#5079=ORIENTED_EDGE('',*,*,#5080,.F.);
#5080=EDGE_CURVE('',#5031,#5056,#5081,.T.);
#5081=LINE('',#5032,#230);
#5082=ORIENTED_EDGE('',*,*,#5030,.T.);
#5083=ORIENTED_EDGE('',*,*,#5084,.T.);
#5084=EDGE_CURVE('',#5033,#5058,#5085,.T.);
#5085=LINE('',#5034,#230);
#5086=PLANE('',#5087);
#5087=AXIS2_PLACEMENT_3D('',#5032,#241,#13);
#5088=ADVANCED_FACE('',(#5089),#5098,.T.);
#5089=FACE_BOUND('',#5090,.T.);
#5090=EDGE_LOOP('',(#5091,#5041,#5094,#5097));
#5091=ORIENTED_EDGE('',*,*,#5092,.F.);
#5092=EDGE_CURVE('',#5038,#5063,#5093,.T.);
#5093=LINE('',#5039,#230);
#5094=ORIENTED_EDGE('',*,*,#5095,.T.);
#5095=EDGE_CURVE('',#5043,#5068,#5096,.T.);
#5096=LINE('',#5044,#230);
#5097=ORIENTED_EDGE('',*,*,#5067,.F.);
#5098=PLANE('',#5099);
#5099=AXIS2_PLACEMENT_3D('',#5039,#241,#13);
#5100=ADVANCED_FACE('',(#5101),#5105,.F.);
#5101=FACE_BOUND('',#5102,.F.);
#5102=EDGE_LOOP('',(#5103,#5104,#5061,#5091));
#5103=ORIENTED_EDGE('',*,*,#5037,.F.);
#5104=ORIENTED_EDGE('',*,*,#5080,.T.);
#5105=PLANE('',#5106);
#5106=AXIS2_PLACEMENT_3D('',#5032,#13,#14);
#5107=ADVANCED_FACE('',(#5108),#5112,.T.);
#5108=FACE_BOUND('',#5109,.T.);
#5109=EDGE_LOOP('',(#5046,#5083,#5110,#5111));
#5110=ORIENTED_EDGE('',*,*,#5072,.T.);
#5111=ORIENTED_EDGE('',*,*,#5095,.F.);
#5112=PLANE('',#5113);
#5113=AXIS2_PLACEMENT_3D('',#5034,#13,#14);
#5114=( GEOMETRIC_REPRESENTATION_CONTEXT(3)GLOBAL_UNCERTAINTY_ASSIGNED_CONTEXT((#203))GLOBAL_UNIT_ASSIGNED_CONTEXT((#200,#201,#202)) REPRESENTATION_CONTEXT('Context #1','3D Context with UNIT and UNCERTAINTY') );
#5115=CONTEXT_DEPENDENT_SHAPE_REPRESENTATION(#5116,#5118);
#5116=( REPRESENTATION_RELATIONSHIP('','',#5023,#10)REPRESENTATION_RELATIONSHIP_WITH_TRANSFORMATION(#5117)SHAPE_REPRESENTATION_RELATIONSHIP() );
#5117=ITEM_DEFINED_TRANSFORMATION('','',#11,#113);
#5118=PRODUCT_DEFINITION_SHAPE('Placement','Placement of an item',#5119);
#5119=NEXT_ASSEMBLY_USAGE_OCCURRENCE('266','PIN1','',#5,#5019,$);
#5120=PRODUCT_RELATED_PRODUCT_CATEGORY('part',$,(#5021));
#5121=CONTEXT_DEPENDENT_SHAPE_REPRESENTATION(#5122,#5124);
#5122=( REPRESENTATION_RELATIONSHIP('','',#5023,#10)REPRESENTATION_RELATIONSHIP_WITH_TRANSFORMATION(#5123)SHAPE_REPRESENTATION_RELATIONSHIP() );
#5123=ITEM_DEFINED_TRANSFORMATION('','',#11,#115);
#5124=PRODUCT_DEFINITION_SHAPE('Placement','Placement of an item',#5125);
#5125=NEXT_ASSEMBLY_USAGE_OCCURRENCE('267','PIN40','',#5,#5019,$);
#5126=CONTEXT_DEPENDENT_SHAPE_REPRESENTATION(#5127,#5129);
#5127=( REPRESENTATION_RELATIONSHIP('','',#5023,#10)REPRESENTATION_RELATIONSHIP_WITH_TRANSFORMATION(#5128)SHAPE_REPRESENTATION_RELATIONSHIP() );
#5128=ITEM_DEFINED_TRANSFORMATION('','',#11,#117);
#5129=PRODUCT_DEFINITION_SHAPE('Placement','Placement of an item',#5130);
#5130=NEXT_ASSEMBLY_USAGE_OCCURRENCE('268','PIN2','',#5,#5019,$);
#5131=CONTEXT_DEPENDENT_SHAPE_REPRESENTATION(#5132,#5134);
#5132=( REPRESENTATION_RELATIONSHIP('','',#5023,#10)REPRESENTATION_RELATIONSHIP_WITH_TRANSFORMATION(#5133)SHAPE_REPRESENTATION_RELATIONSHIP() );
#5133=ITEM_DEFINED_TRANSFORMATION('','',#11,#119);
#5134=PRODUCT_DEFINITION_SHAPE('Placement','Placement of an item',#5135);
#5135=NEXT_ASSEMBLY_USAGE_OCCURRENCE('269','PIN39','',#5,#5019,$);
#5136=CONTEXT_DEPENDENT_SHAPE_REPRESENTATION(#5137,#5139);
#5137=( REPRESENTATION_RELATIONSHIP('','',#5023,#10)REPRESENTATION_RELATIONSHIP_WITH_TRANSFORMATION(#5138)SHAPE_REPRESENTATION_RELATIONSHIP() );
#5138=ITEM_DEFINED_TRANSFORMATION('','',#11,#121);
#5139=PRODUCT_DEFINITION_SHAPE('Placement','Placement of an item',#5140);
#5140=NEXT_ASSEMBLY_USAGE_OCCURRENCE('270','PIN3','',#5,#5019,$);
#5141=CONTEXT_DEPENDENT_SHAPE_REPRESENTATION(#5142,#5144);
#5142=( REPRESENTATION_RELATIONSHIP('','',#5023,#10)REPRESENTATION_RELATIONSHIP_WITH_TRANSFORMATION(#5143)SHAPE_REPRESENTATION_RELATIONSHIP() );
#5143=ITEM_DEFINED_TRANSFORMATION('','',#11,#123);
#5144=PRODUCT_DEFINITION_SHAPE('Placement','Placement of an item',#5145);
#5145=NEXT_ASSEMBLY_USAGE_OCCURRENCE('271','PIN38','',#5,#5019,$);
#5146=CONTEXT_DEPENDENT_SHAPE_REPRESENTATION(#5147,#5149);
#5147=( REPRESENTATION_RELATIONSHIP('','',#5023,#10)REPRESENTATION_RELATIONSHIP_WITH_TRANSFORMATION(#5148)SHAPE_REPRESENTATION_RELATIONSHIP() );
#5148=ITEM_DEFINED_TRANSFORMATION('','',#11,#125);
#5149=PRODUCT_DEFINITION_SHAPE('Placement','Placement of an item',#5150);
#5150=NEXT_ASSEMBLY_USAGE_OCCURRENCE('272','PIN4','',#5,#5019,$);
#5151=CONTEXT_DEPENDENT_SHAPE_REPRESENTATION(#5152,#5154);
#5152=( REPRESENTATION_RELATIONSHIP('','',#5023,#10)REPRESENTATION_RELATIONSHIP_WITH_TRANSFORMATION(#5153)SHAPE_REPRESENTATION_RELATIONSHIP() );
#5153=ITEM_DEFINED_TRANSFORMATION('','',#11,#127);
#5154=PRODUCT_DEFINITION_SHAPE('Placement','Placement of an item',#5155);
#5155=NEXT_ASSEMBLY_USAGE_OCCURRENCE('273','PIN37','',#5,#5019,$);
#5156=CONTEXT_DEPENDENT_SHAPE_REPRESENTATION(#5157,#5159);
#5157=( REPRESENTATION_RELATIONSHIP('','',#5023,#10)REPRESENTATION_RELATIONSHIP_WITH_TRANSFORMATION(#5158)SHAPE_REPRESENTATION_RELATIONSHIP() );
#5158=ITEM_DEFINED_TRANSFORMATION('','',#11,#129);
#5159=PRODUCT_DEFINITION_SHAPE('Placement','Placement of an item',#5160);
#5160=NEXT_ASSEMBLY_USAGE_OCCURRENCE('274','PIN5','',#5,#5019,$);
#5161=CONTEXT_DEPENDENT_SHAPE_REPRESENTATION(#5162,#5164);
#5162=( REPRESENTATION_RELATIONSHIP('','',#5023,#10)REPRESENTATION_RELATIONSHIP_WITH_TRANSFORMATION(#5163)SHAPE_REPRESENTATION_RELATIONSHIP() );
#5163=ITEM_DEFINED_TRANSFORMATION('','',#11,#131);
#5164=PRODUCT_DEFINITION_SHAPE('Placement','Placement of an item',#5165);
#5165=NEXT_ASSEMBLY_USAGE_OCCURRENCE('275','PIN36','',#5,#5019,$);
#5166=CONTEXT_DEPENDENT_SHAPE_REPRESENTATION(#5167,#5169);
#5167=( REPRESENTATION_RELATIONSHIP('','',#5023,#10)REPRESENTATION_RELATIONSHIP_WITH_TRANSFORMATION(#5168)SHAPE_REPRESENTATION_RELATIONSHIP() );
#5168=ITEM_DEFINED_TRANSFORMATION('','',#11,#133);
#5169=PRODUCT_DEFINITION_SHAPE('Placement','Placement of an item',#5170);
#5170=NEXT_ASSEMBLY_USAGE_OCCURRENCE('276','PIN6','',#5,#5019,$);
#5171=CONTEXT_DEPENDENT_SHAPE_REPRESENTATION(#5172,#5174);
#5172=( REPRESENTATION_RELATIONSHIP('','',#5023,#10)REPRESENTATION_RELATIONSHIP_WITH_TRANSFORMATION(#5173)SHAPE_REPRESENTATION_RELATIONSHIP() );
#5173=ITEM_DEFINED_TRANSFORMATION('','',#11,#135);
#5174=PRODUCT_DEFINITION_SHAPE('Placement','Placement of an item',#5175);
#5175=NEXT_ASSEMBLY_USAGE_OCCURRENCE('277','PIN35','',#5,#5019,$);
#5176=CONTEXT_DEPENDENT_SHAPE_REPRESENTATION(#5177,#5179);
#5177=( REPRESENTATION_RELATIONSHIP('','',#5023,#10)REPRESENTATION_RELATIONSHIP_WITH_TRANSFORMATION(#5178)SHAPE_REPRESENTATION_RELATIONSHIP() );
#5178=ITEM_DEFINED_TRANSFORMATION('','',#11,#137);
#5179=PRODUCT_DEFINITION_SHAPE('Placement','Placement of an item',#5180);
#5180=NEXT_ASSEMBLY_USAGE_OCCURRENCE('278','PIN7','',#5,#5019,$);
#5181=CONTEXT_DEPENDENT_SHAPE_REPRESENTATION(#5182,#5184);
#5182=( REPRESENTATION_RELATIONSHIP('','',#5023,#10)REPRESENTATION_RELATIONSHIP_WITH_TRANSFORMATION(#5183)SHAPE_REPRESENTATION_RELATIONSHIP() );
#5183=ITEM_DEFINED_TRANSFORMATION('','',#11,#139);
#5184=PRODUCT_DEFINITION_SHAPE('Placement','Placement of an item',#5185);
#5185=NEXT_ASSEMBLY_USAGE_OCCURRENCE('279','PIN34','',#5,#5019,$);
#5186=CONTEXT_DEPENDENT_SHAPE_REPRESENTATION(#5187,#5189);
#5187=( REPRESENTATION_RELATIONSHIP('','',#5023,#10)REPRESENTATION_RELATIONSHIP_WITH_TRANSFORMATION(#5188)SHAPE_REPRESENTATION_RELATIONSHIP() );
#5188=ITEM_DEFINED_TRANSFORMATION('','',#11,#141);
#5189=PRODUCT_DEFINITION_SHAPE('Placement','Placement of an item',#5190);
#5190=NEXT_ASSEMBLY_USAGE_OCCURRENCE('280','PIN8','',#5,#5019,$);
#5191=CONTEXT_DEPENDENT_SHAPE_REPRESENTATION(#5192,#5194);
#5192=( REPRESENTATION_RELATIONSHIP('','',#5023,#10)REPRESENTATION_RELATIONSHIP_WITH_TRANSFORMATION(#5193)SHAPE_REPRESENTATION_RELATIONSHIP() );
#5193=ITEM_DEFINED_TRANSFORMATION('','',#11,#143);
#5194=PRODUCT_DEFINITION_SHAPE('Placement','Placement of an item',#5195);
#5195=NEXT_ASSEMBLY_USAGE_OCCURRENCE('281','PIN33','',#5,#5019,$);
#5196=CONTEXT_DEPENDENT_SHAPE_REPRESENTATION(#5197,#5199);
#5197=( REPRESENTATION_RELATIONSHIP('','',#5023,#10)REPRESENTATION_RELATIONSHIP_WITH_TRANSFORMATION(#5198)SHAPE_REPRESENTATION_RELATIONSHIP() );
#5198=ITEM_DEFINED_TRANSFORMATION('','',#11,#145);
#5199=PRODUCT_DEFINITION_SHAPE('Placement','Placement of an item',#5200);
#5200=NEXT_ASSEMBLY_USAGE_OCCURRENCE('282','PIN9','',#5,#5019,$);
#5201=CONTEXT_DEPENDENT_SHAPE_REPRESENTATION(#5202,#5204);
#5202=( REPRESENTATION_RELATIONSHIP('','',#5023,#10)REPRESENTATION_RELATIONSHIP_WITH_TRANSFORMATION(#5203)SHAPE_REPRESENTATION_RELATIONSHIP() );
#5203=ITEM_DEFINED_TRANSFORMATION('','',#11,#147);
#5204=PRODUCT_DEFINITION_SHAPE('Placement','Placement of an item',#5205);
#5205=NEXT_ASSEMBLY_USAGE_OCCURRENCE('283','PIN32','',#5,#5019,$);
#5206=CONTEXT_DEPENDENT_SHAPE_REPRESENTATION(#5207,#5209);
#5207=( REPRESENTATION_RELATIONSHIP('','',#5023,#10)REPRESENTATION_RELATIONSHIP_WITH_TRANSFORMATION(#5208)SHAPE_REPRESENTATION_RELATIONSHIP() );
#5208=ITEM_DEFINED_TRANSFORMATION('','',#11,#149);
#5209=PRODUCT_DEFINITION_SHAPE('Placement','Placement of an item',#5210);
#5210=NEXT_ASSEMBLY_USAGE_OCCURRENCE('284','PIN10','',#5,#5019,$);
#5211=CONTEXT_DEPENDENT_SHAPE_REPRESENTATION(#5212,#5214);
#5212=( REPRESENTATION_RELATIONSHIP('','',#5023,#10)REPRESENTATION_RELATIONSHIP_WITH_TRANSFORMATION(#5213)SHAPE_REPRESENTATION_RELATIONSHIP() );
#5213=ITEM_DEFINED_TRANSFORMATION('','',#11,#151);
#5214=PRODUCT_DEFINITION_SHAPE('Placement','Placement of an item',#5215);
#5215=NEXT_ASSEMBLY_USAGE_OCCURRENCE('285','PIN31','',#5,#5019,$);
#5216=CONTEXT_DEPENDENT_SHAPE_REPRESENTATION(#5217,#5219);
#5217=( REPRESENTATION_RELATIONSHIP('','',#5023,#10)REPRESENTATION_RELATIONSHIP_WITH_TRANSFORMATION(#5218)SHAPE_REPRESENTATION_RELATIONSHIP() );
#5218=ITEM_DEFINED_TRANSFORMATION('','',#11,#153);
#5219=PRODUCT_DEFINITION_SHAPE('Placement','Placement of an item',#5220);
#5220=NEXT_ASSEMBLY_USAGE_OCCURRENCE('286','PIN11','',#5,#5019,$);
#5221=CONTEXT_DEPENDENT_SHAPE_REPRESENTATION(#5222,#5224);
#5222=( REPRESENTATION_RELATIONSHIP('','',#5023,#10)REPRESENTATION_RELATIONSHIP_WITH_TRANSFORMATION(#5223)SHAPE_REPRESENTATION_RELATIONSHIP() );
#5223=ITEM_DEFINED_TRANSFORMATION('','',#11,#155);
#5224=PRODUCT_DEFINITION_SHAPE('Placement','Placement of an item',#5225);
#5225=NEXT_ASSEMBLY_USAGE_OCCURRENCE('287','PIN30','',#5,#5019,$);
#5226=CONTEXT_DEPENDENT_SHAPE_REPRESENTATION(#5227,#5229);
#5227=( REPRESENTATION_RELATIONSHIP('','',#5023,#10)REPRESENTATION_RELATIONSHIP_WITH_TRANSFORMATION(#5228)SHAPE_REPRESENTATION_RELATIONSHIP() );
#5228=ITEM_DEFINED_TRANSFORMATION('','',#11,#157);
#5229=PRODUCT_DEFINITION_SHAPE('Placement','Placement of an item',#5230);
#5230=NEXT_ASSEMBLY_USAGE_OCCURRENCE('288','PIN12','',#5,#5019,$);
#5231=CONTEXT_DEPENDENT_SHAPE_REPRESENTATION(#5232,#5234);
#5232=( REPRESENTATION_RELATIONSHIP('','',#5023,#10)REPRESENTATION_RELATIONSHIP_WITH_TRANSFORMATION(#5233)SHAPE_REPRESENTATION_RELATIONSHIP() );
#5233=ITEM_DEFINED_TRANSFORMATION('','',#11,#159);
#5234=PRODUCT_DEFINITION_SHAPE('Placement','Placement of an item',#5235);
#5235=NEXT_ASSEMBLY_USAGE_OCCURRENCE('289','PIN29','',#5,#5019,$);
#5236=CONTEXT_DEPENDENT_SHAPE_REPRESENTATION(#5237,#5239);
#5237=( REPRESENTATION_RELATIONSHIP('','',#5023,#10)REPRESENTATION_RELATIONSHIP_WITH_TRANSFORMATION(#5238)SHAPE_REPRESENTATION_RELATIONSHIP() );
#5238=ITEM_DEFINED_TRANSFORMATION('','',#11,#161);
#5239=PRODUCT_DEFINITION_SHAPE('Placement','Placement of an item',#5240);
#5240=NEXT_ASSEMBLY_USAGE_OCCURRENCE('290','PIN13','',#5,#5019,$);
#5241=CONTEXT_DEPENDENT_SHAPE_REPRESENTATION(#5242,#5244);
#5242=( REPRESENTATION_RELATIONSHIP('','',#5023,#10)REPRESENTATION_RELATIONSHIP_WITH_TRANSFORMATION(#5243)SHAPE_REPRESENTATION_RELATIONSHIP() );
#5243=ITEM_DEFINED_TRANSFORMATION('','',#11,#163);
#5244=PRODUCT_DEFINITION_SHAPE('Placement','Placement of an item',#5245);
#5245=NEXT_ASSEMBLY_USAGE_OCCURRENCE('291','PIN28','',#5,#5019,$);
#5246=CONTEXT_DEPENDENT_SHAPE_REPRESENTATION(#5247,#5249);
#5247=( REPRESENTATION_RELATIONSHIP('','',#5023,#10)REPRESENTATION_RELATIONSHIP_WITH_TRANSFORMATION(#5248)SHAPE_REPRESENTATION_RELATIONSHIP() );
#5248=ITEM_DEFINED_TRANSFORMATION('','',#11,#165);
#5249=PRODUCT_DEFINITION_SHAPE('Placement','Placement of an item',#5250);
#5250=NEXT_ASSEMBLY_USAGE_OCCURRENCE('292','PIN14','',#5,#5019,$);
#5251=CONTEXT_DEPENDENT_SHAPE_REPRESENTATION(#5252,#5254);
#5252=( REPRESENTATION_RELATIONSHIP('','',#5023,#10)REPRESENTATION_RELATIONSHIP_WITH_TRANSFORMATION(#5253)SHAPE_REPRESENTATION_RELATIONSHIP() );
#5253=ITEM_DEFINED_TRANSFORMATION('','',#11,#167);
#5254=PRODUCT_DEFINITION_SHAPE('Placement','Placement of an item',#5255);
#5255=NEXT_ASSEMBLY_USAGE_OCCURRENCE('293','PIN27','',#5,#5019,$);
#5256=CONTEXT_DEPENDENT_SHAPE_REPRESENTATION(#5257,#5259);
#5257=( REPRESENTATION_RELATIONSHIP('','',#5023,#10)REPRESENTATION_RELATIONSHIP_WITH_TRANSFORMATION(#5258)SHAPE_REPRESENTATION_RELATIONSHIP() );
#5258=ITEM_DEFINED_TRANSFORMATION('','',#11,#169);
#5259=PRODUCT_DEFINITION_SHAPE('Placement','Placement of an item',#5260);
#5260=NEXT_ASSEMBLY_USAGE_OCCURRENCE('294','PIN15','',#5,#5019,$);
#5261=CONTEXT_DEPENDENT_SHAPE_REPRESENTATION(#5262,#5264);
#5262=( REPRESENTATION_RELATIONSHIP('','',#5023,#10)REPRESENTATION_RELATIONSHIP_WITH_TRANSFORMATION(#5263)SHAPE_REPRESENTATION_RELATIONSHIP() );
#5263=ITEM_DEFINED_TRANSFORMATION('','',#11,#171);
#5264=PRODUCT_DEFINITION_SHAPE('Placement','Placement of an item',#5265);
#5265=NEXT_ASSEMBLY_USAGE_OCCURRENCE('295','PIN26','',#5,#5019,$);
#5266=CONTEXT_DEPENDENT_SHAPE_REPRESENTATION(#5267,#5269);
#5267=( REPRESENTATION_RELATIONSHIP('','',#5023,#10)REPRESENTATION_RELATIONSHIP_WITH_TRANSFORMATION(#5268)SHAPE_REPRESENTATION_RELATIONSHIP() );
#5268=ITEM_DEFINED_TRANSFORMATION('','',#11,#173);
#5269=PRODUCT_DEFINITION_SHAPE('Placement','Placement of an item',#5270);
#5270=NEXT_ASSEMBLY_USAGE_OCCURRENCE('296','PIN16','',#5,#5019,$);
#5271=CONTEXT_DEPENDENT_SHAPE_REPRESENTATION(#5272,#5274);
#5272=( REPRESENTATION_RELATIONSHIP('','',#5023,#10)REPRESENTATION_RELATIONSHIP_WITH_TRANSFORMATION(#5273)SHAPE_REPRESENTATION_RELATIONSHIP() );
#5273=ITEM_DEFINED_TRANSFORMATION('','',#11,#175);
#5274=PRODUCT_DEFINITION_SHAPE('Placement','Placement of an item',#5275);
#5275=NEXT_ASSEMBLY_USAGE_OCCURRENCE('297','PIN25','',#5,#5019,$);
#5276=CONTEXT_DEPENDENT_SHAPE_REPRESENTATION(#5277,#5279);
#5277=( REPRESENTATION_RELATIONSHIP('','',#5023,#10)REPRESENTATION_RELATIONSHIP_WITH_TRANSFORMATION(#5278)SHAPE_REPRESENTATION_RELATIONSHIP() );
#5278=ITEM_DEFINED_TRANSFORMATION('','',#11,#177);
#5279=PRODUCT_DEFINITION_SHAPE('Placement','Placement of an item',#5280);
#5280=NEXT_ASSEMBLY_USAGE_OCCURRENCE('298','PIN17','',#5,#5019,$);
#5281=CONTEXT_DEPENDENT_SHAPE_REPRESENTATION(#5282,#5284);
#5282=( REPRESENTATION_RELATIONSHIP('','',#5023,#10)REPRESENTATION_RELATIONSHIP_WITH_TRANSFORMATION(#5283)SHAPE_REPRESENTATION_RELATIONSHIP() );
#5283=ITEM_DEFINED_TRANSFORMATION('','',#11,#179);
#5284=PRODUCT_DEFINITION_SHAPE('Placement','Placement of an item',#5285);
#5285=NEXT_ASSEMBLY_USAGE_OCCURRENCE('299','PIN24','',#5,#5019,$);
#5286=CONTEXT_DEPENDENT_SHAPE_REPRESENTATION(#5287,#5289);
#5287=( REPRESENTATION_RELATIONSHIP('','',#5023,#10)REPRESENTATION_RELATIONSHIP_WITH_TRANSFORMATION(#5288)SHAPE_REPRESENTATION_RELATIONSHIP() );
#5288=ITEM_DEFINED_TRANSFORMATION('','',#11,#181);
#5289=PRODUCT_DEFINITION_SHAPE('Placement','Placement of an item',#5290);
#5290=NEXT_ASSEMBLY_USAGE_OCCURRENCE('300','PIN18','',#5,#5019,$);
#5291=CONTEXT_DEPENDENT_SHAPE_REPRESENTATION(#5292,#5294);
#5292=( REPRESENTATION_RELATIONSHIP('','',#5023,#10)REPRESENTATION_RELATIONSHIP_WITH_TRANSFORMATION(#5293)SHAPE_REPRESENTATION_RELATIONSHIP() );
#5293=ITEM_DEFINED_TRANSFORMATION('','',#11,#183);
#5294=PRODUCT_DEFINITION_SHAPE('Placement','Placement of an item',#5295);
#5295=NEXT_ASSEMBLY_USAGE_OCCURRENCE('301','PIN23','',#5,#5019,$);
#5296=CONTEXT_DEPENDENT_SHAPE_REPRESENTATION(#5297,#5299);
#5297=( REPRESENTATION_RELATIONSHIP('','',#5023,#10)REPRESENTATION_RELATIONSHIP_WITH_TRANSFORMATION(#5298)SHAPE_REPRESENTATION_RELATIONSHIP() );
#5298=ITEM_DEFINED_TRANSFORMATION('','',#11,#185);
#5299=PRODUCT_DEFINITION_SHAPE('Placement','Placement of an item',#5300);
#5300=NEXT_ASSEMBLY_USAGE_OCCURRENCE('302','PIN19','',#5,#5019,$);
#5301=CONTEXT_DEPENDENT_SHAPE_REPRESENTATION(#5302,#5304);
#5302=( REPRESENTATION_RELATIONSHIP('','',#5023,#10)REPRESENTATION_RELATIONSHIP_WITH_TRANSFORMATION(#5303)SHAPE_REPRESENTATION_RELATIONSHIP() );
#5303=ITEM_DEFINED_TRANSFORMATION('','',#11,#187);
#5304=PRODUCT_DEFINITION_SHAPE('Placement','Placement of an item',#5305);
#5305=NEXT_ASSEMBLY_USAGE_OCCURRENCE('303','PIN22','',#5,#5019,$);
#5306=CONTEXT_DEPENDENT_SHAPE_REPRESENTATION(#5307,#5309);
#5307=( REPRESENTATION_RELATIONSHIP('','',#5023,#10)REPRESENTATION_RELATIONSHIP_WITH_TRANSFORMATION(#5308)SHAPE_REPRESENTATION_RELATIONSHIP() );
#5308=ITEM_DEFINED_TRANSFORMATION('','',#11,#189);
#5309=PRODUCT_DEFINITION_SHAPE('Placement','Placement of an item',#5310);
#5310=NEXT_ASSEMBLY_USAGE_OCCURRENCE('304','PIN20','',#5,#5019,$);
#5311=CONTEXT_DEPENDENT_SHAPE_REPRESENTATION(#5312,#5314);
#5312=( REPRESENTATION_RELATIONSHIP('','',#5023,#10)REPRESENTATION_RELATIONSHIP_WITH_TRANSFORMATION(#5313)SHAPE_REPRESENTATION_RELATIONSHIP() );
#5313=ITEM_DEFINED_TRANSFORMATION('','',#11,#191);
#5314=PRODUCT_DEFINITION_SHAPE('Placement','Placement of an item',#5315);
#5315=NEXT_ASSEMBLY_USAGE_OCCURRENCE('305','PIN21','',#5,#5019,$);
#5316=CONTEXT_DEPENDENT_SHAPE_REPRESENTATION(#5317,#5319);
#5317=( REPRESENTATION_RELATIONSHIP('','',#5023,#10)REPRESENTATION_RELATIONSHIP_WITH_TRANSFORMATION(#5318)SHAPE_REPRESENTATION_RELATIONSHIP() );
#5318=ITEM_DEFINED_TRANSFORMATION('','',#11,#193);
#5319=PRODUCT_DEFINITION_SHAPE('Placement','Placement of an item',#5320);
#5320=NEXT_ASSEMBLY_USAGE_OCCURRENCE('306','DBGPIN1','',#5,#5019,$);
#5321=CONTEXT_DEPENDENT_SHAPE_REPRESENTATION(#5322,#5324);
#5322=( REPRESENTATION_RELATIONSHIP('','',#5023,#10)REPRESENTATION_RELATIONSHIP_WITH_TRANSFORMATION(#5323)SHAPE_REPRESENTATION_RELATIONSHIP() );
#5323=ITEM_DEFINED_TRANSFORMATION('','',#11,#195);
#5324=PRODUCT_DEFINITION_SHAPE('Placement','Placement of an item',#5325);
#5325=NEXT_ASSEMBLY_USAGE_OCCURRENCE('307','DBGPIN2','',#5,#5019,$);
#5326=CONTEXT_DEPENDENT_SHAPE_REPRESENTATION(#5327,#5329);
#5327=( REPRESENTATION_RELATIONSHIP('','',#5023,#10)REPRESENTATION_RELATIONSHIP_WITH_TRANSFORMATION(#5328)SHAPE_REPRESENTATION_RELATIONSHIP() );
#5328=ITEM_DEFINED_TRANSFORMATION('','',#11,#197);
#5329=PRODUCT_DEFINITION_SHAPE('Placement','Placement of an item',#5330);
#5330=NEXT_ASSEMBLY_USAGE_OCCURRENCE('308','DBGPIN3','',#5,#5019,$);
#5331=MECHANICAL_DESIGN_GEOMETRIC_PRESENTATION_REPRESENTATION('',(#5332),#4297);
#5332=STYLED_ITEM('color',(#5333),#212);
#5333=PRESENTATION_STYLE_ASSIGNMENT((#5334));
#5334=SURFACE_STYLE_USAGE(.BOTH.,#5335);
#5335=SURFACE_SIDE_STYLE('',(#5336));
#5336=SURFACE_STYLE_FILL_AREA(#5337);
#5337=FILL_AREA_STYLE('',(#5338));
#5338=FILL_AREA_STYLE_COLOUR('',#5339);
#5339=COLOUR_RGB('',0.,0.803921811173,0.);
#5340=MECHANICAL_DESIGN_GEOMETRIC_PRESENTATION_REPRESENTATION('',(#5341),#5010);
#5341=STYLED_ITEM('color',(#5342),#4920);
#5342=PRESENTATION_STYLE_ASSIGNMENT((#5343));
#5343=SURFACE_STYLE_USAGE(.BOTH.,#5344);
#5344=SURFACE_SIDE_STYLE('',(#5345));
#5345=SURFACE_STYLE_FILL_AREA(#5346);
#5346=FILL_AREA_STYLE('',(#5347));
#5347=FILL_AREA_STYLE_COLOUR('',#5348);
#5348=COLOUR_RGB('',0.160784783862,0.160784783862,0.160784783862);
#5349=MECHANICAL_DESIGN_GEOMETRIC_PRESENTATION_REPRESENTATION('',(#5350),#4901);
#5350=STYLED_ITEM('color',(#5342),#4811);
#5351=MECHANICAL_DESIGN_GEOMETRIC_PRESENTATION_REPRESENTATION('',(#5352),#4483);
#5352=STYLED_ITEM('color',(#5353),#4312);
#5353=PRESENTATION_STYLE_ASSIGNMENT((#5354));
#5354=SURFACE_STYLE_USAGE(.BOTH.,#5355);
#5355=SURFACE_SIDE_STYLE('',(#5356));
#5356=SURFACE_STYLE_FILL_AREA(#5357);
#5357=FILL_AREA_STYLE('',(#5358));
#5358=FILL_AREA_STYLE_COLOUR('',#5359);
#5359=COLOUR_RGB('',0.93333302716,0.788235051098,0.);
#5360=MECHANICAL_DESIGN_GEOMETRIC_PRESENTATION_REPRESENTATION('',(#5361),#5114);
#5361=STYLED_ITEM('color',(#5362),#5024);
#5362=PRESENTATION_STYLE_ASSIGNMENT((#5363));
#5363=SURFACE_STYLE_USAGE(.BOTH.,#5364);
#5364=SURFACE_SIDE_STYLE('',(#5365));
#5365=SURFACE_STYLE_FILL_AREA(#5366);
#5366=FILL_AREA_STYLE('',(#5367));
#5367=FILL_AREA_STYLE_COLOUR('',#5368);
#5368=COLOUR_RGB('',0.862744829005,0.862744829005,0.862744829005);
#5369=MECHANICAL_DESIGN_GEOMETRIC_PRESENTATION_REPRESENTATION('',(#5370),#4797);
#5370=STYLED_ITEM('color',(#5362),#4707);
ENDSEC;
END-ISO-10303-21;
